#pragma once
#include <stdint.h>
// Auto-generated from image.png (258x240 RGB565)
#define IMG_W 258
#define IMG_H 240
static const uint16_t IMG_DATA[IMG_W * IMG_H] = {
  0x0000, 0x0000, 0x0000, 0x0000, 0x0000, 0x0000, 0x0000, 0x0000, 0x0000, 0x0000, 0x0000, 0x0000,
  0x0000, 0x0000, 0x0000, 0x0000, 0x0000, 0x0000, 0x0000, 0x0000, 0x0000, 0x0000, 0x0000, 0x0000,
  0x0000, 0x0000, 0x0000, 0x0000, 0x0000, 0x0000, 0x0000, 0x0000, 0x0000, 0x0000, 0x0000, 0x0000,
  0x0000, 0x0000, 0x0000, 0x0000, 0x0000, 0x0000, 0x0000, 0x0000, 0x0000, 0x0000, 0x0000, 0x0000,
  0x0000, 0x0000, 0x0000, 0x0000, 0x0000, 0x0000, 0x0000, 0x0000, 0x0000, 0x0000, 0x0000, 0x0000,
  0x0000, 0x0000, 0x0000, 0x0000, 0x0000, 0x0000, 0x0000, 0x0000, 0x0000, 0x0000, 0x0000, 0x0000,
  0x0000, 0x0000, 0x0000, 0x0000, 0x0000, 0x0000, 0x0000, 0x0000, 0x0000, 0x0000, 0x0000, 0x0000,
  0x0000, 0x0000, 0x0000, 0x0000, 0x0000, 0x0000, 0x0000, 0x0000, 0x0000, 0x0000, 0x0000, 0x0000,
  0x0000, 0x0000, 0x0000, 0x0000, 0x0000, 0x0000, 0x0000, 0x0000, 0x0000, 0x0000, 0x0000, 0x0000,
  0x0000, 0x0000, 0x0000, 0x0000, 0x0000, 0x0000, 0x0000, 0x0000, 0x0000, 0x0000, 0x0000, 0x0000,
  0x0000, 0x0000, 0x0000, 0x0000, 0x0000, 0x0000, 0x0000, 0x0000, 0x0000, 0x0000, 0x0000, 0x0000,
  0x0000, 0x0000, 0x0000, 0x0000, 0x0000, 0x0000, 0x0000, 0x0000, 0x0000, 0x0000, 0x0000, 0x0000,
  0x0000, 0x0000, 0x0000, 0x0000, 0x0000, 0x0000, 0x0000, 0x0000, 0x0000, 0x0000, 0x0000, 0x0000,
  0x0000, 0x0000, 0x0000, 0x0000, 0x0000, 0x0000, 0x0000, 0x0000, 0x0000, 0x0000, 0x0000, 0x0000,
  0x0000, 0x0000, 0x0000, 0x0000, 0x0000, 0x0000, 0x0000, 0x0000, 0x0000, 0x0000, 0x0000, 0x0000,
  0x0000, 0x0000, 0x0000, 0x0000, 0x0000, 0x0000, 0x0000, 0x0000, 0x0000, 0x0000, 0x0000, 0x0000,
  0x0000, 0x0000, 0x0000, 0x0000, 0x0000, 0x0000, 0x0000, 0x0000, 0x0000, 0x0000, 0x0000, 0x0000,
  0x0000, 0x0000, 0x0000, 0x0000, 0x0000, 0x0000, 0x0000, 0x0000, 0x0000, 0x0000, 0x0000, 0x0000,
  0x0000, 0x0000, 0x0000, 0x0000, 0x0000, 0x0000, 0x0000, 0x0000, 0x0000, 0x0000, 0x0000, 0x0000,
  0x0000, 0x0000, 0x0000, 0x0000, 0x0000, 0x0000, 0x0000, 0x0000, 0x0000, 0x0000, 0x0000, 0x0000,
  0x0000, 0x0000, 0x0000, 0x0000, 0x0000, 0x0000, 0x0000, 0x0000, 0x0000, 0x0000, 0x0000, 0x0000,
  0x0000, 0x0000, 0x0000, 0x0000, 0x0000, 0x0000, 0x0000, 0x0000, 0x0000, 0x0000, 0x0000, 0x0000,
  0x0000, 0x0000, 0x0000, 0x0000, 0x0000, 0x0000, 0x0000, 0x0000, 0x0000, 0x0000, 0x0000, 0x0000,
  0x0000, 0x0000, 0x0000, 0x0000, 0x0000, 0x0000, 0x0000, 0x0000, 0x0000, 0x0000, 0x0000, 0x0000,
  0x0000, 0x0000, 0x0000, 0x0000, 0x0000, 0x0000, 0x0000, 0x0000, 0x0000, 0x0000, 0x0000, 0x0000,
  0x0000, 0x0000, 0x0000, 0x0000, 0x0000, 0x0000, 0x0000, 0x0000, 0x0000, 0x0000, 0x0000, 0x0000,
  0x0000, 0x0000, 0x0000, 0x0000, 0x0000, 0x0000, 0x0000, 0x0000, 0x0000, 0x0000, 0x0000, 0x0000,
  0x0000, 0x0000, 0x0000, 0x0000, 0x0000, 0x0000, 0x0000, 0x0000, 0x0000, 0x0000, 0x0000, 0x0000,
  0x0000, 0x0000, 0x0000, 0x0000, 0x0000, 0x0000, 0x0000, 0x0000, 0x0000, 0x0000, 0x0000, 0x0000,
  0x0000, 0x0000, 0x0000, 0x0000, 0x0000, 0x0000, 0x0000, 0x0000, 0x0000, 0x0000, 0x0000, 0x0000,
  0x0000, 0x0000, 0x0000, 0x0000, 0x0000, 0x0000, 0x0000, 0x0000, 0x0000, 0x0000, 0x0000, 0x0000,
  0x0000, 0x0000, 0x0000, 0x0000, 0x0000, 0x0000, 0x0000, 0x0000, 0x0000, 0x0000, 0x0000, 0x0000,
  0x0000, 0x0000, 0x0000, 0x0000, 0x0000, 0x0000, 0x0000, 0x0000, 0x0000, 0x0000, 0x0000, 0x0000,
  0x0000, 0x0000, 0x0000, 0x0000, 0x0000, 0x0000, 0x0000, 0x0000, 0x0000, 0x0000, 0x0000, 0x0000,
  0x0000, 0x0000, 0x0000, 0x0000, 0x0000, 0x0000, 0x0000, 0x0000, 0x0000, 0x0000, 0x0000, 0x0000,
  0x0000, 0x0000, 0x0000, 0x0000, 0x0000, 0x0000, 0x0000, 0x0000, 0x0000, 0x0000, 0x0000, 0x0000,
  0x0000, 0x0000, 0x0000, 0x0000, 0x0000, 0x0000, 0x0000, 0x0000, 0x0000, 0x0000, 0x0000, 0x0000,
  0x0000, 0x0000, 0x0000, 0x0000, 0x0000, 0x0000, 0x0000, 0x0000, 0x0000, 0x0000, 0x0000, 0x0000,
  0x0000, 0x0000, 0x0000, 0x0000, 0x0000, 0x0000, 0x0000, 0x0000, 0x0000, 0x0000, 0x0000, 0x0000,
  0x0000, 0x0000, 0x0000, 0x0000, 0x0000, 0x0000, 0x0000, 0x0000, 0x0000, 0x0000, 0x0000, 0x0000,
  0x0000, 0x0000, 0x0000, 0x0000, 0x0000, 0x0000, 0x0000, 0x0000, 0x0000, 0x0000, 0x0000, 0x0000,
  0x0000, 0x0000, 0x0000, 0x0000, 0x0000, 0x0000, 0x0000, 0x0000, 0x0000, 0x0000, 0x0000, 0x0000,
  0x0000, 0x0000, 0x0000, 0x0000, 0x0000, 0x0000, 0x0000, 0x0000, 0x0000, 0x0000, 0x0000, 0x0000,
  0x0000, 0x0000, 0x0000, 0x0000, 0x0000, 0x0000, 0x0000, 0x0000, 0x0000, 0x0000, 0x0000, 0x0000,
  0x0000, 0x0000, 0x0000, 0x0000, 0x0000, 0x0000, 0x0000, 0x0000, 0x0000, 0x0000, 0x0000, 0x0000,
  0x0000, 0x0000, 0x0000, 0x0000, 0x0000, 0x0000, 0x0000, 0x0000, 0x0000, 0x0000, 0x0000, 0x0000,
  0x0000, 0x0000, 0x0000, 0x0000, 0x0000, 0x0000, 0x0000, 0x0000, 0x0000, 0x0000, 0x0000, 0x0000,
  0x0000, 0x0000, 0x0000, 0x0000, 0x0000, 0x0000, 0x0000, 0x0000, 0x0000, 0x0000, 0x0000, 0x0000,
  0x0000, 0x0000, 0x0000, 0x0000, 0x0000, 0x0000, 0x0000, 0x0000, 0x0000, 0x0000, 0x0000, 0x0000,
  0x0000, 0x0000, 0x0000, 0x0000, 0x0000, 0x0000, 0x0000, 0x0000, 0x0000, 0x0000, 0x0000, 0x0000,
  0x0000, 0x0000, 0x0000, 0x0000, 0x0000, 0x0000, 0x0000, 0x0000, 0x0000, 0x0000, 0x0000, 0x0000,
  0x0000, 0x0000, 0x0000, 0x0000, 0x0000, 0x0000, 0x0000, 0x0000, 0x0000, 0x0000, 0x0000, 0x0000,
  0x0000, 0x0000, 0x0000, 0x0000, 0x0000, 0x0000, 0x0000, 0x0000, 0x0000, 0x0000, 0x0000, 0x0000,
  0x0000, 0x0000, 0x0000, 0x0000, 0x0000, 0x0000, 0x0000, 0x0000, 0x0000, 0x0000, 0x0000, 0x0000,
  0x0000, 0x0000, 0x0000, 0x0000, 0x0000, 0x0000, 0x0000, 0x0000, 0x0000, 0x0000, 0x0000, 0x0000,
  0x0000, 0x0000, 0x0000, 0x0000, 0x0000, 0x0000, 0x0000, 0x0000, 0x0000, 0x0000, 0x0000, 0x0000,
  0x0000, 0x0000, 0x0000, 0x0000, 0x0000, 0x0000, 0x0000, 0x0000, 0x0000, 0x0000, 0x0000, 0x0000,
  0x0000, 0x0000, 0x0000, 0x0000, 0x0000, 0x0000, 0x0000, 0x0000, 0x0000, 0x0000, 0x0000, 0x0000,
  0x0000, 0x0000, 0x0000, 0x0000, 0x0000, 0x0000, 0x0000, 0x0000, 0x0000, 0x0000, 0x0000, 0x0000,
  0x0000, 0x0000, 0x0000, 0x0000, 0x0000, 0x0000, 0x0000, 0x0000, 0x0000, 0x0000, 0x0000, 0x0000,
  0x0000, 0x0000, 0x0000, 0x0000, 0x0000, 0x0000, 0x0000, 0x0000, 0x0000, 0x0000, 0x0000, 0x0000,
  0x0000, 0x0000, 0x0000, 0x0000, 0x0000, 0x0000, 0x0000, 0x0000, 0x0000, 0x0000, 0x0000, 0x0000,
  0x0000, 0x0000, 0x0000, 0x0000, 0x0000, 0x0000, 0x0000, 0x0000, 0x0000, 0x0000, 0x0000, 0x0000,
  0x0000, 0x0000, 0x0000, 0x0000, 0x0000, 0x0000, 0x0000, 0x0000, 0x0000, 0x0000, 0x0000, 0x0000,
  0x0000, 0x0000, 0x0000, 0x0000, 0x0000, 0x0000, 0x0000, 0x0000, 0x0000, 0x0000, 0x0000, 0x0000,
  0x0000, 0x0000, 0x0000, 0x0000, 0x0000, 0x0000, 0x0000, 0x0000, 0x0000, 0x0000, 0x0000, 0x0000,
  0x0000, 0x0000, 0x0000, 0x0000, 0x0000, 0x0000, 0x0000, 0x0000, 0x0000, 0x0000, 0x0000, 0x0000,
  0x0000, 0x0000, 0x0000, 0x0000, 0x0000, 0x0000, 0x0000, 0x0000, 0x0000, 0x0000, 0x0000, 0x0000,
  0x0000, 0x0000, 0x0000, 0x0000, 0x0000, 0x0000, 0x0000, 0x0000, 0x0000, 0x0000, 0x0000, 0x0000,
  0x0000, 0x0000, 0x0000, 0x0000, 0x0000, 0x0000, 0x0000, 0x0000, 0x0000, 0x0000, 0x0000, 0x0000,
  0x0000, 0x0000, 0x0000, 0x0000, 0x0000, 0x0000, 0x0000, 0x0000, 0x0000, 0x0000, 0x0000, 0x0000,
  0x0000, 0x0000, 0x0000, 0x0000, 0x0000, 0x0000, 0x0000, 0x0000, 0x0000, 0x0000, 0x0000, 0x0000,
  0x0000, 0x0000, 0x0000, 0x0000, 0x0000, 0x0000, 0x0000, 0x0000, 0x0000, 0x0000, 0x0000, 0x0000,
  0x0000, 0x0000, 0x0000, 0x0000, 0x0000, 0x0000, 0x0000, 0x0000, 0x0000, 0x0000, 0x0000, 0x0000,
  0x0000, 0x0000, 0x0000, 0x0000, 0x0000, 0x0000, 0x0000, 0x0000, 0x0000, 0x0000, 0x0000, 0x0000,
  0x0000, 0x0000, 0x0000, 0x0000, 0x0000, 0x0000, 0x0000, 0x0000, 0x0000, 0x0000, 0x0000, 0x0000,
  0x0000, 0x0000, 0x0000, 0x0000, 0x0000, 0x0000, 0x0000, 0x0000, 0x0000, 0x0000, 0x0000, 0x0000,
  0x0000, 0x0000, 0x0000, 0x0000, 0x0000, 0x0000, 0x0000, 0x0000, 0x0000, 0x0000, 0x0000, 0x0000,
  0x0000, 0x0000, 0x0000, 0x0000, 0x0000, 0x0000, 0x0000, 0x0000, 0x0000, 0x0000, 0x0000, 0x0000,
  0x0000, 0x0000, 0x0000, 0x0000, 0x0000, 0x0000, 0x0000, 0x0000, 0x0000, 0x0000, 0x0000, 0x0000,
  0x0000, 0x0000, 0x0000, 0x0000, 0x0000, 0x0000, 0x0000, 0x0000, 0x0000, 0x0000, 0x0000, 0x0000,
  0x0000, 0x0000, 0x0000, 0x0000, 0x0000, 0x0000, 0x0000, 0x0000, 0x0000, 0x0000, 0x0000, 0x0000,
  0x0000, 0x0000, 0x0000, 0x0000, 0x0000, 0x0000, 0x0000, 0x0000, 0x0000, 0x0000, 0x0000, 0x0000,
  0x0000, 0x0000, 0x0000, 0x0000, 0x0000, 0x0000, 0x0000, 0x0000, 0x0000, 0x0000, 0x0000, 0x0000,
  0x0000, 0x0000, 0x0000, 0x0000, 0x0000, 0x0000, 0x0000, 0x0000, 0x0000, 0x0000, 0x0000, 0x0000,
  0x0000, 0x0000, 0x0000, 0x0000, 0x0000, 0x0000, 0x0000, 0x0000, 0x0000, 0x0000, 0x0000, 0x0000,
  0x0000, 0x0000, 0x0000, 0x0000, 0x0000, 0x0000, 0x0000, 0x0000, 0x0000, 0x0000, 0x0000, 0x0000,
  0x0000, 0x0000, 0x0000, 0x0000, 0x0000, 0x0000, 0x0000, 0x0000, 0x0000, 0x0000, 0x0000, 0x0000,
  0x0000, 0x0000, 0x0000, 0x0000, 0x0000, 0x0000, 0x0000, 0x0000, 0x0000, 0x0000, 0x0000, 0x0000,
  0x0000, 0x0000, 0x0000, 0x0000, 0x0000, 0x0000, 0x0000, 0x0000, 0x0000, 0x0000, 0x0000, 0x0000,
  0x0000, 0x0000, 0x0000, 0x0000, 0x0000, 0x0000, 0x0000, 0x0000, 0x0000, 0x0000, 0x0000, 0x0000,
  0x0000, 0x0000, 0x0000, 0x0000, 0x0000, 0x0000, 0x0000, 0x0000, 0x0000, 0x0000, 0x0000, 0x0000,
  0x0000, 0x0000, 0x0000, 0x0000, 0x0000, 0x0020, 0x0020, 0x0000, 0x0000, 0x0000, 0x0000, 0x0020,
  0x0000, 0x0000, 0x0020, 0x0000, 0x0000, 0x0000, 0x0020, 0x0861, 0x0861, 0x0841, 0x0841, 0x0841,
  0x0841, 0x0841, 0x0861, 0x0861, 0x0841, 0x0020, 0x0841, 0x0841, 0x0841, 0x0021, 0x0020, 0x0841,
  0x0841, 0x0841, 0x0841, 0x0841, 0x0861, 0x0861, 0x0841, 0x0841, 0x0841, 0x0841, 0x0841, 0x0841,
  0x0841, 0x0841, 0x0841, 0x0841, 0x0841, 0x0841, 0x0841, 0x0841, 0x0861, 0x0861, 0x0861, 0x0841,
  0x0020, 0x0841, 0x0020, 0x0000, 0x0000, 0x0020, 0x0020, 0x0000, 0x0000, 0x0000, 0x0000, 0x0000,
  0x0020, 0x0000, 0x0000, 0x0000, 0x0000, 0x0000, 0x0000, 0x0000, 0x0000, 0x0000, 0x0000, 0x0000,
  0x0000, 0x0000, 0x0000, 0x0000, 0x0000, 0x0000, 0x0000, 0x0000, 0x0000, 0x0000, 0x0000, 0x0000,
  0x0000, 0x0000, 0x0020, 0x0841, 0x0000, 0x0000, 0x0000, 0x0000, 0x0000, 0x0000, 0x0000, 0x0000,
  0x0000, 0x0000, 0x0000, 0x0000, 0x0000, 0x0000, 0x0000, 0x0000, 0x0000, 0x0000, 0x0000, 0x0000,
  0x0000, 0x0000, 0x0000, 0x0000, 0x0000, 0x0000, 0x0000, 0x0000, 0x0000, 0x0000, 0x0000, 0x0000,
  0x0000, 0x0000, 0x0000, 0x0000, 0x0000, 0x0000, 0x0000, 0x0000, 0x0000, 0x0000, 0x0000, 0x0000,
  0x0000, 0x0000, 0x0000, 0x0000, 0x0000, 0x0000, 0x0000, 0x0000, 0x0000, 0x0000, 0x0000, 0x0000,
  0x0000, 0x0000, 0x0000, 0x0000, 0x0000, 0x0000, 0x0000, 0x0000, 0x0000, 0x0000, 0x0000, 0x0000,
  0x0000, 0x0000, 0x0000, 0x0000, 0x0000, 0x0000, 0x0000, 0x0000, 0x0000, 0x0000, 0x0000, 0x0000,
  0x0000, 0x0000, 0x0000, 0x0000, 0x0000, 0x0000, 0x0000, 0x0000, 0x0000, 0x0000, 0x0000, 0x0000,
  0x0000, 0x0000, 0x0000, 0x0000, 0x0000, 0x0000, 0x0000, 0x0000, 0x0000, 0x0000, 0x0000, 0x0000,
  0x0000, 0x0000, 0x0000, 0x0000, 0x0000, 0x0000, 0x0000, 0x0000, 0x0000, 0x0000, 0x0000, 0x0000,
  0x0000, 0x0000, 0x0000, 0x0000, 0x0000, 0x0000, 0x0000, 0x0000, 0x0000, 0x0000, 0x0000, 0x0000,
  0x0000, 0x0000, 0x0000, 0x0000, 0x0000, 0x0000, 0x0000, 0x0000, 0x0000, 0x0000, 0x0000, 0x0000,
  0x0000, 0x0000, 0x0000, 0x0000, 0x0000, 0x0000, 0x0000, 0x0000, 0x0000, 0x0000, 0x0000, 0x0000,
  0x0000, 0x0000, 0x0000, 0x0000, 0x0000, 0x0000, 0x0000, 0x0000, 0x0020, 0x0000, 0x10A2, 0x2945,
  0x2124, 0x18E3, 0x0020, 0x0020, 0x0000, 0x18C3, 0x10A2, 0x18E3, 0x31A6, 0x2124, 0x2124, 0x2104,
  0x2124, 0x4A49, 0x4228, 0x4A69, 0x4A49, 0x39C7, 0x39C7, 0x3186, 0x4A69, 0x4A69, 0x4228, 0x39C7,
  0x39E7, 0x39C7, 0x4A49, 0x31A7, 0x4A29, 0x4228, 0x4A49, 0x39E7, 0x4228, 0x39C7, 0x39E7, 0x39E7,
  0x39E7, 0x4208, 0x4208, 0x39E7, 0x4A49, 0x4228, 0x4228, 0x4208, 0x39E7, 0x39E7, 0x4208, 0x4229,
  0x4228, 0x4228, 0x4208, 0x4208, 0x4228, 0x39E7, 0x4208, 0x39C7, 0x18C3, 0x10A2, 0x0861, 0x0000,
  0x0000, 0x0000, 0x0000, 0x0000, 0x0020, 0x0000, 0x0000, 0x0000, 0x0000, 0x0000, 0x0020, 0x0020,
  0x0020, 0x0000, 0x0000, 0x0020, 0x0000, 0x0000, 0x0000, 0x0000, 0x0000, 0x0000, 0x0000, 0x0000,
  0x0000, 0x0000, 0x0000, 0x0000, 0x0000, 0x0020, 0x0000, 0x10A2, 0x31A6, 0x39E7, 0x0000, 0x0020,
  0x0000, 0x0000, 0x0000, 0x0000, 0x0000, 0x0000, 0x0000, 0x0000, 0x0000, 0x0000, 0x0000, 0x0000,
  0x0000, 0x0000, 0x0000, 0x0000, 0x0000, 0x0000, 0x0000, 0x0000, 0x0000, 0x0000, 0x0000, 0x0000,
  0x0000, 0x0000, 0x0000, 0x0000, 0x0000, 0x0000, 0x0000, 0x0000, 0x0000, 0x0000, 0x0000, 0x0000,
  0x0000, 0x0000, 0x0000, 0x0000, 0x0000, 0x0000, 0x0000, 0x0000, 0x0000, 0x0000, 0x0000, 0x0000,
  0x0000, 0x0000, 0x0000, 0x0000, 0x0000, 0x0000, 0x0000, 0x0000, 0x0000, 0x0000, 0x0000, 0x0000,
  0x0000, 0x0000, 0x0000, 0x0000, 0x0000, 0x0000, 0x0000, 0x0000, 0x0000, 0x0000, 0x0000, 0x0000,
  0x0000, 0x0000, 0x0000, 0x0000, 0x0000, 0x0000, 0x0000, 0x0000, 0x0000, 0x0000, 0x0000, 0x0000,
  0x0000, 0x0000, 0x0000, 0x0000, 0x0000, 0x0000, 0x0000, 0x0000, 0x0000, 0x0000, 0x0000, 0x0000,
  0x0000, 0x0000, 0x0000, 0x0000, 0x0000, 0x0000, 0x0000, 0x0000, 0x0000, 0x0000, 0x0000, 0x0000,
  0x0000, 0x0000, 0x0000, 0x0000, 0x0000, 0x0000, 0x0000, 0x0000, 0x0000, 0x0000, 0x0000, 0x0000,
  0x0000, 0x0000, 0x0000, 0x0000, 0x0000, 0x0000, 0x0000, 0x0000, 0x0000, 0x0000, 0x0000, 0x0000,
  0x0000, 0x0000, 0x0000, 0x0000, 0x0000, 0x0000, 0x0000, 0x0000, 0x0000, 0x0000, 0x0000, 0x0000,
  0x0000, 0x0000, 0x0000, 0x0000, 0x0000, 0x0000, 0x0000, 0x0000, 0x0000, 0x0000, 0x0000, 0x0000,
  0x0000, 0x0000, 0x0000, 0x0000, 0x0020, 0x0020, 0x0000, 0x0020, 0x0020, 0x0000, 0x0000, 0x18E3,
  0x2104, 0x3186, 0x2124, 0x3186, 0x2124, 0x2945, 0x2104, 0x18E3, 0x18C3, 0x2945, 0x2104, 0x2104,
  0x2124, 0x18E3, 0x10A2, 0x18E3, 0x2104, 0x2104, 0x18C3, 0x2104, 0x18E3, 0x2104, 0x2124, 0x1082,
  0x2104, 0x2945, 0x2104, 0x18C3, 0x18C3, 0x10A2, 0x2104, 0x18C3, 0x18E3, 0x18E3, 0x2104, 0x2104,
  0x2124, 0x18E3, 0x18E3, 0x18C3, 0x10A2, 0x2965, 0x18E3, 0x2104, 0x18C3, 0x10A2, 0x18C3, 0x18C3,
  0x18C3, 0x18E3, 0x10A2, 0x2124, 0x2965, 0x18E3, 0x18E3, 0x0841, 0x0020, 0x0000, 0x0000, 0x0020,
  0x1082, 0x0000, 0x0000, 0x0000, 0x0000, 0x0000, 0x0000, 0x0841, 0x0000, 0x0000, 0x0000, 0x0000,
  0x0000, 0x0000, 0x0000, 0x0000, 0x0000, 0x0000, 0x0000, 0x0000, 0x0000, 0x0000, 0x0000, 0x0000,
  0x0000, 0x0841, 0x0841, 0x0020, 0x0000, 0x0000, 0x0000, 0x0000, 0x0000, 0x0000, 0x0000, 0x0000,
  0x0000, 0x0000, 0x0000, 0x0000, 0x0000, 0x0000, 0x0000, 0x0000, 0x0000, 0x0000, 0x0000, 0x0000,
  0x0000, 0x0000, 0x0000, 0x0000, 0x0000, 0x0000, 0x0000, 0x0000, 0x0000, 0x0000, 0x0000, 0x0000,
  0x0000, 0x0000, 0x0000, 0x0000, 0x0000, 0x0000, 0x0000, 0x0000, 0x0000, 0x0000, 0x0000, 0x0000,
  0x0000, 0x0000, 0x0000, 0x0000, 0x0000, 0x0000, 0x0000, 0x0000, 0x0000, 0x0000, 0x0000, 0x0000,
  0x0000, 0x0000, 0x0000, 0x0000, 0x0000, 0x0000, 0x0000, 0x0000, 0x0000, 0x0000, 0x0000, 0x0000,
  0x0000, 0x0000, 0x0000, 0x0000, 0x0000, 0x0020, 0x0020, 0x0000, 0x0000, 0x0000, 0x0000, 0x0000,
  0x0000, 0x0000, 0x0000, 0x0000, 0x0000, 0x0000, 0x0000, 0x0000, 0x0000, 0x0000, 0x0000, 0x0000,
  0x0000, 0x0000, 0x0000, 0x0000, 0x0000, 0x0000, 0x0000, 0x0000, 0x0000, 0x0000, 0x0000, 0x0000,
  0x0000, 0x0000, 0x0000, 0x0000, 0x0000, 0x0000, 0x0000, 0x0000, 0x0000, 0x0000, 0x0000, 0x0000,
  0x0000, 0x0000, 0x0000, 0x0000, 0x0000, 0x0000, 0x0000, 0x0000, 0x0000, 0x0000, 0x0000, 0x0000,
  0x0000, 0x0000, 0x0000, 0x0000, 0x0000, 0x0000, 0x0000, 0x0000, 0x0000, 0x0000, 0x0000, 0x0000,
  0x0000, 0x0000, 0x0000, 0x0000, 0x0000, 0x0000, 0x0000, 0x0000, 0x0000, 0x0000, 0x0000, 0x0000,
  0x0000, 0x0000, 0x0000, 0x0000, 0x0000, 0x0000, 0x0000, 0x0000, 0x0000, 0x0020, 0x0000, 0x0000,
  0x0000, 0x0000, 0x2965, 0x2965, 0x2104, 0x0020, 0x0000, 0x39E7, 0x10A2, 0x2124, 0x39E7, 0x31A6,
  0x39C7, 0x3186, 0x31A6, 0x31A6, 0x39C7, 0x2965, 0x39E7, 0x3186, 0x2965, 0x3186, 0x3186, 0x39C7,
  0x3186, 0x3186, 0x31A6, 0x31A6, 0x2945, 0x2945, 0x3186, 0x31A6, 0x3186, 0x3186, 0x3186, 0x2124,
  0x2965, 0x31A6, 0x39C7, 0x3186, 0x2945, 0x2945, 0x2945, 0x2965, 0x2124, 0x2965, 0x18E3, 0x39C7,
  0x2965, 0x2965, 0x2945, 0x2945, 0x2945, 0x2965, 0x4208, 0x31A6, 0x2104, 0x10A2, 0x2104, 0x39E7,
  0x31A6, 0x2945, 0x2965, 0x3186, 0x31A6, 0x3186, 0x4228, 0x2965, 0x2124, 0x3186, 0x2124, 0x39E7,
  0x2965, 0x2124, 0x31A6, 0x18E3, 0x18C3, 0x0000, 0x0020, 0x0000, 0x0000, 0x0000, 0x0000, 0x0000,
  0x0000, 0x0000, 0x0000, 0x0000, 0x0000, 0x0000, 0x0000, 0x0000, 0x0000, 0x0000, 0x0000, 0x0000,
  0x0000, 0x0000, 0x0000, 0x0000, 0x0000, 0x0000, 0x0000, 0x0000, 0x0000, 0x0000, 0x0000, 0x0000,
  0x0000, 0x0000, 0x0000, 0x0000, 0x0000, 0x0000, 0x0000, 0x0000, 0x0000, 0x0000, 0x0000, 0x0000,
  0x0000, 0x0000, 0x0000, 0x0000, 0x0000, 0x0000, 0x0000, 0x0000, 0x0000, 0x0000, 0x0000, 0x0000,
  0x0000, 0x0000, 0x0000, 0x0000, 0x0000, 0x0000, 0x0000, 0x0000, 0x0000, 0x0000, 0x0000, 0x0000,
  0x0000, 0x0000, 0x0000, 0x0000, 0x0000, 0x0000, 0x0000, 0x0000, 0x0000, 0x0000, 0x0000, 0x0000,
  0x0000, 0x0000, 0x0000, 0x0000, 0x0000, 0x0000, 0x0000, 0x0000, 0x0000, 0x0000, 0x0000, 0x0020,
  0x0000, 0x0000, 0x0000, 0x0000, 0x0000, 0x0000, 0x0000, 0x0000, 0x0000, 0x0000, 0x0000, 0x0000,
  0x0000, 0x0000, 0x0000, 0x0000, 0x0000, 0x0000, 0x0000, 0x0000, 0x0000, 0x0000, 0x0000, 0x0000,
  0x0000, 0x0000, 0x0000, 0x0000, 0x0000, 0x0000, 0x0000, 0x0000, 0x0000, 0x0000, 0x0000, 0x0000,
  0x0000, 0x0000, 0x0000, 0x0000, 0x0000, 0x0000, 0x0000, 0x0000, 0x0000, 0x0000, 0x0000, 0x0000,
  0x0000, 0x0000, 0x0000, 0x0000, 0x0000, 0x0000, 0x0000, 0x0000, 0x0000, 0x0000, 0x0000, 0x0000,
  0x0000, 0x0000, 0x0000, 0x0000, 0x0000, 0x0000, 0x0000, 0x0000, 0x0000, 0x0000, 0x0000, 0x0000,
  0x0000, 0x0000, 0x0000, 0x0000, 0x0000, 0x0000, 0x0000, 0x0000, 0x0000, 0x0000, 0x0000, 0x0000,
  0x0000, 0x0000, 0x0020, 0x0000, 0x0841, 0x2124, 0x2965, 0x0861, 0x18E3, 0x3186, 0x39C7, 0x39C7,
  0x2124, 0x2965, 0x3186, 0x3186, 0x31A6, 0x10A2, 0x31A6, 0x10A2, 0x39E7, 0x10A2, 0x2965, 0x18C3,
  0x3186, 0x18C3, 0x2104, 0x2104, 0x2965, 0x1082, 0x2965, 0x39C7, 0x2965, 0x2945, 0x18C3, 0x4A49,
  0x2945, 0x2965, 0x18C3, 0x4A49, 0x18E3, 0x3186, 0x10A2, 0x4A49, 0x2945, 0x39C7, 0x18C3, 0x39E7,
  0x2104, 0x39C7, 0x10A2, 0x31A6, 0x0861, 0x2945, 0x2945, 0x4208, 0x18E3, 0x2965, 0x18E3, 0x2124,
  0x4A49, 0x39C7, 0x2966, 0x2945, 0x2124, 0x2104, 0x2945, 0x2965, 0x1904, 0x2124, 0x2965, 0x31A6,
  0x3186, 0x2945, 0x2945, 0x3186, 0x4A49, 0x2124, 0x2945, 0x2965, 0x39E7, 0x0861, 0x10A2, 0x0841,
  0x0000, 0x0000, 0x0000, 0x0000, 0x0000, 0x0000, 0x0000, 0x0000, 0x0000, 0x0000, 0x0000, 0x0000,
  0x0000, 0x0000, 0x0000, 0x0000, 0x0000, 0x0000, 0x0000, 0x0000, 0x0000, 0x0000, 0x0000, 0x0000,
  0x0000, 0x0000, 0x0000, 0x0000, 0x0000, 0x0000, 0x0000, 0x0000, 0x0000, 0x0000, 0x0000, 0x0000,
  0x0000, 0x0000, 0x0000, 0x0000, 0x0000, 0x0000, 0x0000, 0x0000, 0x0000, 0x0000, 0x0000, 0x0000,
  0x0000, 0x0000, 0x0000, 0x0000, 0x0000, 0x0000, 0x0000, 0x0000, 0x0000, 0x0000, 0x0000, 0x0000,
  0x0000, 0x0000, 0x0000, 0x0000, 0x0000, 0x0000, 0x0000, 0x0000, 0x0000, 0x0000, 0x0000, 0x0000,
  0x0000, 0x0000, 0x0000, 0x0000, 0x0000, 0x0000, 0x0000, 0x0000, 0x0000, 0x0000, 0x0000, 0x0000,
  0x0000, 0x0000, 0x0000, 0x0000, 0x0000, 0x0000, 0x0000, 0x0000, 0x0000, 0x0000, 0x0000, 0x0000,
  0x0000, 0x0000, 0x0000, 0x0000, 0x0000, 0x0000, 0x0000, 0x0000, 0x0000, 0x0000, 0x0000, 0x0000,
  0x0000, 0x0000, 0x0000, 0x0000, 0x0000, 0x0000, 0x0000, 0x0000, 0x0000, 0x0000, 0x0000, 0x0000,
  0x0000, 0x0000, 0x0000, 0x0000, 0x0000, 0x0000, 0x0000, 0x0000, 0x0000, 0x0000, 0x0000, 0x0000,
  0x0000, 0x0000, 0x0000, 0x0000, 0x0000, 0x0000, 0x0000, 0x0000, 0x0000, 0x0000, 0x0000, 0x0000,
  0x0000, 0x0000, 0x0000, 0x0000, 0x0000, 0x0000, 0x0000, 0x0000, 0x0000, 0x0000, 0x0000, 0x0000,
  0x0000, 0x0000, 0x0000, 0x0000, 0x0000, 0x0000, 0x0000, 0x0000, 0x0000, 0x0000, 0x0000, 0x0000,
  0x0000, 0x0000, 0x0000, 0x0000, 0x0000, 0x0000, 0x0000, 0x0000, 0x0000, 0x2104, 0x18E3, 0x2104,
  0x18E3, 0x3186, 0x2124, 0x3186, 0x2965, 0x18C3, 0x3186, 0x18E3, 0x3186, 0x2965, 0x2965, 0x2965,
  0x3186, 0x39E7, 0x3186, 0x2945, 0x3186, 0x39E7, 0x31A6, 0x2965, 0x2124, 0x31A6, 0x2965, 0x2965,
  0x39C7, 0x4208, 0x2965, 0x2945, 0x39E7, 0x39C7, 0x4208, 0x2965, 0x39E7, 0x39C7, 0x2965, 0x3186,
  0x3186, 0x39C7, 0x2965, 0x3186, 0x39C7, 0x4A49, 0x31A6, 0x39C7, 0x4208, 0x3186, 0x2124, 0x2965,
  0x4A49, 0x4228, 0x31A6, 0x39C7, 0x31A6, 0x2124, 0x2945, 0x2104, 0x18E3, 0x4208, 0x4228, 0x2124,
  0x2945, 0x2104, 0x10A2, 0x18E3, 0x3186, 0x2124, 0x2945, 0x2945, 0x3186, 0x3186, 0x31A6, 0x18C3,
  0x39C7, 0x2124, 0x2124, 0x18E3, 0x2124, 0x3186, 0x0000, 0x0020, 0x0000, 0x0000, 0x0000, 0x0000,
  0x0000, 0x0000, 0x0000, 0x0000, 0x0000, 0x0000, 0x0000, 0x0000, 0x0000, 0x0000, 0x0000, 0x0000,
  0x0000, 0x0000, 0x0000, 0x0000, 0x0000, 0x0000, 0x0000, 0x0000, 0x0000, 0x0000, 0x0000, 0x0000,
  0x0000, 0x0000, 0x0000, 0x0000, 0x0000, 0x0000, 0x0000, 0x0000, 0x0000, 0x0000, 0x0000, 0x0000,
  0x0000, 0x0000, 0x0000, 0x0000, 0x0000, 0x0000, 0x0000, 0x0000, 0x0000, 0x0000, 0x0000, 0x0000,
  0x0000, 0x0000, 0x0000, 0x0000, 0x0000, 0x0000, 0x0000, 0x0000, 0x0000, 0x0000, 0x0000, 0x0000,
  0x0000, 0x0000, 0x0000, 0x0000, 0x0000, 0x0000, 0x0000, 0x0000, 0x0000, 0x0000, 0x0000, 0x0000,
  0x0000, 0x0000, 0x0000, 0x0000, 0x0000, 0x0000, 0x0000, 0x0000, 0x0000, 0x0000, 0x0000, 0x0000,
  0x0000, 0x0000, 0x0000, 0x0000, 0x0000, 0x0000, 0x0000, 0x0000, 0x0000, 0x0000, 0x0000, 0x0000,
  0x0000, 0x0000, 0x0000, 0x0000, 0x0000, 0x0000, 0x0000, 0x0000, 0x0000, 0x0000, 0x0000, 0x0000,
  0x0000, 0x0000, 0x0000, 0x0000, 0x0000, 0x0000, 0x0000, 0x0000, 0x0000, 0x0000, 0x0000, 0x0000,
  0x0000, 0x0000, 0x0000, 0x0000, 0x0000, 0x0000, 0x0000, 0x0000, 0x0000, 0x0000, 0x0000, 0x0000,
  0x0000, 0x0000, 0x0000, 0x0000, 0x0000, 0x0000, 0x0000, 0x0000, 0x0000, 0x0000, 0x0000, 0x0000,
  0x0000, 0x0000, 0x0000, 0x0000, 0x0000, 0x0000, 0x0000, 0x0000, 0x0000, 0x0000, 0x0000, 0x0000,
  0x0000, 0x0000, 0x0000, 0x0000, 0x0000, 0x0000, 0x0000, 0x0000, 0x0000, 0x0020, 0x0000, 0x0000,
  0x0841, 0x1082, 0x39C7, 0x18C3, 0x2124, 0x31A6, 0x39C7, 0x4208, 0x18C3, 0x2104, 0x2124, 0x39C7,
  0x3186, 0x3186, 0x3186, 0x3186, 0x2965, 0x2965, 0x528A, 0x2945, 0x2945, 0x39C7, 0x3186, 0x18E3,
  0x2945, 0x2965, 0x2945, 0x1082, 0x31A6, 0x2945, 0x2945, 0x2104, 0x2104, 0x4228, 0x39E7, 0x18E3,
  0x2965, 0x3186, 0x18E3, 0x2945, 0x4208, 0x3186, 0x18E3, 0x18C3, 0x2124, 0x2965, 0x1082, 0x2945,
  0x2945, 0x2104, 0x10A2, 0x2965, 0x3186, 0x2945, 0x18E3, 0x3186, 0x39E7, 0x2104, 0x10A2, 0x39C6,
  0x2124, 0x3186, 0x18C3, 0x2104, 0x39E7, 0x39C7, 0x2965, 0x2965, 0x2965, 0x18E3, 0x2965, 0x18E3,
  0x3186, 0x31A6, 0x39C7, 0x2965, 0x0841, 0x39E7, 0x39E7, 0x3186, 0x31A6, 0x39C7, 0x10A2, 0x1082,
  0x0000, 0x0020, 0x0020, 0x0000, 0x0000, 0x0000, 0x0000, 0x0000, 0x0000, 0x0000, 0x0000, 0x0000,
  0x0000, 0x0000, 0x0000, 0x0000, 0x0000, 0x0000, 0x0000, 0x0000, 0x0000, 0x0000, 0x0000, 0x0020,
  0x0000, 0x18E3, 0x2945, 0x3186, 0x0841, 0x0020, 0x0000, 0x0000, 0x0000, 0x0000, 0x0000, 0x0000,
  0x0000, 0x0000, 0x0000, 0x0000, 0x0000, 0x0000, 0x0000, 0x0000, 0x0000, 0x0000, 0x0000, 0x0000,
  0x0000, 0x0000, 0x0000, 0x0000, 0x0000, 0x0000, 0x0000, 0x0000, 0x0000, 0x0000, 0x0000, 0x0000,
  0x0000, 0x0000, 0x0000, 0x0000, 0x0000, 0x0000, 0x0000, 0x0000, 0x0000, 0x0000, 0x0000, 0x0000,
  0x0000, 0x0000, 0x0000, 0x0000, 0x0000, 0x0000, 0x0000, 0x0000, 0x0000, 0x0000, 0x0000, 0x0000,
  0x0000, 0x0000, 0x0000, 0x0000, 0x0000, 0x0000, 0x0000, 0x0000, 0x0000, 0x0000, 0x0000, 0x0000,
  0x0000, 0x0000, 0x0000, 0x0000, 0x0000, 0x0000, 0x0000, 0x0000, 0x0000, 0x0000, 0x0000, 0x0000,
  0x0000, 0x0000, 0x0000, 0x0000, 0x0000, 0x0000, 0x0000, 0x0000, 0x0000, 0x0000, 0x0000, 0x0000,
  0x0000, 0x0000, 0x0000, 0x0000, 0x0000, 0x0000, 0x0000, 0x0000, 0x0000, 0x0000, 0x0000, 0x0000,
  0x0000, 0x0000, 0x0000, 0x0000, 0x0000, 0x0000, 0x0000, 0x0000, 0x0000, 0x0000, 0x0000, 0x0000,
  0x0000, 0x0000, 0x0000, 0x0000, 0x0000, 0x0000, 0x0000, 0x0000, 0x0000, 0x0000, 0x0000, 0x0000,
  0x0000, 0x0000, 0x0000, 0x0000, 0x0000, 0x0000, 0x0000, 0x0000, 0x0000, 0x0000, 0x0000, 0x0000,
  0x0000, 0x0000, 0x0000, 0x0000, 0x0841, 0x2124, 0x31A6, 0x31A6, 0x39C7, 0x2124, 0x2965, 0x31A6,
  0x4A49, 0x31A6, 0x2965, 0x2965, 0x2945, 0x18E3, 0x39E7, 0x18E3, 0x2104, 0x2965, 0x10A2, 0x31A6,
  0x10A2, 0x2124, 0x39C7, 0x2124, 0x10A2, 0x18E3, 0x18C3, 0x18E3, 0x18C3, 0x18C3, 0x2104, 0x1082,
  0x0861, 0x18C3, 0x10A2, 0x2104, 0x1082, 0x3186, 0x3186, 0x18C3, 0x3186, 0x39C7, 0x3186, 0x10A2,
  0x2965, 0x2104, 0x2104, 0x18E3, 0x2965, 0x2945, 0x2965, 0x2945, 0x3186, 0x3186, 0x2104, 0x2945,
  0x3186, 0x3186, 0x2945, 0x2965, 0x2124, 0x31A6, 0x3185, 0x2945, 0x2124, 0x3186, 0x31A6, 0x2104,
  0x31A6, 0x2965, 0x3186, 0x31A6, 0x31A6, 0x2965, 0x2965, 0x31A6, 0x39C7, 0x3186, 0x39C7, 0x39C7,
  0x2124, 0x31A6, 0x39C7, 0x3186, 0x2104, 0x0000, 0x0861, 0x0000, 0x0000, 0x0020, 0x0020, 0x0000,
  0x0020, 0x0020, 0x0020, 0x0020, 0x0020, 0x0000, 0x0000, 0x0000, 0x0000, 0x0000, 0x0000, 0x0000,
  0x0000, 0x0000, 0x0000, 0x0000, 0x0000, 0x0000, 0x0000, 0x0020, 0x31A6, 0x2104, 0x4208, 0x1082,
  0x0000, 0x0020, 0x0000, 0x0000, 0x0000, 0x0000, 0x0000, 0x0000, 0x0000, 0x0000, 0x0000, 0x0000,
  0x0000, 0x0000, 0x0000, 0x0000, 0x0000, 0x0000, 0x0000, 0x0000, 0x0000, 0x0000, 0x0000, 0x0000,
  0x0000, 0x0000, 0x0000, 0x0000, 0x0000, 0x0000, 0x0000, 0x0000, 0x0000, 0x0000, 0x0000, 0x0000,
  0x0000, 0x0000, 0x0000, 0x0000, 0x0000, 0x0000, 0x0000, 0x0000, 0x0000, 0x0000, 0x0000, 0x0000,
  0x0000, 0x0000, 0x0000, 0x0000, 0x0000, 0x0000, 0x0000, 0x0000, 0x0000, 0x0000, 0x0000, 0x0000,
  0x0000, 0x0000, 0x0000, 0x0000, 0x0000, 0x0000, 0x0000, 0x0000, 0x0000, 0x0000, 0x0000, 0x0000,
  0x0000, 0x0000, 0x0000, 0x0000, 0x0000, 0x0000, 0x0000, 0x0000, 0x0000, 0x0000, 0x0000, 0x0000,
  0x0000, 0x0000, 0x0000, 0x0000, 0x0000, 0x0000, 0x0000, 0x0000, 0x0000, 0x0000, 0x0000, 0x0000,
  0x0000, 0x0000, 0x0000, 0x0000, 0x0000, 0x0000, 0x0000, 0x0000, 0x0000, 0x0000, 0x0000, 0x0000,
  0x0000, 0x0000, 0x0000, 0x0000, 0x0000, 0x0000, 0x0000, 0x0000, 0x0000, 0x0000, 0x0000, 0x0000,
  0x0000, 0x0000, 0x0000, 0x0000, 0x0000, 0x0000, 0x0000, 0x0000, 0x0000, 0x0000, 0x0000, 0x0000,
  0x0000, 0x0000, 0x0000, 0x0000, 0x0000, 0x0000, 0x0020, 0x0020, 0x0841, 0x10A2, 0x31A6, 0x2124,
  0x3186, 0x2104, 0x2965, 0x3186, 0x2124, 0x2124, 0x18E3, 0x2124, 0x2124, 0x2124, 0x3186, 0x3186,
  0x2945, 0x2945, 0x2104, 0x2124, 0x39C7, 0x39C7, 0x2945, 0x2945, 0x2124, 0x10A2, 0x18C3, 0x10A2,
  0x2124, 0x18C3, 0x4208, 0x2124, 0x39E7, 0x18E3, 0x2104, 0x0861, 0x2104, 0x0020, 0x2945, 0x18E3,
  0x39C7, 0x10A2, 0x4208, 0x18C3, 0x4208, 0x2124, 0x4A49, 0x2965, 0x4208, 0x2124, 0x39C7, 0x18E3,
  0x2945, 0x2945, 0x2965, 0x3186, 0x2965, 0x39E7, 0x31A6, 0x4208, 0x2945, 0x4A49, 0x2124, 0x2945,
  0x31A6, 0x2945, 0x31A6, 0x3186, 0x2965, 0x3186, 0x3186, 0x2965, 0x3186, 0x2965, 0x3186, 0x2965,
  0x31A6, 0x2124, 0x2965, 0x2104, 0x2104, 0x0861, 0x3186, 0x2965, 0x2945, 0x2945, 0x18E3, 0x31A6,
  0x18C3, 0x18E3, 0x1082, 0x0000, 0x0000, 0x0020, 0x0000, 0x0000, 0x0000, 0x0000, 0x0000, 0x0000,
  0x0000, 0x0000, 0x0000, 0x0000, 0x0000, 0x0000, 0x0000, 0x0000, 0x0000, 0x0000, 0x0000, 0x0000,
  0x0020, 0x0000, 0x2104, 0x10A2, 0x0020, 0x0020, 0x0000, 0x0000, 0x0000, 0x0000, 0x0000, 0x0020,
  0x0000, 0x0000, 0x0000, 0x0000, 0x0000, 0x0000, 0x0000, 0x0000, 0x0000, 0x0000, 0x0000, 0x0000,
  0x0000, 0x0000, 0x0000, 0x0000, 0x0000, 0x0000, 0x0000, 0x0000, 0x0000, 0x0000, 0x0000, 0x0000,
  0x0000, 0x0000, 0x0000, 0x0000, 0x0000, 0x0000, 0x0000, 0x0000, 0x0000, 0x0000, 0x0000, 0x0000,
  0x0000, 0x0000, 0x0000, 0x0000, 0x0000, 0x0000, 0x0000, 0x0000, 0x0000, 0x0000, 0x0000, 0x0000,
  0x0000, 0x0000, 0x0000, 0x0000, 0x0000, 0x0000, 0x0000, 0x0000, 0x0000, 0x0000, 0x0000, 0x0000,
  0x0000, 0x0000, 0x0000, 0x0000, 0x0000, 0x0000, 0x0000, 0x0000, 0x0000, 0x0000, 0x0000, 0x0000,
  0x0000, 0x0000, 0x0000, 0x0000, 0x0000, 0x0000, 0x0000, 0x0000, 0x0000, 0x0000, 0x0000, 0x0000,
  0x0000, 0x0000, 0x0000, 0x0000, 0x0000, 0x0000, 0x0000, 0x0000, 0x0000, 0x0000, 0x0000, 0x0000,
  0x0000, 0x0000, 0x0000, 0x0000, 0x0000, 0x0000, 0x0000, 0x0000, 0x0000, 0x0000, 0x0000, 0x0000,
  0x0000, 0x0000, 0x0000, 0x0000, 0x0000, 0x0000, 0x0000, 0x0000, 0x0000, 0x0000, 0x0000, 0x0000,
  0x0000, 0x0000, 0x0000, 0x0000, 0x0000, 0x0000, 0x0000, 0x0000, 0x0000, 0x0000, 0x0020, 0x0020,
  0x0000, 0x0841, 0x3186, 0x2945, 0x39E7, 0x2945, 0x18E3, 0x31A6, 0x31A6, 0x2965, 0x18C3, 0x2104,
  0x2945, 0x2965, 0x2965, 0x39E7, 0x2124, 0x10A2, 0x3186, 0x2124, 0x18E3, 0x2124, 0x3186, 0x2965,
  0x2125, 0x3186, 0x31A6, 0x2124, 0x18E3, 0x31A6, 0x39C7, 0x4208, 0x4208, 0x18C3, 0x2124, 0x2945,
  0x2124, 0x2104, 0x2104, 0x18C3, 0x39C7, 0x4A49, 0x3186, 0x2945, 0x31A6, 0x3186, 0x4208, 0x39C7,
  0x2966, 0x4208, 0x39C7, 0x31A6, 0x3186, 0x2945, 0x3186, 0x39C7, 0x4208, 0x4208, 0x39C7, 0x4208,
  0x4208, 0x4208, 0x39E7, 0x2945, 0x3186, 0x3186, 0x2104, 0x2945, 0x2945, 0x2124, 0x3186, 0x3186,
  0x39C7, 0x0841, 0x3186, 0x2945, 0x3186, 0x2965, 0x2945, 0x31A6, 0x2965, 0x2965, 0x2104, 0x31A6,
  0x39C6, 0x2104, 0x4208, 0x2124, 0x3186, 0x2104, 0x3186, 0x3186, 0x1082, 0x2104, 0x18C3, 0x10A2,
  0x3186, 0x2965, 0x2945, 0x18E3, 0x18E3, 0x0000, 0x0020, 0x0020, 0x0000, 0x0000, 0x0000, 0x0000,
  0x0000, 0x0000, 0x0000, 0x0000, 0x0000, 0x0000, 0x0000, 0x0000, 0x0000, 0x0000, 0x0000, 0x0000,
  0x0020, 0x0020, 0x0020, 0x0020, 0x0861, 0x0000, 0x0020, 0x0000, 0x0000, 0x0000, 0x0000, 0x0000,
  0x0000, 0x0000, 0x0000, 0x0000, 0x0000, 0x0000, 0x0000, 0x0000, 0x0000, 0x0000, 0x0000, 0x0000,
  0x0000, 0x0000, 0x0000, 0x0000, 0x0000, 0x0000, 0x0000, 0x0000, 0x0000, 0x0000, 0x0000, 0x0000,
  0x0000, 0x0000, 0x0000, 0x0000, 0x0000, 0x0000, 0x0000, 0x0000, 0x0020, 0x0020, 0x0000, 0x0000,
  0x0000, 0x0000, 0x0000, 0x0000, 0x0000, 0x0000, 0x0000, 0x0000, 0x0000, 0x0000, 0x0000, 0x0000,
  0x0000, 0x0000, 0x0000, 0x0000, 0x0000, 0x0000, 0x0000, 0x0000, 0x0000, 0x0000, 0x0000, 0x0000,
  0x0000, 0x0000, 0x0000, 0x0000, 0x0000, 0x0000, 0x0000, 0x0000, 0x0000, 0x0000, 0x0000, 0x0000,
  0x0000, 0x0000, 0x0000, 0x0000, 0x0000, 0x0000, 0x0000, 0x0000, 0x0000, 0x0000, 0x0000, 0x0000,
  0x0000, 0x0000, 0x0000, 0x0000, 0x0000, 0x0000, 0x0000, 0x0000, 0x0000, 0x0000, 0x0000, 0x0000,
  0x0000, 0x0000, 0x0000, 0x0000, 0x0000, 0x0000, 0x0000, 0x0000, 0x0000, 0x0000, 0x0000, 0x0000,
  0x0000, 0x0000, 0x0000, 0x0000, 0x0000, 0x0000, 0x0000, 0x0000, 0x0000, 0x0000, 0x0000, 0x0000,
  0x0000, 0x0000, 0x0000, 0x0020, 0x0000, 0x0000, 0x2124, 0x2124, 0x2965, 0x18C3, 0x2124, 0x3186,
  0x2104, 0x18C3, 0x2945, 0x4208, 0x2945, 0x10A2, 0x2965, 0x18C3, 0x2945, 0x39C7, 0x0841, 0x2945,
  0x2965, 0x2104, 0x10A2, 0x2124, 0x2104, 0x18E3, 0x0861, 0x18E3, 0x18C3, 0x18C3, 0x18C3, 0x10A2,
  0x31A6, 0x18C3, 0x0861, 0x18E3, 0x10A2, 0x2124, 0x2124, 0x2124, 0x2124, 0x2104, 0x2945, 0x2965,
  0x31A6, 0x18E3, 0x2945, 0x3186, 0x3186, 0x18E3, 0x3186, 0x3186, 0x3186, 0x18C3, 0x3186, 0x3186,
  0x3186, 0x1082, 0x10A2, 0x18E3, 0x1082, 0x18C3, 0x39C7, 0x2965, 0x2945, 0x2124, 0x2124, 0x2124,
  0x4228, 0x3186, 0x2965, 0x3186, 0x2965, 0x31A6, 0x2945, 0x2945, 0x39C7, 0x3186, 0x2965, 0x31A6,
  0x2104, 0x2104, 0x39C7, 0x2945, 0x2124, 0x3186, 0x2124, 0x3186, 0x39C7, 0x18E3, 0x31A6, 0x2124,
  0x4228, 0x3186, 0x2124, 0x2965, 0x2945, 0x2945, 0x2104, 0x4208, 0x2945, 0x2104, 0x39C7, 0x10A2,
  0x31A6, 0x18E3, 0x0000, 0x0020, 0x0000, 0x0000, 0x0000, 0x0000, 0x0000, 0x0000, 0x0000, 0x0000,
  0x0000, 0x0000, 0x0020, 0x0020, 0x0000, 0x0861, 0x2124, 0x4208, 0x0841, 0x10A2, 0x4208, 0x0861,
  0x0000, 0x0000, 0x0020, 0x0000, 0x0000, 0x0000, 0x0000, 0x0000, 0x0000, 0x0000, 0x0000, 0x0000,
  0x0000, 0x0000, 0x0000, 0x0000, 0x0000, 0x0000, 0x0000, 0x0000, 0x0000, 0x0000, 0x0000, 0x0000,
  0x0000, 0x0000, 0x0000, 0x0000, 0x0000, 0x0000, 0x0000, 0x0000, 0x0000, 0x0000, 0x0000, 0x0000,
  0x0000, 0x0000, 0x0020, 0x0020, 0x0000, 0x0000, 0x0000, 0x0000, 0x0000, 0x0000, 0x0000, 0x0000,
  0x0000, 0x0000, 0x0000, 0x0000, 0x0000, 0x0000, 0x0000, 0x0000, 0x0000, 0x0000, 0x0000, 0x0000,
  0x0000, 0x0000, 0x0000, 0x0000, 0x0000, 0x0000, 0x0000, 0x0000, 0x0000, 0x0000, 0x0000, 0x0000,
  0x0000, 0x0000, 0x0000, 0x0000, 0x0000, 0x0000, 0x0000, 0x0000, 0x0000, 0x0000, 0x0000, 0x0000,
  0x0000, 0x0000, 0x0000, 0x0000, 0x0000, 0x0000, 0x0000, 0x0000, 0x0000, 0x0000, 0x0000, 0x0000,
  0x0000, 0x0000, 0x0000, 0x0000, 0x0000, 0x0000, 0x0000, 0x0000, 0x0000, 0x0000, 0x0000, 0x0000,
  0x0000, 0x0000, 0x0000, 0x0000, 0x0000, 0x0000, 0x0000, 0x0000, 0x0000, 0x0000, 0x0000, 0x0000,
  0x0000, 0x0000, 0x0000, 0x0000, 0x0000, 0x0000, 0x0000, 0x0000, 0x0000, 0x0000, 0x2945, 0x2124,
  0x31A6, 0x31A6, 0x31A6, 0x2124, 0x2945, 0x4228, 0x2945, 0x4208, 0x39C7, 0x2104, 0x2965, 0x2945,
  0x18E3, 0x2965, 0x2124, 0x18C3, 0x3186, 0x2124, 0x3186, 0x2124, 0x2945, 0x39E7, 0x2965, 0x39C7,
  0x39E7, 0x31A6, 0x39E7, 0x2104, 0x3186, 0x2104, 0x18E3, 0x3186, 0x2965, 0x528A, 0x2945, 0x3186,
  0x31A6, 0x31A6, 0x2104, 0x3186, 0x2965, 0x31A6, 0x18C3, 0x31A6, 0x2945, 0x4228, 0x2945, 0x39C7,
  0x3185, 0x39E7, 0x2965, 0x39C7, 0x2104, 0x18E3, 0x2124, 0x10A2, 0x0861, 0x1082, 0x10A2, 0x18C3,
  0x2104, 0x18E3, 0x2104, 0x2124, 0x1082, 0x10A2, 0x10A2, 0x3186, 0x18C3, 0x39C7, 0x2124, 0x2104,
  0x2124, 0x31A6, 0x39C7, 0x2104, 0x31A6, 0x2965, 0x39C7, 0x31A6, 0x31A6, 0x18C3, 0x2945, 0x31A6,
  0x2945, 0x3186, 0x0882, 0x31C6, 0x2945, 0x2945, 0x3186, 0x18E3, 0x3186, 0x3186, 0x31A6, 0x2124,
  0x31A6, 0x2965, 0x2945, 0x2945, 0x10A2, 0x18E3, 0x31A6, 0x18E3, 0x0000, 0x0020, 0x0000, 0x0000,
  0x0000, 0x0000, 0x0000, 0x0000, 0x0000, 0x0000, 0x0000, 0x0000, 0x0000, 0x0000, 0x0000, 0x0020,
  0x0020, 0x0841, 0x0000, 0x31A6, 0x2104, 0x39E7, 0x18E3, 0x0020, 0x0000, 0x0000, 0x0000, 0x0000,
  0x0000, 0x0000, 0x0000, 0x0000, 0x0000, 0x0000, 0x0000, 0x0000, 0x0000, 0x0000, 0x0000, 0x0000,
  0x0000, 0x0000, 0x0000, 0x0000, 0x0000, 0x0000, 0x0000, 0x0000, 0x0000, 0x0000, 0x0000, 0x0000,
  0x0000, 0x0000, 0x0000, 0x0000, 0x0000, 0x0000, 0x0000, 0x0000, 0x0000, 0x0000, 0x0000, 0x0000,
  0x0000, 0x0000, 0x0000, 0x0000, 0x0000, 0x0000, 0x0000, 0x0000, 0x0000, 0x0000, 0x0000, 0x0000,
  0x0000, 0x0000, 0x0000, 0x0000, 0x0000, 0x0000, 0x0000, 0x0000, 0x0000, 0x0000, 0x0000, 0x0000,
  0x0000, 0x0000, 0x0000, 0x0000, 0x0000, 0x0000, 0x0000, 0x0000, 0x0000, 0x0000, 0x0000, 0x0000,
  0x0000, 0x0000, 0x0000, 0x0000, 0x0000, 0x0000, 0x0000, 0x0000, 0x0000, 0x0000, 0x0000, 0x0000,
  0x0000, 0x0000, 0x0000, 0x0000, 0x0000, 0x0000, 0x0000, 0x0000, 0x0000, 0x0000, 0x0000, 0x0020,
  0x0000, 0x0000, 0x0000, 0x0000, 0x0000, 0x0000, 0x0000, 0x0000, 0x0000, 0x0000, 0x0000, 0x0000,
  0x0000, 0x0000, 0x0000, 0x0000, 0x0000, 0x0000, 0x0000, 0x0000, 0x0000, 0x0000, 0x0000, 0x0020,
  0x0000, 0x0000, 0x0841, 0x39E7, 0x2104, 0x4228, 0x2965, 0x2965, 0x31A6, 0x2124, 0x2124, 0x1082,
  0x2124, 0x3186, 0x10A2, 0x18E3, 0x3186, 0x2965, 0x18C3, 0x18C3, 0x2965, 0x2965, 0x1082, 0x31A6,
  0x2945, 0x1082, 0x18E3, 0x39E7, 0x18C3, 0x31A6, 0x2124, 0x2965, 0x4A69, 0x4228, 0x39E7, 0x3186,
  0x3186, 0x4A49, 0x2965, 0x39C7, 0x2965, 0x4A49, 0x2124, 0x3186, 0x2945, 0x4A49, 0x18E3, 0x31A6,
  0x18C3, 0x39C7, 0x18C3, 0x31A6, 0x0000, 0x31A6, 0x10A2, 0x3186, 0x0020, 0x39C7, 0x0000, 0x0000,
  0x0000, 0x0000, 0x0861, 0x18E3, 0x18C3, 0x0000, 0x0000, 0x0000, 0x0000, 0x0000, 0x0000, 0x0000,
  0x0000, 0x0020, 0x0020, 0x18E3, 0x0000, 0x0000, 0x0020, 0x18E3, 0x1082, 0x3186, 0x2124, 0x39E7,
  0x1061, 0x2965, 0x2965, 0x39E7, 0x2945, 0x2124, 0x2945, 0x2125, 0x2124, 0x31C6, 0x10A2, 0x31A6,
  0x39C7, 0x31A6, 0x31A6, 0x3186, 0x2965, 0x3186, 0x31A6, 0x39C7, 0x3186, 0x2965, 0x0020, 0x0000,
  0x0861, 0x0020, 0x0000, 0x0000, 0x0020, 0x0000, 0x0000, 0x0000, 0x0000, 0x0000, 0x0000, 0x0000,
  0x0000, 0x0000, 0x0000, 0x0000, 0x0000, 0x0000, 0x0000, 0x0000, 0x0000, 0x10A2, 0x2965, 0x2945,
  0x31A6, 0x2965, 0x18C3, 0x0841, 0x0000, 0x0000, 0x0000, 0x0000, 0x0000, 0x0000, 0x0000, 0x0000,
  0x0000, 0x0000, 0x0000, 0x0000, 0x0000, 0x0000, 0x0000, 0x0000, 0x0000, 0x0000, 0x0000, 0x0000,
  0x0000, 0x0000, 0x0000, 0x0000, 0x0000, 0x0000, 0x0000, 0x0000, 0x0000, 0x0000, 0x0000, 0x0000,
  0x0000, 0x0000, 0x0000, 0x0000, 0x0000, 0x0000, 0x0000, 0x0000, 0x0000, 0x0000, 0x0000, 0x0000,
  0x0000, 0x0000, 0x0000, 0x0000, 0x0000, 0x0000, 0x0000, 0x0000, 0x0000, 0x0000, 0x0000, 0x0000,
  0x0000, 0x0000, 0x0000, 0x0000, 0x0000, 0x0000, 0x0000, 0x0000, 0x0000, 0x0000, 0x0000, 0x0000,
  0x0000, 0x0000, 0x0000, 0x0000, 0x0000, 0x0000, 0x0000, 0x0000, 0x0000, 0x0000, 0x0000, 0x0000,
  0x0000, 0x0000, 0x0000, 0x0000, 0x0000, 0x0000, 0x0000, 0x0000, 0x0000, 0x0000, 0x0000, 0x0000,
  0x0000, 0x0000, 0x0000, 0x0000, 0x0000, 0x0841, 0x0020, 0x0000, 0x0000, 0x0000, 0x0000, 0x0000,
  0x0000, 0x0000, 0x0000, 0x0000, 0x0000, 0x0000, 0x0000, 0x0000, 0x0000, 0x0020, 0x0000, 0x0000,
  0x0000, 0x0000, 0x0000, 0x0000, 0x0020, 0x0000, 0x0841, 0x2104, 0x39C7, 0x2104, 0x2965, 0x2965,
  0x18C3, 0x2124, 0x0861, 0x18E3, 0x39E7, 0x39C7, 0x18E3, 0x2104, 0x2945, 0x3186, 0x18E3, 0x2124,
  0x2124, 0x18C3, 0x10A2, 0x2124, 0x3186, 0x1082, 0x39C7, 0x39C7, 0x4208, 0x4A49, 0x18E3, 0x2124,
  0x2124, 0x18E3, 0x1082, 0x4208, 0x4208, 0x3186, 0x39E7, 0x2104, 0x39E8, 0x4207, 0x2945, 0x3186,
  0x31A6, 0x3186, 0x31A6, 0x18C3, 0x0000, 0x0000, 0x2945, 0x10A2, 0x0000, 0x0000, 0x0020, 0x0000,
  0x0000, 0x0000, 0x0000, 0x0000, 0x0020, 0x0020, 0x0020, 0x0020, 0x0000, 0x0000, 0x0000, 0x0020,
  0x0020, 0x0020, 0x0020, 0x0020, 0x0020, 0x0020, 0x0020, 0x0000, 0x0000, 0x0000, 0x0020, 0x0020,
  0x0000, 0x0000, 0x0000, 0x0000, 0x0000, 0x1082, 0x0020, 0x0841, 0x2104, 0x18E3, 0x3186, 0x3186,
  0x0000, 0x10A2, 0x39C7, 0x39C7, 0x3186, 0x2945, 0x2104, 0x2945, 0x18E3, 0x18E3, 0x2945, 0x2945,
  0x2124, 0x2965, 0x18E3, 0x2965, 0x31A6, 0x0861, 0x0000, 0x0000, 0x0000, 0x0861, 0x10A2, 0x0000,
  0x0020, 0x0000, 0x0000, 0x0000, 0x0000, 0x0000, 0x0000, 0x0000, 0x0000, 0x0000, 0x0000, 0x0000,
  0x0000, 0x0020, 0x0000, 0x18E3, 0x2945, 0x39E7, 0x31A6, 0x2124, 0x3186, 0x39E7, 0x0861, 0x0861,
  0x0000, 0x0000, 0x0000, 0x0000, 0x0000, 0x0000, 0x0000, 0x0000, 0x0000, 0x0000, 0x0000, 0x0000,
  0x0000, 0x0000, 0x0000, 0x0000, 0x0000, 0x0000, 0x0000, 0x0000, 0x0000, 0x0000, 0x0000, 0x0000,
  0x0000, 0x0000, 0x0000, 0x0000, 0x0000, 0x0000, 0x0000, 0x0000, 0x0000, 0x0000, 0x0000, 0x0000,
  0x0000, 0x0000, 0x0000, 0x0000, 0x0000, 0x0000, 0x0000, 0x0000, 0x0000, 0x0000, 0x0000, 0x0000,
  0x0000, 0x0000, 0x0000, 0x0000, 0x0000, 0x0000, 0x0000, 0x0000, 0x0000, 0x0000, 0x0000, 0x0000,
  0x0000, 0x0000, 0x0000, 0x0000, 0x0000, 0x0000, 0x0000, 0x0000, 0x0000, 0x0000, 0x0000, 0x0000,
  0x0000, 0x0000, 0x0000, 0x0000, 0x0000, 0x0000, 0x0000, 0x0000, 0x0000, 0x0000, 0x0000, 0x0000,
  0x0000, 0x0000, 0x0000, 0x0000, 0x0000, 0x0000, 0x0000, 0x0000, 0x0000, 0x0000, 0x0000, 0x0000,
  0x0000, 0x0000, 0x0000, 0x0000, 0x0000, 0x0000, 0x0000, 0x0000, 0x0000, 0x0000, 0x0000, 0x0000,
  0x0000, 0x0000, 0x0000, 0x0000, 0x0000, 0x0000, 0x0000, 0x0000, 0x0000, 0x0020, 0x0000, 0x1082,
  0x2965, 0x39E7, 0x31A6, 0x18E3, 0x18C3, 0x3186, 0x39E7, 0x2945, 0x31A6, 0x3186, 0x18C3, 0x18E3,
  0x2965, 0x39C7, 0x2104, 0x3186, 0x18C3, 0x18C3, 0x2124, 0x10A2, 0x39E7, 0x39E7, 0x3186, 0x1082,
  0x3186, 0x2965, 0x10A2, 0x2124, 0x2965, 0x2965, 0x1082, 0x2965, 0x1082, 0x2965, 0x2124, 0x4A69,
  0x31A6, 0x3186, 0x4A49, 0x39C7, 0x2965, 0x2945, 0x39E7, 0x2104, 0x0000, 0x0000, 0x0020, 0x0020,
  0x0000, 0x0000, 0x0020, 0x0020, 0x0000, 0x0020, 0x0020, 0x0020, 0x0000, 0x0020, 0x0000, 0x0000,
  0x0000, 0x0000, 0x0000, 0x0020, 0x0000, 0x0000, 0x0000, 0x0000, 0x0000, 0x0000, 0x0000, 0x0000,
  0x0000, 0x0000, 0x0000, 0x0020, 0x0000, 0x0000, 0x0000, 0x0020, 0x0020, 0x0020, 0x0020, 0x0000,
  0x0020, 0x0000, 0x0000, 0x0000, 0x0841, 0x0841, 0x0000, 0x1082, 0x1082, 0x0861, 0x39E7, 0x39C7,
  0x3186, 0x2965, 0x2965, 0x31A6, 0x3186, 0x2965, 0x2124, 0x2104, 0x2124, 0x2965, 0x39C7, 0x39E7,
  0x0000, 0x0000, 0x0000, 0x0000, 0x0000, 0x0000, 0x0000, 0x0000, 0x0000, 0x0000, 0x0000, 0x0000,
  0x0000, 0x0000, 0x0000, 0x0000, 0x0000, 0x0000, 0x0000, 0x0000, 0x0000, 0x0020, 0x10A2, 0x18E3,
  0x0020, 0x31A6, 0x2945, 0x2124, 0x3186, 0x31A6, 0x0000, 0x0020, 0x0000, 0x0000, 0x0000, 0x0000,
  0x0000, 0x0000, 0x0000, 0x0000, 0x0000, 0x0000, 0x0000, 0x0000, 0x0000, 0x0000, 0x0000, 0x0000,
  0x0000, 0x0000, 0x0000, 0x0000, 0x0000, 0x0000, 0x0000, 0x0000, 0x0000, 0x0000, 0x0000, 0x0000,
  0x0000, 0x0000, 0x0000, 0x0000, 0x0000, 0x0000, 0x0000, 0x0000, 0x0000, 0x0000, 0x0000, 0x0000,
  0x0000, 0x0000, 0x0000, 0x0000, 0x0000, 0x0000, 0x0000, 0x0000, 0x0000, 0x0000, 0x0000, 0x0000,
  0x0000, 0x0000, 0x0000, 0x0000, 0x0000, 0x0000, 0x0000, 0x0000, 0x0000, 0x0000, 0x0000, 0x0000,
  0x0000, 0x0000, 0x0000, 0x0000, 0x0000, 0x0000, 0x0000, 0x0000, 0x0000, 0x0000, 0x0000, 0x0000,
  0x0000, 0x0000, 0x0000, 0x0000, 0x0000, 0x0000, 0x0000, 0x0000, 0x0000, 0x0000, 0x0000, 0x0000,
  0x0000, 0x0000, 0x0000, 0x0000, 0x0000, 0x0000, 0x0000, 0x0000, 0x0000, 0x0000, 0x0000, 0x0000,
  0x0000, 0x0000, 0x0000, 0x0000, 0x0000, 0x0000, 0x0000, 0x0000, 0x0020, 0x1082, 0x0020, 0x0000,
  0x0000, 0x0020, 0x0000, 0x0000, 0x18E3, 0x31A6, 0x18C3, 0x4208, 0x2945, 0x2965, 0x2104, 0x10A2,
  0x2945, 0x0861, 0x2945, 0x0861, 0x39C7, 0x3186, 0x10A2, 0x4A69, 0x31A6, 0x2104, 0x1082, 0x10A2,
  0x2124, 0x0841, 0x3186, 0x1082, 0x2124, 0x2124, 0x2965, 0x3186, 0x2945, 0x2945, 0x39E7, 0x39A7,
  0x2104, 0x2124, 0x2944, 0x2104, 0x4A69, 0x3186, 0x2965, 0x2965, 0x31A6, 0x10C2, 0x18E3, 0x18E3,
  0x18E3, 0x0861, 0x0000, 0x0020, 0x0000, 0x0000, 0x0020, 0x0020, 0x0000, 0x0000, 0x0000, 0x0000,
  0x0000, 0x0000, 0x0000, 0x0000, 0x0000, 0x0000, 0x0000, 0x0000, 0x0000, 0x0000, 0x0000, 0x0000,
  0x0000, 0x0000, 0x0000, 0x0000, 0x0000, 0x0000, 0x0000, 0x0000, 0x0000, 0x0000, 0x0000, 0x0000,
  0x0000, 0x0000, 0x0000, 0x0000, 0x0000, 0x0020, 0x0020, 0x0020, 0x0020, 0x0020, 0x0000, 0x0000,
  0x0000, 0x10A2, 0x0861, 0x0020, 0x18E3, 0x18E3, 0x10A2, 0x31A6, 0x18E3, 0x3186, 0x2104, 0x31A6,
  0x3186, 0x2965, 0x3186, 0x3186, 0x18E3, 0x2965, 0x3186, 0x3186, 0x18C3, 0x18C3, 0x18E3, 0x10A2,
  0x0861, 0x0841, 0x0000, 0x0000, 0x0000, 0x0000, 0x0000, 0x0000, 0x0000, 0x0000, 0x0000, 0x0000,
  0x0000, 0x0000, 0x0000, 0x0000, 0x0000, 0x0000, 0x0020, 0x0000, 0x2124, 0x31A6, 0x2965, 0x2124,
  0x2124, 0x0020, 0x0000, 0x0000, 0x0000, 0x0000, 0x0000, 0x0000, 0x0000, 0x0000, 0x0000, 0x0000,
  0x0000, 0x0000, 0x0000, 0x0000, 0x0000, 0x0000, 0x0000, 0x0000, 0x0000, 0x0000, 0x0000, 0x0000,
  0x0000, 0x0000, 0x0000, 0x0000, 0x0000, 0x0000, 0x0000, 0x0000, 0x0000, 0x0000, 0x0000, 0x0000,
  0x0000, 0x0000, 0x0000, 0x0000, 0x0000, 0x0000, 0x0000, 0x0000, 0x0000, 0x0000, 0x0000, 0x0000,
  0x0000, 0x0000, 0x0000, 0x0000, 0x0000, 0x0000, 0x0000, 0x0000, 0x0000, 0x0000, 0x0000, 0x0000,
  0x0000, 0x0000, 0x0000, 0x0000, 0x0000, 0x0000, 0x0000, 0x0000, 0x0000, 0x0000, 0x0000, 0x0000,
  0x0000, 0x0000, 0x0000, 0x0000, 0x0000, 0x0000, 0x0000, 0x0000, 0x0000, 0x0000, 0x0000, 0x0000,
  0x0000, 0x0000, 0x0000, 0x0000, 0x0000, 0x0000, 0x0000, 0x0000, 0x0000, 0x0000, 0x0000, 0x0000,
  0x0000, 0x0000, 0x0000, 0x0000, 0x0000, 0x0000, 0x0000, 0x0000, 0x0000, 0x0000, 0x0000, 0x0000,
  0x0000, 0x0000, 0x0020, 0x18E3, 0x0020, 0x0000, 0x0020, 0x0000, 0x0000, 0x3186, 0x2965, 0x3186,
  0x2104, 0x18E3, 0x2965, 0x39E7, 0x528A, 0x4208, 0x18C3, 0x18E3, 0x31A6, 0x0861, 0x2945, 0x39C7,
  0x2124, 0x2124, 0x2124, 0x2965, 0x39E7, 0x2945, 0x3186, 0x2124, 0x31A6, 0x2965, 0x3186, 0x39C7,
  0x3186, 0x2144, 0x31A6, 0x39E7, 0x3186, 0x4A49, 0x3186, 0x20E4, 0x2124, 0x18C3, 0x0861, 0x2945,
  0x18E3, 0x18E3, 0x2945, 0x0000, 0x0000, 0x0000, 0x0000, 0x0000, 0x0020, 0x0020, 0x0000, 0x0000,
  0x0000, 0x0000, 0x0000, 0x0000, 0x0000, 0x0000, 0x0000, 0x0000, 0x0000, 0x0000, 0x0000, 0x0000,
  0x0000, 0x0000, 0x0000, 0x0000, 0x0000, 0x0000, 0x0000, 0x0000, 0x0000, 0x0000, 0x0000, 0x0000,
  0x0000, 0x0000, 0x0000, 0x0000, 0x0000, 0x0000, 0x0000, 0x0000, 0x0000, 0x0000, 0x0000, 0x0000,
  0x0000, 0x0000, 0x0000, 0x0000, 0x0000, 0x0020, 0x0000, 0x0861, 0x0861, 0x0000, 0x0000, 0x0000,
  0x0000, 0x0000, 0x10A2, 0x2124, 0x2124, 0x39E7, 0x31A6, 0x3186, 0x3186, 0x3186, 0x3186, 0x3186,
  0x3186, 0x2124, 0x39C7, 0x31A6, 0x2945, 0x18E3, 0x18C3, 0x1082, 0x0000, 0x0020, 0x0000, 0x0000,
  0x0000, 0x0000, 0x0000, 0x0000, 0x0000, 0x0000, 0x0000, 0x0000, 0x0000, 0x0000, 0x0020, 0x0020,
  0x0020, 0x0000, 0x3186, 0x2124, 0x39C7, 0x31A6, 0x31A6, 0x31A6, 0x0861, 0x0000, 0x0000, 0x0020,
  0x0000, 0x0000, 0x0000, 0x0000, 0x0000, 0x0000, 0x0000, 0x0000, 0x0000, 0x0000, 0x0000, 0x0000,
  0x0000, 0x0000, 0x0000, 0x0000, 0x0000, 0x0000, 0x0000, 0x0000, 0x0000, 0x0000, 0x0000, 0x0000,
  0x0000, 0x0000, 0x0000, 0x0000, 0x0000, 0x0000, 0x0000, 0x0000, 0x0000, 0x0000, 0x0000, 0x0000,
  0x0000, 0x0000, 0x0000, 0x0000, 0x0000, 0x0000, 0x0000, 0x0000, 0x0000, 0x0000, 0x0000, 0x0000,
  0x0000, 0x0000, 0x0000, 0x0000, 0x0000, 0x0000, 0x0000, 0x0000, 0x0000, 0x0000, 0x0000, 0x0000,
  0x0000, 0x0000, 0x0000, 0x0000, 0x0000, 0x0000, 0x0000, 0x0000, 0x0000, 0x0000, 0x0000, 0x0000,
  0x0000, 0x0000, 0x0000, 0x0000, 0x0000, 0x0000, 0x0000, 0x0000, 0x0000, 0x0000, 0x0000, 0x0000,
  0x0000, 0x0000, 0x0000, 0x0000, 0x0000, 0x0000, 0x0000, 0x0000, 0x0000, 0x0000, 0x0000, 0x0000,
  0x0000, 0x0000, 0x0000, 0x0000, 0x0000, 0x0000, 0x0000, 0x0000, 0x0000, 0x0000, 0x0000, 0x0000,
  0x0000, 0x10A2, 0x31A6, 0x3186, 0x2965, 0x2945, 0x2104, 0x2124, 0x18E3, 0x2945, 0x31A6, 0x2945,
  0x10A2, 0x4208, 0x18C3, 0x2965, 0x39E7, 0x2945, 0x2965, 0x39C7, 0x2124, 0x2965, 0x2965, 0x3186,
  0x2945, 0x31A6, 0x2965, 0x2124, 0x2124, 0x2945, 0x31A6, 0x31A6, 0x39C7, 0x39C7, 0x10A2, 0x31A6,
  0x2985, 0x31A6, 0x3186, 0x31A6, 0x0000, 0x0000, 0x0000, 0x0000, 0x0000, 0x0020, 0x0020, 0x0020,
  0x0020, 0x0000, 0x0020, 0x0020, 0x0000, 0x0000, 0x0000, 0x0000, 0x0000, 0x0000, 0x0000, 0x0000,
  0x0000, 0x0000, 0x0000, 0x0000, 0x0000, 0x0000, 0x0000, 0x0000, 0x0000, 0x0000, 0x0000, 0x0000,
  0x0000, 0x0000, 0x0000, 0x0000, 0x0000, 0x0000, 0x0000, 0x0000, 0x0000, 0x0000, 0x0000, 0x0000,
  0x0000, 0x0000, 0x0000, 0x0000, 0x0000, 0x0000, 0x0000, 0x0000, 0x0000, 0x0000, 0x0000, 0x0000,
  0x0000, 0x0000, 0x0000, 0x0000, 0x0020, 0x0020, 0x0000, 0x0020, 0x0000, 0x0000, 0x0841, 0x0861,
  0x0861, 0x2104, 0x2104, 0x2945, 0x39C7, 0x2965, 0x2945, 0x39E7, 0x2965, 0x3186, 0x2945, 0x3186,
  0x18E3, 0x1082, 0x0000, 0x0000, 0x0000, 0x0000, 0x0000, 0x0000, 0x0000, 0x0000, 0x0000, 0x0000,
  0x0000, 0x0000, 0x0000, 0x0000, 0x0000, 0x0000, 0x0000, 0x0020, 0x18C3, 0x18C3, 0x18C3, 0x2945,
  0x2945, 0x31A6, 0x39C7, 0x18E3, 0x0841, 0x0000, 0x0000, 0x0000, 0x0000, 0x0000, 0x0000, 0x0000,
  0x0000, 0x0000, 0x0000, 0x0000, 0x0000, 0x0000, 0x0000, 0x0000, 0x0000, 0x0000, 0x0000, 0x0000,
  0x0000, 0x0000, 0x0000, 0x0000, 0x0000, 0x0000, 0x0000, 0x0000, 0x0000, 0x0000, 0x0000, 0x0000,
  0x0000, 0x0000, 0x0000, 0x0000, 0x0000, 0x0000, 0x0000, 0x0000, 0x0000, 0x0000, 0x0000, 0x0000,
  0x0000, 0x0000, 0x0000, 0x0000, 0x0000, 0x0000, 0x0000, 0x0000, 0x0000, 0x0000, 0x0000, 0x0000,
  0x0000, 0x0000, 0x0000, 0x0000, 0x0000, 0x0000, 0x0000, 0x0000, 0x0000, 0x0000, 0x0000, 0x0000,
  0x0000, 0x0000, 0x0000, 0x0000, 0x0000, 0x0000, 0x0000, 0x0000, 0x0000, 0x0000, 0x0000, 0x0000,
  0x0000, 0x0000, 0x0000, 0x0000, 0x0000, 0x0000, 0x0000, 0x0000, 0x0000, 0x0000, 0x0000, 0x0000,
  0x0000, 0x0000, 0x0000, 0x0000, 0x0000, 0x0000, 0x0000, 0x0000, 0x0000, 0x0000, 0x0000, 0x0000,
  0x0000, 0x0000, 0x0000, 0x0020, 0x0000, 0x0000, 0x2965, 0x3186, 0x3186, 0x39C7, 0x18E3, 0x2104,
  0x2965, 0x4208, 0x2945, 0x2965, 0x1082, 0x3186, 0x2945, 0x2945, 0x18E3, 0x18E3, 0x10A2, 0x2945,
  0x2124, 0x2124, 0x39E7, 0x18E3, 0x18E3, 0x18E3, 0x39C7, 0x2124, 0x2965, 0x18E3, 0x2965, 0x2965,
  0x39C7, 0x18C3, 0x2124, 0x31A6, 0x39C7, 0x39E7, 0x2104, 0x18C3, 0x18C3, 0x18C3, 0x0000, 0x0020,
  0x0020, 0x0020, 0x0020, 0x0000, 0x0000, 0x0000, 0x0000, 0x0000, 0x0000, 0x0000, 0x0000, 0x0000,
  0x0000, 0x0000, 0x0000, 0x0000, 0x0000, 0x0000, 0x0000, 0x0000, 0x0000, 0x0000, 0x0000, 0x0000,
  0x0000, 0x0000, 0x0000, 0x0000, 0x0000, 0x0000, 0x0000, 0x0000, 0x0000, 0x0000, 0x0000, 0x0000,
  0x0000, 0x0000, 0x0000, 0x0000, 0x0000, 0x0000, 0x0000, 0x0000, 0x0000, 0x0000, 0x0000, 0x0000,
  0x0000, 0x0000, 0x0000, 0x0000, 0x0000, 0x0000, 0x0000, 0x0000, 0x0000, 0x0000, 0x0000, 0x0000,
  0x0000, 0x0000, 0x0000, 0x0020, 0x0000, 0x0000, 0x0000, 0x0000, 0x0000, 0x1082, 0x18C3, 0x3186,
  0x2124, 0x2965, 0x2124, 0x2124, 0x39C7, 0x2124, 0x4208, 0x2945, 0x0020, 0x0020, 0x0000, 0x0000,
  0x0000, 0x0000, 0x0000, 0x0000, 0x0000, 0x0000, 0x0000, 0x0000, 0x0000, 0x0000, 0x0000, 0x0000,
  0x0000, 0x0000, 0x0020, 0x2124, 0x0861, 0x2104, 0x4208, 0x31A6, 0x18C3, 0x4208, 0x18E3, 0x2104,
  0x0841, 0x0020, 0x0000, 0x0000, 0x0000, 0x0000, 0x0000, 0x0000, 0x0000, 0x0000, 0x0000, 0x0000,
  0x0000, 0x0000, 0x0000, 0x0000, 0x0000, 0x0000, 0x0000, 0x0000, 0x0000, 0x0000, 0x0000, 0x0000,
  0x0000, 0x0000, 0x0000, 0x0000, 0x0000, 0x0000, 0x0000, 0x0000, 0x0000, 0x0000, 0x0000, 0x0000,
  0x0000, 0x0000, 0x0000, 0x0000, 0x0000, 0x0000, 0x0000, 0x0000, 0x0000, 0x0000, 0x0000, 0x0000,
  0x0000, 0x0000, 0x0000, 0x0000, 0x0000, 0x0000, 0x0000, 0x0000, 0x0000, 0x0000, 0x0000, 0x0000,
  0x0000, 0x0000, 0x0000, 0x0000, 0x0000, 0x0000, 0x0000, 0x0000, 0x0000, 0x0000, 0x0000, 0x0000,
  0x0000, 0x0000, 0x0000, 0x0000, 0x0000, 0x0000, 0x0000, 0x0000, 0x0000, 0x0000, 0x0000, 0x0000,
  0x0000, 0x0000, 0x0000, 0x0000, 0x0000, 0x0000, 0x0000, 0x0000, 0x0000, 0x0000, 0x0000, 0x0000,
  0x0000, 0x0000, 0x0000, 0x0000, 0x0000, 0x0000, 0x0000, 0x0000, 0x0020, 0x0000, 0x0841, 0x2104,
  0x39C7, 0x2124, 0x39C7, 0x1082, 0x39E7, 0x2104, 0x10A2, 0x2124, 0x31A6, 0x39E7, 0x0861, 0x39E7,
  0x2965, 0x3186, 0x31A6, 0x2965, 0x2124, 0x1082, 0x2945, 0x2945, 0x2965, 0x2945, 0x2124, 0x3186,
  0x3186, 0x2945, 0x3186, 0x39C7, 0x2104, 0x2965, 0x2124, 0x2124, 0x31A6, 0x31C6, 0x0881, 0x10A2,
  0x0000, 0x0000, 0x0000, 0x0000, 0x0000, 0x0000, 0x0000, 0x0000, 0x0000, 0x0000, 0x0000, 0x0000,
  0x0000, 0x0000, 0x0000, 0x0000, 0x0000, 0x0000, 0x0000, 0x0000, 0x0000, 0x0000, 0x0000, 0x0000,
  0x0000, 0x0000, 0x0000, 0x0000, 0x0000, 0x0000, 0x0000, 0x0000, 0x0000, 0x0000, 0x0000, 0x0000,
  0x0000, 0x0000, 0x0000, 0x0000, 0x0000, 0x0000, 0x0000, 0x0000, 0x0000, 0x0000, 0x0000, 0x0000,
  0x0000, 0x0000, 0x0000, 0x0000, 0x0000, 0x0000, 0x0000, 0x0000, 0x0000, 0x0000, 0x0000, 0x0000,
  0x0000, 0x0000, 0x0000, 0x0000, 0x0000, 0x0000, 0x0000, 0x0000, 0x0020, 0x0000, 0x0000, 0x0000,
  0x0000, 0x0020, 0x0020, 0x0000, 0x0000, 0x2945, 0x1082, 0x0000, 0x4228, 0x3186, 0x2965, 0x2104,
  0x2965, 0x2945, 0x2965, 0x0000, 0x0020, 0x0000, 0x0000, 0x0000, 0x0000, 0x0000, 0x0000, 0x0000,
  0x0000, 0x0000, 0x0000, 0x0000, 0x0000, 0x0000, 0x0000, 0x0000, 0x2945, 0x2104, 0x18C3, 0x2124,
  0x2945, 0x2124, 0x2945, 0x2965, 0x39C7, 0x31A6, 0x0841, 0x0000, 0x0020, 0x0000, 0x0000, 0x0000,
  0x0000, 0x0000, 0x0000, 0x0000, 0x0000, 0x0000, 0x0000, 0x0000, 0x0000, 0x0000, 0x0000, 0x0000,
  0x0000, 0x0000, 0x0000, 0x0000, 0x0000, 0x0000, 0x0000, 0x0000, 0x0000, 0x0000, 0x0000, 0x0000,
  0x0000, 0x0000, 0x0000, 0x0000, 0x0000, 0x0000, 0x0000, 0x0000, 0x0000, 0x0000, 0x0000, 0x0000,
  0x0000, 0x0000, 0x0000, 0x0000, 0x0000, 0x0000, 0x0000, 0x0000, 0x0000, 0x0000, 0x0000, 0x0000,
  0x0000, 0x0000, 0x0000, 0x0000, 0x0000, 0x0000, 0x0000, 0x0000, 0x0000, 0x0000, 0x0000, 0x0000,
  0x0000, 0x0000, 0x0000, 0x0000, 0x0000, 0x0000, 0x0000, 0x0000, 0x0000, 0x0000, 0x0000, 0x0000,
  0x0000, 0x0000, 0x0000, 0x0000, 0x0000, 0x0000, 0x0000, 0x0000, 0x0000, 0x0000, 0x0000, 0x0000,
  0x0000, 0x0000, 0x0000, 0x0000, 0x0000, 0x0000, 0x0000, 0x0000, 0x0000, 0x0000, 0x0000, 0x0000,
  0x0000, 0x0020, 0x0000, 0x0861, 0x3186, 0x39C7, 0x2965, 0x2965, 0x10A2, 0x2104, 0x18C3, 0x31A6,
  0x18E3, 0x2104, 0x18C3, 0x2945, 0x3186, 0x3186, 0x31A6, 0x18E3, 0x39C7, 0x2124, 0x2965, 0x39C7,
  0x10A2, 0x18E3, 0x18C3, 0x0841, 0x3186, 0x39C7, 0x2945, 0x2124, 0x39C7, 0x18E3, 0x2124, 0x2124,
  0x0000, 0x18E3, 0x2945, 0x2124, 0x0000, 0x0000, 0x0000, 0x0020, 0x0020, 0x0020, 0x0000, 0x0000,
  0x0000, 0x0000, 0x0000, 0x0000, 0x0000, 0x0000, 0x0000, 0x0000, 0x0000, 0x0000, 0x0000, 0x0000,
  0x0000, 0x0000, 0x0000, 0x0000, 0x0000, 0x0000, 0x0000, 0x0000, 0x0000, 0x0000, 0x0000, 0x0000,
  0x0000, 0x0000, 0x0000, 0x0000, 0x0000, 0x0000, 0x0000, 0x0000, 0x0000, 0x0000, 0x0000, 0x0000,
  0x0000, 0x0000, 0x0000, 0x0000, 0x0000, 0x0000, 0x0000, 0x0000, 0x0000, 0x0000, 0x0000, 0x0000,
  0x0000, 0x0000, 0x0000, 0x0000, 0x0000, 0x0000, 0x0000, 0x0000, 0x0000, 0x0000, 0x0000, 0x0000,
  0x0000, 0x0020, 0x0020, 0x0000, 0x0000, 0x0000, 0x0000, 0x0000, 0x0000, 0x0000, 0x0020, 0x0000,
  0x0000, 0x0000, 0x2945, 0x18E3, 0x3186, 0x3186, 0x2965, 0x3186, 0x0000, 0x0000, 0x0000, 0x0000,
  0x0000, 0x0000, 0x0000, 0x0000, 0x0000, 0x0000, 0x0000, 0x0000, 0x0000, 0x0000, 0x0000, 0x0000,
  0x0000, 0x0000, 0x10A2, 0x0000, 0x0841, 0x2104, 0x10A2, 0x0000, 0x0000, 0x18E3, 0x0861, 0x0861,
  0x2124, 0x2965, 0x0000, 0x0000, 0x0000, 0x0000, 0x0000, 0x0000, 0x0000, 0x0000, 0x0000, 0x0000,
  0x0000, 0x0000, 0x0000, 0x0000, 0x0000, 0x0000, 0x0000, 0x0000, 0x0000, 0x0000, 0x0000, 0x0000,
  0x0000, 0x0000, 0x0000, 0x0000, 0x0000, 0x0000, 0x0000, 0x0000, 0x0000, 0x0000, 0x0000, 0x0000,
  0x0000, 0x0000, 0x0000, 0x0000, 0x0000, 0x0000, 0x0000, 0x0000, 0x0000, 0x0000, 0x0000, 0x0000,
  0x0000, 0x0000, 0x0000, 0x0000, 0x0000, 0x0000, 0x0000, 0x0000, 0x0000, 0x0000, 0x0000, 0x0000,
  0x0000, 0x0000, 0x0000, 0x0000, 0x0000, 0x0000, 0x0000, 0x0000, 0x0000, 0x0000, 0x0000, 0x0000,
  0x0000, 0x0000, 0x0000, 0x0000, 0x0000, 0x0000, 0x0000, 0x0000, 0x0000, 0x0000, 0x0000, 0x0000,
  0x0000, 0x0000, 0x0000, 0x0000, 0x0000, 0x0000, 0x0000, 0x0000, 0x0000, 0x0000, 0x0000, 0x0000,
  0x0000, 0x0000, 0x0000, 0x0000, 0x0000, 0x0000, 0x0000, 0x0000, 0x2104, 0x4208, 0x18C3, 0x4A49,
  0x2124, 0x31A6, 0x2945, 0x18E3, 0x2945, 0x0861, 0x31A6, 0x31A6, 0x2124, 0x18C3, 0x2965, 0x39C7,
  0x2124, 0x39E7, 0x4228, 0x3186, 0x39C7, 0x31A6, 0x528A, 0x2965, 0x4A49, 0x2965, 0x39C7, 0x39C7,
  0x18E3, 0x39C7, 0x3186, 0x2965, 0x39C7, 0x39E7, 0x0841, 0x0000, 0x0000, 0x0000, 0x0020, 0x0000,
  0x0000, 0x0000, 0x0000, 0x0000, 0x0000, 0x0000, 0x0000, 0x0000, 0x0000, 0x0000, 0x0000, 0x0000,
  0x0000, 0x0000, 0x0000, 0x0000, 0x0000, 0x0000, 0x0000, 0x0000, 0x0000, 0x0000, 0x0000, 0x0000,
  0x0000, 0x0000, 0x0000, 0x0000, 0x0000, 0x0000, 0x0000, 0x0000, 0x0000, 0x0000, 0x0000, 0x0000,
  0x0000, 0x0000, 0x0000, 0x0000, 0x0000, 0x0000, 0x0000, 0x0000, 0x0000, 0x0000, 0x0000, 0x0000,
  0x0000, 0x0000, 0x0000, 0x0000, 0x0000, 0x0000, 0x0000, 0x0000, 0x0000, 0x0000, 0x0000, 0x0000,
  0x0000, 0x0000, 0x0000, 0x0000, 0x0000, 0x0000, 0x0000, 0x0000, 0x0000, 0x0000, 0x0000, 0x0000,
  0x0000, 0x0000, 0x0000, 0x0000, 0x0000, 0x0020, 0x0000, 0x0000, 0x0020, 0x0000, 0x1082, 0x39E7,
  0x39C7, 0x31A6, 0x3186, 0x18E3, 0x0020, 0x0020, 0x0020, 0x0020, 0x0020, 0x0020, 0x0000, 0x0000,
  0x0000, 0x0000, 0x0000, 0x0000, 0x0000, 0x0000, 0x0000, 0x0000, 0x0000, 0x0000, 0x0000, 0x0000,
  0x0000, 0x0020, 0x0000, 0x0861, 0x2104, 0x2945, 0x2945, 0x31A6, 0x31A6, 0x2104, 0x0000, 0x0020,
  0x0000, 0x0000, 0x0000, 0x0000, 0x0000, 0x0000, 0x0000, 0x0000, 0x0000, 0x0000, 0x0000, 0x0000,
  0x0000, 0x0000, 0x0000, 0x0000, 0x0000, 0x0000, 0x0000, 0x0000, 0x0000, 0x0000, 0x0000, 0x0000,
  0x0000, 0x0000, 0x0000, 0x0000, 0x0000, 0x0000, 0x0000, 0x0000, 0x0000, 0x0000, 0x0000, 0x0000,
  0x0000, 0x0000, 0x0000, 0x0000, 0x0000, 0x0000, 0x0000, 0x0000, 0x0000, 0x0000, 0x0000, 0x0000,
  0x0000, 0x0000, 0x0000, 0x0000, 0x0000, 0x0000, 0x0000, 0x0000, 0x0000, 0x0000, 0x0000, 0x0000,
  0x0000, 0x0000, 0x0000, 0x0000, 0x0000, 0x0000, 0x0000, 0x0000, 0x0000, 0x0000, 0x0000, 0x0000,
  0x0000, 0x0000, 0x0000, 0x0000, 0x0000, 0x0000, 0x0000, 0x0000, 0x0000, 0x0000, 0x0000, 0x0000,
  0x0000, 0x0000, 0x0000, 0x0000, 0x0000, 0x0000, 0x0000, 0x0000, 0x0000, 0x0000, 0x0000, 0x0000,
  0x0020, 0x2945, 0x39E7, 0x10A2, 0x39E7, 0x0861, 0x2945, 0x39C7, 0x2124, 0x2104, 0x2104, 0x3186,
  0x31A6, 0x2124, 0x18E3, 0x39E7, 0x3186, 0x31A6, 0x2945, 0x3186, 0x39E7, 0x4228, 0x2104, 0x4208,
  0x2965, 0x3186, 0x2965, 0x10A2, 0x39E7, 0x2104, 0x31A6, 0x3186, 0x2965, 0x4208, 0x10A2, 0x10A2,
  0x0020, 0x0020, 0x0020, 0x0020, 0x0000, 0x0000, 0x0000, 0x0000, 0x0000, 0x0000, 0x0000, 0x0000,
  0x0000, 0x0000, 0x0000, 0x0000, 0x0000, 0x0000, 0x0000, 0x0000, 0x0000, 0x0000, 0x0000, 0x0000,
  0x0000, 0x0000, 0x0000, 0x0000, 0x0000, 0x0000, 0x0000, 0x0000, 0x0000, 0x0000, 0x0000, 0x0000,
  0x0000, 0x0000, 0x0000, 0x0000, 0x0000, 0x0000, 0x0000, 0x0000, 0x0000, 0x0000, 0x0000, 0x0000,
  0x0000, 0x0000, 0x0000, 0x0000, 0x0000, 0x0000, 0x0000, 0x0000, 0x0000, 0x0000, 0x0000, 0x0000,
  0x0000, 0x0000, 0x0000, 0x0000, 0x0000, 0x0000, 0x0000, 0x0000, 0x0000, 0x0000, 0x0000, 0x0000,
  0x0000, 0x0000, 0x0000, 0x0000, 0x0000, 0x0000, 0x0000, 0x0000, 0x0000, 0x0000, 0x0000, 0x0000,
  0x0000, 0x0000, 0x0000, 0x0000, 0x0020, 0x10A2, 0x10A2, 0x1082, 0x2104, 0x39E7, 0x31A6, 0x31A6,
  0x31A6, 0x2945, 0x2965, 0x18E3, 0x0000, 0x0020, 0x0000, 0x0000, 0x0000, 0x0000, 0x0000, 0x0000,
  0x0000, 0x0000, 0x0020, 0x0000, 0x0000, 0x0020, 0x0020, 0x0000, 0x0020, 0x0000, 0x2945, 0x18E3,
  0x39C7, 0x3186, 0x2104, 0x31A6, 0x0000, 0x0000, 0x0020, 0x0000, 0x0000, 0x0000, 0x0000, 0x0000,
  0x0000, 0x0000, 0x0000, 0x0000, 0x0000, 0x0000, 0x0000, 0x0000, 0x0000, 0x0000, 0x0000, 0x0000,
  0x0000, 0x0000, 0x0000, 0x0000, 0x0000, 0x0000, 0x0000, 0x0000, 0x0000, 0x0000, 0x0000, 0x0000,
  0x0000, 0x0000, 0x0000, 0x0000, 0x0000, 0x0000, 0x0000, 0x0000, 0x0000, 0x0000, 0x0000, 0x0000,
  0x0000, 0x0000, 0x0000, 0x0000, 0x0000, 0x0000, 0x0000, 0x0000, 0x0000, 0x0000, 0x0000, 0x0000,
  0x0000, 0x0000, 0x0000, 0x0000, 0x0000, 0x0000, 0x0000, 0x0000, 0x0000, 0x0000, 0x0000, 0x0000,
  0x0000, 0x0000, 0x0000, 0x0000, 0x0000, 0x0000, 0x0000, 0x0000, 0x0000, 0x0000, 0x0000, 0x0000,
  0x0000, 0x0000, 0x0000, 0x0000, 0x0000, 0x0000, 0x0000, 0x0000, 0x0000, 0x0000, 0x0000, 0x0000,
  0x0000, 0x0000, 0x0000, 0x0000, 0x0000, 0x0841, 0x18C3, 0x39C7, 0x3186, 0x31A6, 0x31A6, 0x18C3,
  0x39C7, 0x2124, 0x2945, 0x3186, 0x31A6, 0x31A6, 0x31A6, 0x39C7, 0x31A6, 0x3186, 0x18C3, 0x2965,
  0x31A6, 0x4208, 0x39A7, 0x2124, 0x3186, 0x4208, 0x3185, 0x2104, 0x3186, 0x2945, 0x2965, 0x2965,
  0x31A6, 0x2945, 0x0000, 0x0861, 0x0000, 0x0000, 0x0000, 0x0000, 0x0000, 0x0000, 0x0000, 0x0000,
  0x0000, 0x0000, 0x0000, 0x0000, 0x0000, 0x0000, 0x0000, 0x0000, 0x0000, 0x0000, 0x0000, 0x0000,
  0x0000, 0x0000, 0x0000, 0x0000, 0x0000, 0x0000, 0x0000, 0x0000, 0x0000, 0x0000, 0x0000, 0x0000,
  0x0000, 0x0000, 0x0000, 0x0000, 0x0000, 0x0000, 0x0000, 0x0000, 0x0000, 0x0000, 0x0000, 0x0000,
  0x0000, 0x0000, 0x0000, 0x0000, 0x0000, 0x0000, 0x0000, 0x0000, 0x0000, 0x0000, 0x0000, 0x0000,
  0x0000, 0x0000, 0x0000, 0x0000, 0x0000, 0x0000, 0x0000, 0x0000, 0x0000, 0x0000, 0x0000, 0x0020,
  0x0000, 0x0000, 0x0000, 0x0000, 0x0000, 0x0000, 0x0000, 0x0000, 0x0000, 0x0000, 0x0000, 0x0000,
  0x0000, 0x0000, 0x0000, 0x0000, 0x0000, 0x0000, 0x0000, 0x0000, 0x0000, 0x0000, 0x0000, 0x0000,
  0x0000, 0x0000, 0x1082, 0x3186, 0x2945, 0x39C7, 0x3186, 0x31A6, 0x3186, 0x39C7, 0x2965, 0x0000,
  0x0020, 0x0000, 0x0000, 0x0000, 0x0000, 0x0000, 0x0000, 0x0000, 0x0000, 0x0000, 0x0000, 0x0000,
  0x0000, 0x0000, 0x0000, 0x0020, 0x10A2, 0x10A2, 0x2104, 0x2965, 0x18C3, 0x39E7, 0x39C7, 0x1082,
  0x0000, 0x0020, 0x0000, 0x0000, 0x0000, 0x0000, 0x0000, 0x0000, 0x0000, 0x0000, 0x0000, 0x0000,
  0x0000, 0x0000, 0x0000, 0x0000, 0x0000, 0x0000, 0x0000, 0x0000, 0x0000, 0x0000, 0x0000, 0x0000,
  0x0000, 0x0000, 0x0000, 0x0000, 0x0000, 0x0000, 0x0000, 0x0000, 0x0000, 0x0000, 0x0000, 0x0000,
  0x0000, 0x0000, 0x0000, 0x0000, 0x0000, 0x0000, 0x0000, 0x0000, 0x0000, 0x0000, 0x0000, 0x0000,
  0x0000, 0x0000, 0x0000, 0x0000, 0x0000, 0x0000, 0x0000, 0x0000, 0x0000, 0x0000, 0x0000, 0x0000,
  0x0000, 0x0000, 0x0000, 0x0000, 0x0000, 0x0000, 0x0000, 0x0000, 0x0000, 0x0000, 0x0000, 0x0000,
  0x0000, 0x0000, 0x0000, 0x0000, 0x0000, 0x0000, 0x0000, 0x0000, 0x0000, 0x0000, 0x0000, 0x0000,
  0x0000, 0x0000, 0x0000, 0x0000, 0x0000, 0x0000, 0x0000, 0x0000, 0x0020, 0x0020, 0x0000, 0x18E3,
  0x31A6, 0x2124, 0x18E3, 0x4208, 0x2965, 0x4228, 0x528A, 0x39E7, 0x18E3, 0x2124, 0x2965, 0x2945,
  0x39C7, 0x1082, 0x2945, 0x2965, 0x3186, 0x31A6, 0x39C7, 0x39E7, 0x2124, 0x2945, 0x3186, 0x2965,
  0x39C7, 0x2124, 0x2965, 0x2104, 0x31A6, 0x31A6, 0x0000, 0x0020, 0x0020, 0x0000, 0x0000, 0x0000,
  0x0000, 0x0000, 0x0000, 0x0000, 0x0000, 0x0000, 0x0000, 0x0000, 0x0000, 0x0000, 0x0000, 0x0000,
  0x0000, 0x0000, 0x0000, 0x0000, 0x0000, 0x0000, 0x0000, 0x0000, 0x0000, 0x0000, 0x0000, 0x0000,
  0x0000, 0x0000, 0x0000, 0x0000, 0x0000, 0x0000, 0x0000, 0x0000, 0x0000, 0x0000, 0x0000, 0x0000,
  0x0000, 0x0000, 0x0000, 0x0000, 0x0000, 0x0000, 0x0000, 0x0000, 0x0000, 0x0000, 0x0000, 0x0000,
  0x0000, 0x0000, 0x0000, 0x0000, 0x0000, 0x0000, 0x0000, 0x0000, 0x0000, 0x0000, 0x0000, 0x0000,
  0x0000, 0x0000, 0x0000, 0x0000, 0x0000, 0x0020, 0x0020, 0x0000, 0x0000, 0x0000, 0x0000, 0x0000,
  0x0000, 0x0000, 0x0000, 0x0000, 0x0000, 0x0000, 0x0000, 0x0000, 0x0000, 0x0000, 0x0000, 0x0000,
  0x0000, 0x0000, 0x0000, 0x0000, 0x0000, 0x0020, 0x0000, 0x0020, 0x0020, 0x0000, 0x1082, 0x18C3,
  0x31A6, 0x2945, 0x39C7, 0x18E3, 0x18C3, 0x0000, 0x0000, 0x0000, 0x0000, 0x0000, 0x0000, 0x0000,
  0x0000, 0x0000, 0x0000, 0x0000, 0x0000, 0x0000, 0x0000, 0x0000, 0x0020, 0x0000, 0x18E3, 0x18E3,
  0x39E7, 0x0020, 0x4208, 0x39C7, 0x18C3, 0x2965, 0x2124, 0x0000, 0x0020, 0x0000, 0x0000, 0x0000,
  0x0000, 0x0000, 0x0000, 0x0000, 0x0000, 0x0000, 0x0000, 0x0000, 0x0000, 0x0000, 0x0000, 0x0000,
  0x0000, 0x0000, 0x0000, 0x0000, 0x0000, 0x0000, 0x0000, 0x0000, 0x0000, 0x0000, 0x0000, 0x0000,
  0x0000, 0x0000, 0x0000, 0x0000, 0x0000, 0x0000, 0x0000, 0x0000, 0x0000, 0x0000, 0x0000, 0x0000,
  0x0000, 0x0000, 0x0000, 0x0000, 0x0000, 0x0000, 0x0000, 0x0000, 0x0000, 0x0000, 0x0000, 0x0000,
  0x0000, 0x0000, 0x0000, 0x0000, 0x0000, 0x0000, 0x0000, 0x0000, 0x0000, 0x0000, 0x0000, 0x0000,
  0x0000, 0x0000, 0x0000, 0x0000, 0x0000, 0x0000, 0x0000, 0x0000, 0x0000, 0x0000, 0x0000, 0x0000,
  0x0000, 0x0000, 0x0000, 0x0000, 0x0000, 0x0000, 0x0000, 0x0000, 0x0000, 0x0000, 0x0000, 0x0000,
  0x0000, 0x0020, 0x0000, 0x0841, 0x31A6, 0x3186, 0x3186, 0x3186, 0x2965, 0x2965, 0x10A2, 0x2104,
  0x39C7, 0x3186, 0x3186, 0x18C3, 0x2945, 0x18E3, 0x2945, 0x2104, 0x3186, 0x2965, 0x2945, 0x2124,
  0x10A2, 0x2945, 0x2124, 0x39C7, 0x2104, 0x39C7, 0x0861, 0x39E7, 0x18C3, 0x39E7, 0x10A2, 0x1082,
  0x0020, 0x0020, 0x0000, 0x0000, 0x0000, 0x0000, 0x0000, 0x0000, 0x0000, 0x0000, 0x0000, 0x0000,
  0x0000, 0x0000, 0x0000, 0x0000, 0x0000, 0x0000, 0x0000, 0x0000, 0x0000, 0x0000, 0x0000, 0x0000,
  0x0000, 0x0000, 0x0000, 0x0000, 0x0000, 0x0000, 0x0000, 0x0000, 0x0000, 0x0000, 0x0000, 0x0000,
  0x0000, 0x0000, 0x0000, 0x0000, 0x0000, 0x0000, 0x0000, 0x0000, 0x0000, 0x0000, 0x0000, 0x0000,
  0x0000, 0x0000, 0x0000, 0x0000, 0x0000, 0x0000, 0x0000, 0x0000, 0x0000, 0x0000, 0x0000, 0x0000,
  0x0000, 0x0000, 0x0000, 0x0000, 0x0000, 0x0000, 0x0000, 0x0000, 0x0000, 0x0000, 0x0000, 0x0000,
  0x0000, 0x0000, 0x0000, 0x0000, 0x0000, 0x0000, 0x0000, 0x0000, 0x0000, 0x0000, 0x0000, 0x0000,
  0x0000, 0x0000, 0x0000, 0x0000, 0x0000, 0x0000, 0x0000, 0x0000, 0x0000, 0x0000, 0x0000, 0x0000,
  0x0000, 0x0000, 0x0000, 0x0020, 0x0000, 0x0000, 0x3186, 0x18C3, 0x3186, 0x39E7, 0x10A2, 0x0000,
  0x0020, 0x0000, 0x0000, 0x0000, 0x0000, 0x0000, 0x0000, 0x0000, 0x0000, 0x0000, 0x0000, 0x0000,
  0x0000, 0x0000, 0x0020, 0x0000, 0x0861, 0x2124, 0x10A2, 0x31A6, 0x2945, 0x3186, 0x2945, 0x2965,
  0x31A6, 0x10A2, 0x0000, 0x0020, 0x0000, 0x0000, 0x0000, 0x0000, 0x0000, 0x0000, 0x0000, 0x0000,
  0x0000, 0x0000, 0x0000, 0x0000, 0x0000, 0x0000, 0x0000, 0x0000, 0x0000, 0x0000, 0x0000, 0x0000,
  0x0000, 0x0000, 0x0000, 0x0000, 0x0000, 0x0000, 0x0000, 0x0000, 0x0000, 0x0000, 0x0000, 0x0000,
  0x0000, 0x0000, 0x0000, 0x0000, 0x0000, 0x0000, 0x0000, 0x0000, 0x0000, 0x0000, 0x0000, 0x0000,
  0x0000, 0x0000, 0x0000, 0x0000, 0x0000, 0x0000, 0x0000, 0x0000, 0x0000, 0x0000, 0x0000, 0x0000,
  0x0000, 0x0000, 0x0000, 0x0000, 0x0000, 0x0000, 0x0000, 0x0000, 0x0000, 0x0000, 0x0000, 0x0000,
  0x0000, 0x0000, 0x0000, 0x0000, 0x0000, 0x0000, 0x0000, 0x0000, 0x0000, 0x0000, 0x0000, 0x0000,
  0x0000, 0x0000, 0x0000, 0x0000, 0x0000, 0x0000, 0x0020, 0x0000, 0x10A2, 0x3186, 0x2965, 0x2104,
  0x31A6, 0x18C3, 0x2965, 0x4228, 0x10A2, 0x2945, 0x1082, 0x2124, 0x18C3, 0x18E3, 0x3186, 0x2965,
  0x2945, 0x39C7, 0x2965, 0x2965, 0x2124, 0x2965, 0x3186, 0x4208, 0x31A6, 0x39C7, 0x2945, 0x2124,
  0x31A6, 0x31A6, 0x31A6, 0x2945, 0x0000, 0x0000, 0x0020, 0x0000, 0x0000, 0x0000, 0x0000, 0x0000,
  0x0000, 0x0000, 0x0000, 0x0000, 0x0000, 0x0000, 0x0000, 0x0000, 0x0000, 0x0000, 0x0000, 0x0000,
  0x0000, 0x0000, 0x0000, 0x0000, 0x0000, 0x0000, 0x0000, 0x0000, 0x0000, 0x0000, 0x0000, 0x0000,
  0x0000, 0x0000, 0x0000, 0x0000, 0x0000, 0x0000, 0x0000, 0x0000, 0x0000, 0x0000, 0x0000, 0x0000,
  0x0000, 0x0000, 0x0000, 0x0000, 0x0000, 0x0000, 0x0000, 0x0000, 0x0000, 0x0000, 0x0000, 0x0000,
  0x0000, 0x0000, 0x0000, 0x0000, 0x0000, 0x0000, 0x0000, 0x0000, 0x0000, 0x0000, 0x0000, 0x0000,
  0x0000, 0x0000, 0x0000, 0x0000, 0x0000, 0x0000, 0x0000, 0x0000, 0x0000, 0x0000, 0x0000, 0x0000,
  0x0000, 0x0000, 0x0000, 0x0000, 0x0000, 0x0000, 0x0000, 0x0000, 0x0000, 0x0000, 0x0000, 0x0000,
  0x0000, 0x0000, 0x0000, 0x0000, 0x0000, 0x0000, 0x0000, 0x0000, 0x0000, 0x0000, 0x0000, 0x0020,
  0x0000, 0x0000, 0x3186, 0x2965, 0x0000, 0x0000, 0x0000, 0x0000, 0x0000, 0x0000, 0x0000, 0x0000,
  0x0000, 0x0000, 0x0000, 0x0000, 0x0000, 0x0000, 0x0000, 0x0000, 0x0000, 0x0000, 0x0861, 0x2124,
  0x39E7, 0x2104, 0x31A6, 0x3186, 0x2965, 0x3186, 0x31A6, 0x2965, 0x2124, 0x0000, 0x0020, 0x0000,
  0x0000, 0x0000, 0x0000, 0x0000, 0x0000, 0x0000, 0x0000, 0x0000, 0x0000, 0x0000, 0x0000, 0x0000,
  0x0000, 0x0000, 0x0000, 0x0000, 0x0000, 0x0000, 0x0000, 0x0000, 0x0000, 0x0000, 0x0000, 0x0000,
  0x0000, 0x0000, 0x0000, 0x0000, 0x0000, 0x0000, 0x0000, 0x0000, 0x0000, 0x0000, 0x0000, 0x0000,
  0x0000, 0x0000, 0x0000, 0x0000, 0x0000, 0x0000, 0x0000, 0x0000, 0x0000, 0x0000, 0x0000, 0x0000,
  0x0000, 0x0000, 0x0000, 0x0000, 0x0000, 0x0000, 0x0000, 0x0000, 0x0000, 0x0000, 0x0000, 0x0000,
  0x0000, 0x0000, 0x0000, 0x0000, 0x0000, 0x0000, 0x0000, 0x0000, 0x0000, 0x0000, 0x0000, 0x0000,
  0x0000, 0x0000, 0x0000, 0x0000, 0x0000, 0x0000, 0x0000, 0x0000, 0x0000, 0x0000, 0x0000, 0x0000,
  0x0000, 0x18C3, 0x2945, 0x39C7, 0x2965, 0x2965, 0x2965, 0x2965, 0x10A2, 0x39E7, 0x31A6, 0x39C7,
  0x3186, 0x2945, 0x39E7, 0x39C7, 0x10A2, 0x31A6, 0x3186, 0x2965, 0x39C7, 0x3186, 0x3186, 0x39E7,
  0x2965, 0x3186, 0x0861, 0x31A6, 0x31A6, 0x39C7, 0x39C7, 0x0000, 0x0020, 0x0000, 0x0000, 0x0020,
  0x0000, 0x0000, 0x0000, 0x0000, 0x0000, 0x0000, 0x0000, 0x0000, 0x0000, 0x0000, 0x0000, 0x0000,
  0x0000, 0x0000, 0x0000, 0x0000, 0x0000, 0x0000, 0x0000, 0x0000, 0x0000, 0x0000, 0x0000, 0x0000,
  0x0000, 0x0000, 0x0000, 0x0000, 0x0000, 0x0000, 0x0000, 0x0000, 0x0000, 0x0000, 0x0000, 0x0000,
  0x0000, 0x0000, 0x0000, 0x0000, 0x0000, 0x0000, 0x0000, 0x0000, 0x0000, 0x0000, 0x0000, 0x0000,
  0x0000, 0x0000, 0x0000, 0x0000, 0x0000, 0x0000, 0x0000, 0x0000, 0x0000, 0x0000, 0x0000, 0x0000,
  0x0000, 0x0000, 0x0000, 0x0000, 0x0000, 0x0000, 0x0000, 0x0000, 0x0000, 0x0000, 0x0000, 0x0000,
  0x0000, 0x0000, 0x0000, 0x0000, 0x0000, 0x0000, 0x0000, 0x0000, 0x0000, 0x0000, 0x0000, 0x0000,
  0x0000, 0x0000, 0x0000, 0x0000, 0x0000, 0x0000, 0x0000, 0x0000, 0x0000, 0x0000, 0x0000, 0x0000,
  0x0000, 0x2104, 0x0841, 0x0000, 0x0000, 0x0000, 0x0020, 0x0000, 0x0020, 0x0000, 0x39E7, 0x10A2,
  0x2104, 0x0020, 0x0020, 0x0000, 0x0000, 0x0000, 0x0000, 0x0000, 0x0000, 0x0000, 0x0000, 0x0000,
  0x0000, 0x0000, 0x0000, 0x0000, 0x0020, 0x0861, 0x0020, 0x0861, 0x2124, 0x18E3, 0x2965, 0x3186,
  0x2965, 0x2945, 0x39C7, 0x18C3, 0x0000, 0x0020, 0x0000, 0x0000, 0x0000, 0x0000, 0x0000, 0x0000,
  0x0000, 0x0000, 0x0000, 0x0000, 0x0000, 0x0000, 0x0000, 0x0000, 0x0000, 0x0000, 0x0000, 0x0000,
  0x0000, 0x0000, 0x0000, 0x0000, 0x0000, 0x0000, 0x0000, 0x0000, 0x0000, 0x0000, 0x0000, 0x0000,
  0x0000, 0x0000, 0x0000, 0x0000, 0x0000, 0x0000, 0x0000, 0x0000, 0x0000, 0x0000, 0x0000, 0x0000,
  0x0000, 0x0000, 0x0000, 0x0000, 0x0000, 0x0000, 0x0000, 0x0000, 0x0000, 0x0000, 0x0000, 0x0000,
  0x0000, 0x0000, 0x0000, 0x0000, 0x0000, 0x0000, 0x0000, 0x0000, 0x0000, 0x0000, 0x0000, 0x0000,
  0x0000, 0x0000, 0x0000, 0x0000, 0x0000, 0x0000, 0x0000, 0x0000, 0x0000, 0x0000, 0x0000, 0x0000,
  0x0000, 0x0000, 0x0000, 0x0000, 0x0000, 0x0020, 0x0841, 0x31A6, 0x3186, 0x3186, 0x2965, 0x31A6,
  0x3186, 0x39E7, 0x3186, 0x2945, 0x3186, 0x31A6, 0x2965, 0x2124, 0x3186, 0x3186, 0x2945, 0x39C7,
  0x39C7, 0x39C7, 0x10A2, 0x2965, 0x2945, 0x3186, 0x39C7, 0x2124, 0x2965, 0x39C7, 0x1082, 0x1082,
  0x0020, 0x0000, 0x0020, 0x0020, 0x0000, 0x0000, 0x0000, 0x0000, 0x0000, 0x0000, 0x0000, 0x0000,
  0x0000, 0x0000, 0x0000, 0x0000, 0x0000, 0x0000, 0x0000, 0x0000, 0x0000, 0x0000, 0x0000, 0x0000,
  0x0000, 0x0000, 0x0000, 0x0000, 0x0000, 0x0000, 0x0000, 0x0000, 0x0000, 0x0000, 0x0000, 0x0000,
  0x0000, 0x0000, 0x0000, 0x0000, 0x0000, 0x0000, 0x0000, 0x0000, 0x0000, 0x0000, 0x0000, 0x0000,
  0x0000, 0x0000, 0x0000, 0x0000, 0x0000, 0x0000, 0x0000, 0x0000, 0x0000, 0x0000, 0x0000, 0x0000,
  0x0000, 0x0000, 0x0000, 0x0000, 0x0000, 0x0000, 0x0000, 0x0000, 0x0000, 0x0000, 0x0000, 0x0000,
  0x0000, 0x0000, 0x0000, 0x0000, 0x0000, 0x0000, 0x0000, 0x0000, 0x0000, 0x0000, 0x0000, 0x0000,
  0x0000, 0x0000, 0x0000, 0x0000, 0x0000, 0x0000, 0x0000, 0x0000, 0x0000, 0x0000, 0x0000, 0x0000,
  0x0000, 0x0000, 0x0000, 0x0000, 0x0000, 0x0000, 0x0000, 0x0841, 0x0020, 0x0000, 0x0000, 0x0000,
  0x0000, 0x0000, 0x0000, 0x0020, 0x10A2, 0x1082, 0x2965, 0x2124, 0x2945, 0x0000, 0x0020, 0x0000,
  0x0000, 0x0000, 0x0000, 0x0000, 0x0000, 0x0000, 0x0000, 0x0000, 0x0000, 0x0000, 0x0000, 0x0000,
  0x0000, 0x0000, 0x0841, 0x18C3, 0x2945, 0x31A6, 0x0861, 0x3186, 0x3186, 0x2965, 0x3186, 0x0000,
  0x0000, 0x0000, 0x0000, 0x0000, 0x0000, 0x0000, 0x0000, 0x0000, 0x0000, 0x0000, 0x0000, 0x0000,
  0x0000, 0x0000, 0x0000, 0x0000, 0x0000, 0x0000, 0x0000, 0x0000, 0x0000, 0x0000, 0x0000, 0x0000,
  0x0000, 0x0000, 0x0000, 0x0000, 0x0000, 0x0000, 0x0000, 0x0000, 0x0000, 0x0000, 0x0000, 0x0000,
  0x0000, 0x0000, 0x0000, 0x0000, 0x0000, 0x0000, 0x0000, 0x0000, 0x0000, 0x0000, 0x0000, 0x0000,
  0x0000, 0x0000, 0x0000, 0x0000, 0x0000, 0x0000, 0x0000, 0x0000, 0x0000, 0x0000, 0x0000, 0x0000,
  0x0000, 0x0000, 0x0000, 0x0000, 0x0000, 0x0000, 0x0000, 0x0000, 0x0000, 0x0000, 0x0000, 0x0000,
  0x0000, 0x0000, 0x0000, 0x0000, 0x0000, 0x0000, 0x0000, 0x0000, 0x0000, 0x0020, 0x0000, 0x0020,
  0x39C7, 0x31A6, 0x18C3, 0x3186, 0x18C3, 0x2965, 0x0841, 0x10A2, 0x10A2, 0x31A6, 0x2945, 0x39C7,
  0x2104, 0x3186, 0x3186, 0x18C3, 0x31A6, 0x2945, 0x2124, 0x31A6, 0x2965, 0x2965, 0x39E7, 0x3186,
  0x2965, 0x2965, 0x39E7, 0x18E3, 0x0020, 0x0000, 0x0000, 0x0000, 0x0000, 0x0000, 0x0000, 0x0000,
  0x0000, 0x0000, 0x0000, 0x0000, 0x0000, 0x0000, 0x0000, 0x0000, 0x0000, 0x0000, 0x0000, 0x0000,
  0x0000, 0x0000, 0x0000, 0x0000, 0x0000, 0x0000, 0x0000, 0x0000, 0x0000, 0x0000, 0x0000, 0x0000,
  0x0000, 0x0000, 0x0000, 0x0000, 0x0000, 0x0000, 0x0000, 0x0000, 0x0000, 0x0000, 0x0000, 0x0000,
  0x0000, 0x0000, 0x0000, 0x0000, 0x0000, 0x0000, 0x0000, 0x0000, 0x0000, 0x0000, 0x0000, 0x0000,
  0x0000, 0x0000, 0x0000, 0x0000, 0x0000, 0x0000, 0x0000, 0x0000, 0x0000, 0x0000, 0x0000, 0x0000,
  0x0000, 0x0000, 0x0000, 0x0000, 0x0000, 0x0000, 0x0000, 0x0000, 0x0000, 0x0000, 0x0000, 0x0000,
  0x0000, 0x0000, 0x0000, 0x0000, 0x0000, 0x0000, 0x0000, 0x0000, 0x0000, 0x0000, 0x0000, 0x0000,
  0x0000, 0x0000, 0x0000, 0x0000, 0x0000, 0x0000, 0x0000, 0x0000, 0x0000, 0x0000, 0x0000, 0x0000,
  0x0000, 0x0000, 0x0000, 0x0000, 0x0000, 0x0000, 0x0000, 0x0000, 0x0000, 0x0000, 0x0000, 0x0000,
  0x0000, 0x2124, 0x2965, 0x0000, 0x0020, 0x0000, 0x0000, 0x0000, 0x0000, 0x0000, 0x0000, 0x0000,
  0x0000, 0x0000, 0x0000, 0x0000, 0x0000, 0x0000, 0x0020, 0x0000, 0x2104, 0x2945, 0x2965, 0x2965,
  0x39E7, 0x31A6, 0x3186, 0x2124, 0x31A6, 0x18E3, 0x0861, 0x0000, 0x0000, 0x0000, 0x0000, 0x0000,
  0x0000, 0x0000, 0x0000, 0x0000, 0x0000, 0x0000, 0x0000, 0x0000, 0x0000, 0x0000, 0x0000, 0x0000,
  0x0000, 0x0000, 0x0000, 0x0000, 0x0000, 0x0000, 0x0000, 0x0000, 0x0000, 0x0000, 0x0000, 0x0000,
  0x0000, 0x0000, 0x0000, 0x0000, 0x0000, 0x0000, 0x0000, 0x0000, 0x0000, 0x0000, 0x0000, 0x0000,
  0x0000, 0x0000, 0x0000, 0x0000, 0x0000, 0x0000, 0x0000, 0x0000, 0x0000, 0x0000, 0x0000, 0x0000,
  0x0000, 0x0000, 0x0000, 0x0000, 0x0000, 0x0000, 0x0000, 0x0000, 0x0000, 0x0000, 0x0000, 0x0000,
  0x0000, 0x0000, 0x0000, 0x0000, 0x0000, 0x0000, 0x0000, 0x0000, 0x0000, 0x0000, 0x0000, 0x0000,
  0x0000, 0x0000, 0x0020, 0x0000, 0x0861, 0x2965, 0x2965, 0x3186, 0x2945, 0x3186, 0x2965, 0x2104,
  0x10A2, 0x31A6, 0x39C7, 0x3186, 0x10A2, 0x3186, 0x10A2, 0x31A6, 0x31A6, 0x2945, 0x3186, 0x18E3,
  0x31A6, 0x2945, 0x2965, 0x31A6, 0x10A2, 0x2965, 0x10A2, 0x18E3, 0x2104, 0x1082, 0x0000, 0x0020,
  0x0000, 0x0000, 0x0000, 0x0000, 0x0000, 0x0000, 0x0000, 0x0000, 0x0000, 0x0000, 0x0000, 0x0000,
  0x0000, 0x0000, 0x0000, 0x0000, 0x0000, 0x0000, 0x0000, 0x0000, 0x0000, 0x0000, 0x0000, 0x0000,
  0x0000, 0x0000, 0x0000, 0x0000, 0x0000, 0x0000, 0x0000, 0x0000, 0x0000, 0x0000, 0x0000, 0x0000,
  0x0000, 0x0000, 0x0000, 0x0000, 0x0000, 0x0000, 0x0000, 0x0000, 0x0000, 0x0000, 0x0000, 0x0000,
  0x0000, 0x0000, 0x0000, 0x0000, 0x0000, 0x0000, 0x0000, 0x0000, 0x0000, 0x0000, 0x0000, 0x0000,
  0x0000, 0x0000, 0x0000, 0x0000, 0x0000, 0x0000, 0x0000, 0x0000, 0x0000, 0x0000, 0x0000, 0x0000,
  0x0000, 0x0000, 0x0000, 0x0000, 0x0000, 0x0000, 0x0000, 0x0000, 0x0000, 0x0000, 0x0000, 0x0000,
  0x0000, 0x0000, 0x0000, 0x0000, 0x0000, 0x0000, 0x0000, 0x0000, 0x0000, 0x0000, 0x0000, 0x0000,
  0x0000, 0x0000, 0x0000, 0x0000, 0x0000, 0x0000, 0x0000, 0x0000, 0x0000, 0x0000, 0x0000, 0x0000,
  0x0000, 0x0000, 0x0000, 0x0000, 0x0020, 0x0020, 0x0000, 0x10A2, 0x18C3, 0x0000, 0x0000, 0x0000,
  0x0000, 0x0000, 0x0000, 0x0000, 0x0000, 0x0000, 0x0000, 0x0000, 0x0000, 0x0000, 0x0000, 0x0000,
  0x0000, 0x0000, 0x10A2, 0x2945, 0x2965, 0x39C7, 0x0841, 0x18C3, 0x18C3, 0x4208, 0x2124, 0x3186,
  0x3186, 0x0000, 0x0000, 0x0000, 0x0000, 0x0000, 0x0000, 0x0000, 0x0000, 0x0000, 0x0000, 0x0000,
  0x0000, 0x0000, 0x0000, 0x0000, 0x0000, 0x0000, 0x0000, 0x0000, 0x0000, 0x0000, 0x0000, 0x0000,
  0x0000, 0x0000, 0x0000, 0x0000, 0x0000, 0x0000, 0x0000, 0x0000, 0x0000, 0x0000, 0x0000, 0x0000,
  0x0000, 0x0000, 0x0000, 0x0000, 0x0000, 0x0000, 0x0000, 0x0000, 0x0000, 0x0000, 0x0000, 0x0000,
  0x0000, 0x0000, 0x0000, 0x0000, 0x0000, 0x0000, 0x0000, 0x0000, 0x0000, 0x0000, 0x0000, 0x0000,
  0x0000, 0x0000, 0x0000, 0x0000, 0x0000, 0x0000, 0x0000, 0x0000, 0x0000, 0x0000, 0x0000, 0x0000,
  0x0000, 0x0000, 0x0000, 0x0000, 0x0000, 0x0000, 0x0000, 0x0020, 0x0000, 0x18C3, 0x2965, 0x2965,
  0x2945, 0x2945, 0x3186, 0x3166, 0x2945, 0x4A69, 0x4208, 0x31A6, 0x2945, 0x39C7, 0x3186, 0x2124,
  0x39E7, 0x3186, 0x2945, 0x2965, 0x3186, 0x2965, 0x31A6, 0x3186, 0x2124, 0x39C7, 0x2965, 0x31A6,
  0x2104, 0x0000, 0x0000, 0x0000, 0x0000, 0x0000, 0x0000, 0x0000, 0x0000, 0x0000, 0x0000, 0x0000,
  0x0000, 0x0000, 0x0000, 0x0000, 0x0000, 0x0000, 0x0000, 0x0000, 0x0000, 0x0000, 0x0000, 0x0000,
  0x0000, 0x0000, 0x0000, 0x0000, 0x0000, 0x0000, 0x0000, 0x0000, 0x0000, 0x0000, 0x0000, 0x0000,
  0x0000, 0x0000, 0x0000, 0x0000, 0x0000, 0x0000, 0x0000, 0x0000, 0x0000, 0x0000, 0x0000, 0x0000,
  0x0000, 0x0000, 0x0000, 0x0000, 0x0000, 0x0000, 0x0000, 0x0000, 0x0000, 0x0000, 0x0000, 0x0000,
  0x0000, 0x0000, 0x0000, 0x0000, 0x0000, 0x0000, 0x0000, 0x0000, 0x0000, 0x0000, 0x0000, 0x0000,
  0x0000, 0x0000, 0x0000, 0x0000, 0x0000, 0x0000, 0x0000, 0x0000, 0x0000, 0x0000, 0x0000, 0x0000,
  0x0000, 0x0000, 0x0000, 0x0000, 0x0000, 0x0000, 0x0000, 0x0000, 0x0000, 0x0000, 0x0000, 0x0000,
  0x0000, 0x0000, 0x0000, 0x0000, 0x0000, 0x0000, 0x0000, 0x0000, 0x0000, 0x0000, 0x0000, 0x0000,
  0x0000, 0x0000, 0x0000, 0x0000, 0x0000, 0x0000, 0x0000, 0x0000, 0x0000, 0x0000, 0x0000, 0x0000,
  0x0000, 0x0000, 0x0000, 0x0000, 0x0000, 0x0000, 0x0000, 0x0000, 0x0000, 0x0000, 0x0000, 0x0000,
  0x0000, 0x0000, 0x0000, 0x0000, 0x0000, 0x0000, 0x0000, 0x0000, 0x0000, 0x1082, 0x2104, 0x2965,
  0x2124, 0x3186, 0x2104, 0x18C3, 0x2124, 0x2965, 0x3186, 0x1082, 0x0020, 0x0000, 0x0000, 0x0000,
  0x0000, 0x0000, 0x0000, 0x0000, 0x0000, 0x0000, 0x0000, 0x0000, 0x0000, 0x0000, 0x0000, 0x0000,
  0x0000, 0x0000, 0x0000, 0x0000, 0x0000, 0x0000, 0x0000, 0x0000, 0x0000, 0x0000, 0x0000, 0x0000,
  0x0000, 0x0000, 0x0000, 0x0000, 0x0000, 0x0000, 0x0000, 0x0000, 0x0000, 0x0000, 0x0000, 0x0000,
  0x0000, 0x0000, 0x0000, 0x0000, 0x0000, 0x0000, 0x0000, 0x0000, 0x0000, 0x0000, 0x0000, 0x0000,
  0x0000, 0x0000, 0x0000, 0x0000, 0x0000, 0x0000, 0x0000, 0x0000, 0x0000, 0x0000, 0x0000, 0x0000,
  0x0000, 0x0000, 0x0000, 0x0000, 0x0000, 0x0000, 0x0000, 0x0000, 0x0000, 0x0000, 0x0000, 0x0000,
  0x0000, 0x0000, 0x1082, 0x2965, 0x39C7, 0x2945, 0x2965, 0x2965, 0x31A6, 0x2124, 0x18E3, 0x31A6,
  0x18E3, 0x10A2, 0x39E7, 0x2945, 0x2965, 0x31A6, 0x2945, 0x39C7, 0x2124, 0x2124, 0x31A6, 0x3186,
  0x39E7, 0x18E3, 0x2945, 0x2104, 0x2945, 0x18C3, 0x2965, 0x0000, 0x0020, 0x0000, 0x0000, 0x0000,
  0x0000, 0x0000, 0x0000, 0x0000, 0x0000, 0x0000, 0x0000, 0x0000, 0x0000, 0x0000, 0x0000, 0x0000,
  0x0000, 0x0000, 0x0000, 0x0000, 0x0000, 0x0000, 0x0000, 0x0000, 0x0000, 0x0000, 0x0000, 0x0000,
  0x0000, 0x0000, 0x0000, 0x0000, 0x0000, 0x0000, 0x0000, 0x0000, 0x0000, 0x0000, 0x0000, 0x0000,
  0x0000, 0x0000, 0x0000, 0x0000, 0x0000, 0x0000, 0x0000, 0x0000, 0x0000, 0x0000, 0x0000, 0x0000,
  0x0000, 0x0000, 0x0000, 0x0000, 0x0000, 0x0000, 0x0000, 0x0000, 0x0000, 0x0000, 0x0000, 0x0000,
  0x0000, 0x0000, 0x0000, 0x0000, 0x0000, 0x0000, 0x0000, 0x0000, 0x0000, 0x0000, 0x0000, 0x0000,
  0x0000, 0x0000, 0x0000, 0x0000, 0x0000, 0x0000, 0x0000, 0x0000, 0x0000, 0x0000, 0x0000, 0x0000,
  0x0000, 0x0000, 0x0000, 0x0000, 0x0000, 0x0000, 0x0000, 0x0000, 0x0000, 0x0000, 0x0000, 0x0000,
  0x0000, 0x0000, 0x0000, 0x0000, 0x0000, 0x0000, 0x0000, 0x0000, 0x0000, 0x0000, 0x0000, 0x0000,
  0x0000, 0x0000, 0x0000, 0x0000, 0x0000, 0x0000, 0x0000, 0x0020, 0x0020, 0x0000, 0x0000, 0x0000,
  0x0000, 0x0000, 0x0000, 0x0000, 0x0000, 0x0000, 0x0000, 0x0000, 0x0000, 0x0000, 0x0000, 0x0000,
  0x0000, 0x0000, 0x0020, 0x18E3, 0x39C7, 0x2104, 0x39C7, 0x18C3, 0x10A2, 0x39E7, 0x31A6, 0x31A6,
  0x3186, 0x4208, 0x10A2, 0x0000, 0x0020, 0x0000, 0x0000, 0x0000, 0x0000, 0x0000, 0x0000, 0x0000,
  0x0000, 0x0000, 0x0000, 0x0000, 0x0000, 0x0000, 0x0000, 0x0000, 0x0000, 0x0000, 0x0000, 0x0000,
  0x0000, 0x0000, 0x0000, 0x0000, 0x0000, 0x0000, 0x0000, 0x0000, 0x0000, 0x0000, 0x0000, 0x0000,
  0x0000, 0x0000, 0x0000, 0x0000, 0x0000, 0x0000, 0x0000, 0x0000, 0x0000, 0x0000, 0x0000, 0x0000,
  0x0000, 0x0000, 0x0000, 0x0000, 0x0000, 0x0000, 0x0000, 0x0000, 0x0000, 0x0000, 0x0000, 0x0000,
  0x0000, 0x0000, 0x0000, 0x0000, 0x0000, 0x0000, 0x0000, 0x0000, 0x0000, 0x0000, 0x0000, 0x0000,
  0x0000, 0x0000, 0x0000, 0x0000, 0x0000, 0x0000, 0x0020, 0x0000, 0x39E7, 0x3186, 0x31A6, 0x3186,
  0x3186, 0x31A6, 0x31A6, 0x2945, 0x18C2, 0x1082, 0x2945, 0x10A2, 0x3186, 0x2124, 0x4208, 0x31A6,
  0x31A6, 0x2124, 0x31A6, 0x3186, 0x2965, 0x2965, 0x18C3, 0x3186, 0x2124, 0x39E7, 0x10A2, 0x0000,
  0x0000, 0x0000, 0x0000, 0x0000, 0x0000, 0x0000, 0x0000, 0x0000, 0x0000, 0x0000, 0x0000, 0x0000,
  0x0000, 0x0000, 0x0000, 0x0000, 0x0000, 0x0000, 0x0000, 0x0000, 0x0000, 0x0000, 0x0000, 0x0000,
  0x0000, 0x0000, 0x0000, 0x0000, 0x0000, 0x0000, 0x0000, 0x0000, 0x0000, 0x0000, 0x0000, 0x0000,
  0x0000, 0x0000, 0x0000, 0x0000, 0x0000, 0x0000, 0x0000, 0x0000, 0x0000, 0x0000, 0x0000, 0x0000,
  0x0000, 0x0000, 0x0000, 0x0000, 0x0000, 0x0000, 0x0000, 0x0000, 0x0000, 0x0000, 0x0020, 0x0020,
  0x0020, 0x0020, 0x0020, 0x0020, 0x0020, 0x0020, 0x0000, 0x0000, 0x0000, 0x0000, 0x0000, 0x0000,
  0x0000, 0x0000, 0x0000, 0x0000, 0x0000, 0x0000, 0x0000, 0x0000, 0x0000, 0x0000, 0x0000, 0x0000,
  0x0000, 0x0000, 0x0000, 0x0000, 0x0000, 0x0000, 0x0000, 0x0000, 0x0000, 0x0000, 0x0000, 0x0000,
  0x0000, 0x0000, 0x0000, 0x0000, 0x0000, 0x0000, 0x0000, 0x0000, 0x0000, 0x0000, 0x0000, 0x0000,
  0x0000, 0x0000, 0x0000, 0x0000, 0x0000, 0x0000, 0x0000, 0x0000, 0x0000, 0x0000, 0x0000, 0x0000,
  0x0000, 0x0000, 0x0000, 0x0000, 0x0000, 0x0000, 0x0000, 0x0000, 0x0000, 0x0000, 0x0000, 0x0000,
  0x0000, 0x0000, 0x0000, 0x0000, 0x0000, 0x0000, 0x0000, 0x0020, 0x0000, 0x4208, 0x18C3, 0x2124,
  0x31A6, 0x2945, 0x18C3, 0x2945, 0x1082, 0x2124, 0x18E3, 0x2124, 0x3186, 0x3186, 0x0020, 0x0020,
  0x0000, 0x0000, 0x0000, 0x0000, 0x0000, 0x0000, 0x0000, 0x0000, 0x0000, 0x0000, 0x0000, 0x0000,
  0x0000, 0x0000, 0x0000, 0x0000, 0x0000, 0x0000, 0x0000, 0x0000, 0x0000, 0x0000, 0x0000, 0x0000,
  0x0000, 0x0000, 0x0000, 0x0000, 0x0000, 0x0000, 0x0000, 0x0000, 0x0000, 0x0000, 0x0000, 0x0000,
  0x0000, 0x0000, 0x0000, 0x0000, 0x0000, 0x0000, 0x0000, 0x0000, 0x0000, 0x0000, 0x0000, 0x0000,
  0x0000, 0x0000, 0x0000, 0x0000, 0x0000, 0x0000, 0x0000, 0x0000, 0x0000, 0x0000, 0x0000, 0x0000,
  0x0000, 0x0000, 0x0000, 0x0000, 0x0000, 0x0000, 0x0000, 0x0000, 0x0000, 0x0000, 0x0000, 0x0020,
  0x0000, 0x2965, 0x3186, 0x2104, 0x2965, 0x18C3, 0x2945, 0x2104, 0x2945, 0x31A6, 0x3186, 0x31A6,
  0x2965, 0x39C7, 0x2965, 0x2965, 0x2965, 0x18C3, 0x2965, 0x2124, 0x31A6, 0x2945, 0x2104, 0x2945,
  0x4228, 0x2965, 0x2965, 0x0861, 0x0000, 0x0020, 0x0020, 0x0000, 0x0000, 0x0000, 0x0000, 0x0000,
  0x0000, 0x0000, 0x0000, 0x0000, 0x0000, 0x0000, 0x0000, 0x0000, 0x0000, 0x0000, 0x0000, 0x0000,
  0x0000, 0x0000, 0x0000, 0x0000, 0x0000, 0x0000, 0x0000, 0x0000, 0x0000, 0x0000, 0x0000, 0x0000,
  0x0000, 0x0000, 0x0000, 0x0000, 0x0000, 0x0000, 0x0000, 0x0000, 0x0000, 0x0000, 0x0000, 0x0000,
  0x0000, 0x0000, 0x0000, 0x0000, 0x0000, 0x0000, 0x0000, 0x0000, 0x0000, 0x0000, 0x0000, 0x0000,
  0x0000, 0x0000, 0x0020, 0x0020, 0x0000, 0x0000, 0x0000, 0x0000, 0x0000, 0x0000, 0x0000, 0x0000,
  0x0020, 0x0020, 0x0000, 0x0000, 0x0000, 0x0000, 0x0000, 0x0000, 0x0000, 0x0000, 0x0000, 0x0000,
  0x0000, 0x0000, 0x0000, 0x0000, 0x0000, 0x0000, 0x0000, 0x0000, 0x0000, 0x0000, 0x0000, 0x0000,
  0x0000, 0x0000, 0x0000, 0x0000, 0x0000, 0x0000, 0x0000, 0x0000, 0x0000, 0x0000, 0x0000, 0x0000,
  0x0000, 0x0000, 0x0000, 0x0000, 0x0000, 0x0000, 0x0000, 0x0000, 0x0000, 0x0000, 0x0000, 0x0000,
  0x0000, 0x0000, 0x0000, 0x0000, 0x0000, 0x0000, 0x0000, 0x0000, 0x0000, 0x0000, 0x0000, 0x0000,
  0x0000, 0x0000, 0x0020, 0x0841, 0x0000, 0x0000, 0x0000, 0x0000, 0x0000, 0x0000, 0x0000, 0x0000,
  0x0000, 0x0000, 0x0000, 0x0861, 0x0841, 0x0000, 0x0000, 0x39C7, 0x3186, 0x2965, 0x2965, 0x2104,
  0x2104, 0x2945, 0x31A6, 0x18E3, 0x0020, 0x0000, 0x0000, 0x0000, 0x0000, 0x0000, 0x0000, 0x0000,
  0x0000, 0x0000, 0x0000, 0x0000, 0x0000, 0x0000, 0x0000, 0x0000, 0x0000, 0x0000, 0x0000, 0x0000,
  0x0000, 0x0000, 0x0000, 0x0000, 0x0000, 0x0000, 0x0000, 0x0000, 0x0000, 0x0000, 0x0000, 0x0000,
  0x0000, 0x0000, 0x0000, 0x0000, 0x0000, 0x0000, 0x0000, 0x0000, 0x0000, 0x0000, 0x0000, 0x0000,
  0x0000, 0x0000, 0x0000, 0x0000, 0x0000, 0x0000, 0x0000, 0x0000, 0x0000, 0x0000, 0x0000, 0x0000,
  0x0000, 0x0000, 0x0000, 0x0000, 0x0000, 0x0000, 0x0000, 0x0000, 0x0000, 0x0000, 0x0000, 0x0000,
  0x0000, 0x0000, 0x0000, 0x0000, 0x0000, 0x0000, 0x2124, 0x2965, 0x2124, 0x2945, 0x2965, 0x2124,
  0x39C7, 0x2965, 0x39C7, 0x18E3, 0x2104, 0x2945, 0x2104, 0x31A6, 0x2124, 0x3186, 0x18C3, 0x2945,
  0x31A6, 0x3186, 0x3186, 0x3186, 0x31A6, 0x2124, 0x2104, 0x18C3, 0x2965, 0x0000, 0x0020, 0x0000,
  0x0000, 0x0000, 0x0000, 0x0000, 0x0000, 0x0000, 0x0000, 0x0000, 0x0000, 0x0000, 0x0000, 0x0000,
  0x0000, 0x0000, 0x0000, 0x0000, 0x0000, 0x0000, 0x0000, 0x0000, 0x0000, 0x0000, 0x0000, 0x0000,
  0x0000, 0x0000, 0x0000, 0x0000, 0x0000, 0x0000, 0x0000, 0x0000, 0x0000, 0x0000, 0x0000, 0x0000,
  0x0000, 0x0000, 0x0000, 0x0000, 0x0000, 0x0000, 0x0000, 0x0000, 0x0000, 0x0000, 0x0000, 0x0000,
  0x0000, 0x0000, 0x0000, 0x0000, 0x0000, 0x0000, 0x0020, 0x0020, 0x0000, 0x0000, 0x5AEB, 0x630C,
  0x5ACB, 0x630C, 0x5ACB, 0x1082, 0x528A, 0x3186, 0x0000, 0x0000, 0x0020, 0x0020, 0x0020, 0x0000,
  0x0000, 0x0000, 0x0000, 0x0000, 0x0000, 0x0000, 0x0000, 0x0000, 0x0000, 0x0000, 0x0000, 0x0000,
  0x0000, 0x0000, 0x0000, 0x0000, 0x0000, 0x0000, 0x0000, 0x0000, 0x0000, 0x0000, 0x0000, 0x0000,
  0x0000, 0x0000, 0x0000, 0x0000, 0x0000, 0x0000, 0x0000, 0x0000, 0x0000, 0x0000, 0x0000, 0x0000,
  0x0000, 0x0000, 0x0000, 0x0000, 0x0000, 0x0000, 0x0000, 0x0000, 0x0000, 0x0000, 0x0000, 0x0000,
  0x0000, 0x0000, 0x0000, 0x0000, 0x0000, 0x0000, 0x0000, 0x0000, 0x1082, 0x4228, 0x0000, 0x0000,
  0x0000, 0x0000, 0x0000, 0x0000, 0x0000, 0x0000, 0x0000, 0x0000, 0x0000, 0x0000, 0x0000, 0x0000,
  0x0861, 0x3186, 0x2104, 0x2124, 0x2965, 0x2124, 0x2124, 0x2104, 0x18E3, 0x3186, 0x3186, 0x2124,
  0x0000, 0x0020, 0x0000, 0x0000, 0x0000, 0x0000, 0x0000, 0x0000, 0x0000, 0x0000, 0x0000, 0x0000,
  0x0000, 0x0000, 0x0000, 0x0000, 0x0000, 0x0000, 0x0000, 0x0000, 0x0000, 0x0000, 0x0000, 0x0000,
  0x0000, 0x0000, 0x0000, 0x0000, 0x0000, 0x0000, 0x0000, 0x0000, 0x0000, 0x0000, 0x0000, 0x0000,
  0x0000, 0x0000, 0x0000, 0x0000, 0x0000, 0x0000, 0x0000, 0x0000, 0x0000, 0x0000, 0x0000, 0x0000,
  0x0000, 0x0000, 0x0000, 0x0000, 0x0000, 0x0000, 0x0000, 0x0000, 0x0000, 0x0000, 0x0000, 0x0000,
  0x0000, 0x0000, 0x0000, 0x0000, 0x0000, 0x0000, 0x0000, 0x0000, 0x0000, 0x0000, 0x0841, 0x18E3,
  0x39C7, 0x2945, 0x3186, 0x2965, 0x2965, 0x3186, 0x2945, 0x2965, 0x18E3, 0x4A49, 0x31A6, 0x2965,
  0x3186, 0x31A6, 0x4228, 0x10A2, 0x2965, 0x39C7, 0x2104, 0x39C7, 0x2104, 0x3186, 0x18C3, 0x4208,
  0x39E7, 0x0861, 0x0000, 0x0020, 0x0000, 0x0000, 0x0000, 0x0000, 0x0000, 0x0000, 0x0000, 0x0000,
  0x0000, 0x0000, 0x0000, 0x0000, 0x0000, 0x0000, 0x0000, 0x0000, 0x0000, 0x0000, 0x0000, 0x0000,
  0x0000, 0x0000, 0x0000, 0x0000, 0x0000, 0x0000, 0x0000, 0x0000, 0x0000, 0x0000, 0x0000, 0x0000,
  0x0000, 0x0000, 0x0000, 0x0000, 0x0000, 0x0000, 0x0000, 0x0000, 0x0000, 0x0000, 0x0000, 0x0000,
  0x0000, 0x0000, 0x0000, 0x0000, 0x0000, 0x0000, 0x0000, 0x0000, 0x0000, 0x0000, 0x0000, 0x0000,
  0x0000, 0x0000, 0x52AA, 0x8C71, 0x94B2, 0xE73C, 0xFFFF, 0xEF5D, 0x8C51, 0x8C71, 0xFFFF, 0x7BEF,
  0x3186, 0x2945, 0x0000, 0x0000, 0x0000, 0x0000, 0x0000, 0x0000, 0x0000, 0x0000, 0x0000, 0x0000,
  0x0000, 0x0000, 0x0000, 0x0000, 0x0000, 0x0000, 0x0000, 0x0000, 0x0000, 0x0000, 0x0000, 0x0000,
  0x0000, 0x0000, 0x0000, 0x0000, 0x0000, 0x0000, 0x0000, 0x0000, 0x0000, 0x0000, 0x0000, 0x0000,
  0x0000, 0x0000, 0x0000, 0x0000, 0x0000, 0x0000, 0x0000, 0x0000, 0x0000, 0x0000, 0x0000, 0x0000,
  0x0000, 0x0000, 0x0000, 0x0000, 0x0000, 0x0000, 0x0000, 0x0000, 0x0000, 0x0000, 0x0000, 0x0000,
  0x0000, 0x0000, 0x0020, 0x0841, 0x0000, 0x0000, 0x0000, 0x0000, 0x0000, 0x0000, 0x0000, 0x0000,
  0x0000, 0x0000, 0x0000, 0x0000, 0x0000, 0x0000, 0x0841, 0x31A6, 0x39C7, 0x2966, 0x18E3, 0x2104,
  0x10A2, 0x2945, 0x2945, 0x3186, 0x2965, 0x2945, 0x0000, 0x0000, 0x0000, 0x0000, 0x0000, 0x0000,
  0x0000, 0x0000, 0x0000, 0x0000, 0x0000, 0x0000, 0x0000, 0x0000, 0x0000, 0x0000, 0x0000, 0x0000,
  0x0000, 0x0000, 0x0000, 0x0000, 0x0000, 0x0000, 0x0000, 0x0000, 0x0000, 0x0000, 0x0000, 0x0000,
  0x0000, 0x0000, 0x0000, 0x0000, 0x0000, 0x0000, 0x0000, 0x0000, 0x0000, 0x0000, 0x0000, 0x0000,
  0x0000, 0x0000, 0x0000, 0x0000, 0x0000, 0x0000, 0x0000, 0x0000, 0x0000, 0x0000, 0x0000, 0x0000,
  0x0000, 0x0000, 0x0000, 0x0000, 0x0000, 0x0000, 0x0000, 0x0000, 0x0000, 0x0000, 0x0000, 0x0000,
  0x0000, 0x0000, 0x0020, 0x0020, 0x2104, 0x39E7, 0x3186, 0x18E3, 0x2965, 0x2124, 0x2945, 0x2965,
  0x3186, 0x2124, 0x2965, 0x2945, 0x31A6, 0x2965, 0x31A6, 0x18C3, 0x2945, 0x41E8, 0x2965, 0x2124,
  0x3186, 0x39E7, 0x2124, 0x3186, 0x2965, 0x31A6, 0x0000, 0x0000, 0x0020, 0x0000, 0x0000, 0x0000,
  0x0000, 0x0000, 0x0000, 0x0000, 0x0000, 0x0000, 0x0000, 0x0000, 0x0000, 0x0000, 0x0000, 0x0000,
  0x0000, 0x0000, 0x0000, 0x0000, 0x0000, 0x0000, 0x0000, 0x0000, 0x0000, 0x0000, 0x0000, 0x0000,
  0x0000, 0x0000, 0x0000, 0x0000, 0x0000, 0x0000, 0x0000, 0x0000, 0x0000, 0x0000, 0x0000, 0x0000,
  0x0000, 0x0000, 0x0000, 0x0000, 0x0000, 0x0000, 0x0000, 0x0000, 0x0000, 0x0000, 0x0000, 0x0000,
  0x0000, 0x0000, 0x0000, 0x0000, 0x0020, 0x0000, 0x39C7, 0x9CF3, 0xEF7D, 0xFFFF, 0xAD55, 0xE71C,
  0xFFFF, 0xDEDB, 0xA514, 0xFFFF, 0xFFFF, 0xCE59, 0xDEDB, 0xCE59, 0xAD55, 0xA534, 0x7BCF, 0x0020,
  0x0020, 0x0020, 0x0020, 0x0000, 0x0000, 0x0000, 0x0000, 0x0000, 0x0000, 0x0000, 0x0000, 0x0000,
  0x0000, 0x0000, 0x0000, 0x0000, 0x0000, 0x0000, 0x0000, 0x0000, 0x0000, 0x0000, 0x0000, 0x0000,
  0x0000, 0x0000, 0x0000, 0x0000, 0x0000, 0x0000, 0x0000, 0x0000, 0x0000, 0x0000, 0x0000, 0x0000,
  0x0020, 0x1082, 0x0000, 0x0000, 0x0000, 0x0000, 0x0000, 0x0000, 0x0000, 0x0000, 0x0000, 0x0000,
  0x0000, 0x0000, 0x0000, 0x0000, 0x0000, 0x0000, 0x0000, 0x0000, 0x0000, 0x0000, 0x0000, 0x0000,
  0x0000, 0x0000, 0x0000, 0x0000, 0x0000, 0x0000, 0x0000, 0x0000, 0x0000, 0x0000, 0x0000, 0x0020,
  0x0000, 0x3186, 0x2965, 0x4208, 0x39C7, 0x31C6, 0x2965, 0x39C7, 0x39C7, 0x18E3, 0x2965, 0x39E7,
  0x31A6, 0x0841, 0x0020, 0x0000, 0x0000, 0x0000, 0x0000, 0x0000, 0x0000, 0x0000, 0x0000, 0x0000,
  0x0000, 0x0000, 0x0000, 0x0000, 0x0000, 0x0000, 0x0000, 0x0000, 0x0000, 0x0000, 0x0000, 0x0000,
  0x0000, 0x0000, 0x0000, 0x0000, 0x0000, 0x0000, 0x0000, 0x0000, 0x0000, 0x0000, 0x0000, 0x0000,
  0x0000, 0x0000, 0x0000, 0x0000, 0x0000, 0x0000, 0x0000, 0x0000, 0x0000, 0x0000, 0x0000, 0x0000,
  0x0000, 0x0000, 0x0000, 0x0000, 0x0000, 0x0000, 0x0000, 0x0000, 0x0000, 0x0000, 0x0000, 0x0000,
  0x0000, 0x0000, 0x0000, 0x0000, 0x0000, 0x0000, 0x0000, 0x0020, 0x0000, 0x0861, 0x39E7, 0x3186,
  0x31A6, 0x3186, 0x3186, 0x39C7, 0x2124, 0x2965, 0x39C7, 0x2104, 0x3186, 0x31A6, 0x39C7, 0x2124,
  0x2104, 0x31A6, 0x31A6, 0x31A6, 0x2945, 0x31A6, 0x3186, 0x2965, 0x2965, 0x3186, 0x18E3, 0x0000,
  0x0020, 0x0000, 0x0000, 0x0000, 0x0000, 0x0000, 0x0000, 0x0000, 0x0000, 0x0000, 0x0000, 0x0000,
  0x0000, 0x0000, 0x0000, 0x0000, 0x0000, 0x0000, 0x0000, 0x0000, 0x0000, 0x0000, 0x0000, 0x0000,
  0x0000, 0x0000, 0x0000, 0x0000, 0x0000, 0x0000, 0x0000, 0x0000, 0x0000, 0x0000, 0x0000, 0x0000,
  0x0000, 0x0000, 0x0000, 0x0000, 0x0000, 0x0000, 0x0000, 0x0000, 0x0000, 0x0000, 0x0000, 0x0000,
  0x0000, 0x0000, 0x0000, 0x0000, 0x0000, 0x0000, 0x0000, 0x0000, 0x0020, 0x0000, 0x18C3, 0xBDF7,
  0xCE59, 0xFFFF, 0xFFFF, 0xFFDF, 0xFFFF, 0xFFFF, 0xFFFF, 0xFFFF, 0xFFFF, 0xFFFF, 0xFFFF, 0xFFFF,
  0xFFFF, 0xFFFF, 0xFFFF, 0xFFFF, 0xFFFF, 0xA514, 0x0000, 0x0000, 0x0000, 0x0020, 0x0000, 0x0000,
  0x0000, 0x0000, 0x0000, 0x0000, 0x0000, 0x0000, 0x0000, 0x0000, 0x0000, 0x0000, 0x0000, 0x0000,
  0x0000, 0x0000, 0x0000, 0x0000, 0x0000, 0x0000, 0x0000, 0x0000, 0x0000, 0x0000, 0x0000, 0x0000,
  0x0000, 0x0000, 0x0000, 0x0000, 0x0000, 0x0000, 0x0000, 0x0020, 0x0000, 0x0000, 0x0000, 0x0000,
  0x0000, 0x0000, 0x0000, 0x0000, 0x0000, 0x0000, 0x0000, 0x0000, 0x0000, 0x0000, 0x0000, 0x0000,
  0x0000, 0x0000, 0x0000, 0x0000, 0x0000, 0x0000, 0x0000, 0x0000, 0x0000, 0x0000, 0x0000, 0x0000,
  0x0000, 0x0000, 0x0000, 0x0000, 0x0000, 0x0000, 0x0000, 0x31A6, 0x2965, 0x3186, 0x2965, 0x2104,
  0x2965, 0x3186, 0x2945, 0x31A6, 0x39E7, 0x31A6, 0x10A2, 0x4208, 0x0000, 0x0000, 0x0000, 0x0000,
  0x0000, 0x0000, 0x0000, 0x0000, 0x0000, 0x0000, 0x0000, 0x0000, 0x0000, 0x0000, 0x0000, 0x0000,
  0x0000, 0x0000, 0x0000, 0x0000, 0x0000, 0x0000, 0x0000, 0x0000, 0x0000, 0x0000, 0x0000, 0x0000,
  0x0000, 0x0000, 0x0000, 0x0000, 0x0000, 0x0000, 0x0000, 0x0000, 0x0000, 0x0000, 0x0000, 0x0000,
  0x0000, 0x0000, 0x0000, 0x0000, 0x0000, 0x0000, 0x0000, 0x0000, 0x0000, 0x0000, 0x0000, 0x0000,
  0x0000, 0x0000, 0x0000, 0x0000, 0x0000, 0x0000, 0x0000, 0x0000, 0x0000, 0x0000, 0x0000, 0x0000,
  0x0020, 0x0000, 0x18E3, 0x31A6, 0x3186, 0x2104, 0x2124, 0x2945, 0x3186, 0x2124, 0x2965, 0x3186,
  0x2104, 0x2965, 0x31A6, 0x2965, 0x1082, 0x39C7, 0x2945, 0x31A6, 0x3186, 0x3186, 0x2104, 0x2124,
  0x2945, 0x2945, 0x18E3, 0x31A6, 0x0000, 0x0020, 0x0000, 0x0000, 0x0000, 0x0000, 0x0000, 0x0000,
  0x0000, 0x0000, 0x0000, 0x0000, 0x0000, 0x0000, 0x0000, 0x0000, 0x0000, 0x0000, 0x0000, 0x0000,
  0x0000, 0x0000, 0x0000, 0x0000, 0x0000, 0x0000, 0x0000, 0x0000, 0x0000, 0x0000, 0x0000, 0x0000,
  0x0000, 0x0000, 0x0000, 0x0000, 0x0000, 0x0000, 0x0000, 0x0000, 0x0000, 0x0000, 0x0000, 0x0000,
  0x0000, 0x0000, 0x0000, 0x0000, 0x0000, 0x0000, 0x0000, 0x0000, 0x0000, 0x0000, 0x0000, 0x0000,
  0x0000, 0x0000, 0x0000, 0x0841, 0xAD55, 0xFFFF, 0xFFFF, 0xFFDF, 0xFFFF, 0xFFFF, 0xF79E, 0xFFDF,
  0xFFFF, 0xFFFF, 0xFFFF, 0xFFFF, 0xFFFF, 0xF7BE, 0xF7BE, 0xFFFF, 0xFFFF, 0xFFDF, 0xFFFF, 0xF7BE,
  0x8430, 0x9492, 0x4A69, 0x0000, 0x0020, 0x0000, 0x0000, 0x0000, 0x0000, 0x0000, 0x0000, 0x0000,
  0x0000, 0x0000, 0x0000, 0x0000, 0x0000, 0x0000, 0x0000, 0x0000, 0x0000, 0x0000, 0x0000, 0x0000,
  0x0000, 0x0000, 0x0000, 0x0000, 0x0000, 0x0000, 0x0000, 0x0000, 0x0000, 0x0000, 0x0000, 0x0000,
  0x0000, 0x0000, 0x0000, 0x0000, 0x0000, 0x0000, 0x0000, 0x0000, 0x0000, 0x0000, 0x0000, 0x0000,
  0x0000, 0x0000, 0x0000, 0x0000, 0x0000, 0x0000, 0x0000, 0x0000, 0x0000, 0x0000, 0x0000, 0x0000,
  0x0000, 0x0000, 0x0000, 0x0000, 0x0000, 0x0000, 0x0000, 0x0000, 0x0000, 0x0000, 0x0000, 0x0020,
  0x0000, 0x39C7, 0x2945, 0x18C3, 0x2103, 0x2945, 0x2125, 0x39E7, 0x2945, 0x10A2, 0x2965, 0x39C7,
  0x2965, 0x3186, 0x2965, 0x0000, 0x0020, 0x0000, 0x0000, 0x0000, 0x0000, 0x0000, 0x0000, 0x0000,
  0x0000, 0x0000, 0x0000, 0x0000, 0x0000, 0x0000, 0x0000, 0x0000, 0x0000, 0x0000, 0x0000, 0x0000,
  0x0000, 0x0000, 0x0000, 0x0000, 0x0000, 0x0000, 0x0000, 0x0000, 0x0000, 0x0000, 0x0000, 0x0000,
  0x0000, 0x0000, 0x0000, 0x0000, 0x0000, 0x0000, 0x0000, 0x0000, 0x0000, 0x0000, 0x0000, 0x0000,
  0x0000, 0x0000, 0x0000, 0x0000, 0x0000, 0x0000, 0x0000, 0x0000, 0x0000, 0x0000, 0x0000, 0x0000,
  0x0000, 0x0000, 0x0000, 0x0000, 0x0000, 0x0000, 0x0000, 0x0861, 0x2945, 0x3186, 0x2945, 0x2945,
  0x2124, 0x2945, 0x31A6, 0x18E3, 0x3186, 0x31A6, 0x2945, 0x3186, 0x31A6, 0x3186, 0x31A6, 0x2945,
  0x2124, 0x2965, 0x2965, 0x2124, 0x31A6, 0x2965, 0x3186, 0x2965, 0x0000, 0x0000, 0x0841, 0x0020,
  0x0000, 0x0000, 0x0000, 0x0000, 0x0000, 0x0000, 0x0000, 0x0000, 0x0000, 0x0000, 0x0000, 0x0000,
  0x0000, 0x0000, 0x0020, 0x0020, 0x0020, 0x0000, 0x0000, 0x0000, 0x0000, 0x0000, 0x0000, 0x0000,
  0x0000, 0x0000, 0x0000, 0x0000, 0x0000, 0x0000, 0x0000, 0x0000, 0x0000, 0x0000, 0x0000, 0x0000,
  0x0000, 0x0000, 0x0000, 0x0000, 0x0000, 0x0000, 0x0000, 0x0000, 0x0000, 0x0000, 0x0000, 0x0000,
  0x0000, 0x0000, 0x0000, 0x0000, 0x0000, 0x0000, 0x0000, 0x0020, 0x0000, 0x0861, 0xE73C, 0xFFFF,
  0xFFFF, 0xFFFF, 0xFFFF, 0xFFFF, 0x4A49, 0xB596, 0xFFFF, 0xFFFF, 0xFFFF, 0xFFFF, 0xFFFF, 0x7BEF,
  0xA514, 0xFFFF, 0xFFFF, 0xFFFF, 0xFFFF, 0xFFFF, 0xD69A, 0x8410, 0xEF7D, 0x4208, 0x0000, 0x0020,
  0x0020, 0x0020, 0x0000, 0x0000, 0x0000, 0x0000, 0x0000, 0x0000, 0x0000, 0x0000, 0x0000, 0x0000,
  0x0000, 0x0000, 0x0000, 0x0000, 0x0000, 0x0000, 0x0000, 0x0000, 0x0000, 0x0000, 0x0000, 0x0000,
  0x0000, 0x0000, 0x0000, 0x0000, 0x0000, 0x0000, 0x0000, 0x0000, 0x0000, 0x0000, 0x0000, 0x0000,
  0x0000, 0x0000, 0x0000, 0x0000, 0x0000, 0x0000, 0x0000, 0x0000, 0x0000, 0x0000, 0x0000, 0x0000,
  0x0000, 0x0000, 0x0000, 0x0000, 0x0000, 0x0000, 0x0000, 0x0000, 0x0000, 0x0000, 0x0000, 0x0000,
  0x0000, 0x0000, 0x0000, 0x0000, 0x0000, 0x0000, 0x0000, 0x18C3, 0x0841, 0x0000, 0x18C3, 0x39C7,
  0x2965, 0x2945, 0x4228, 0x18C3, 0x18E3, 0x2945, 0x3186, 0x2965, 0x2104, 0x0000, 0x0000, 0x0000,
  0x0000, 0x0000, 0x0000, 0x0000, 0x0000, 0x0000, 0x0000, 0x0000, 0x0000, 0x0000, 0x0000, 0x0000,
  0x0000, 0x0000, 0x0000, 0x0000, 0x0000, 0x0000, 0x0000, 0x0000, 0x0000, 0x0000, 0x0000, 0x0000,
  0x0000, 0x0000, 0x0000, 0x0000, 0x0000, 0x0000, 0x0000, 0x0000, 0x0000, 0x0000, 0x0000, 0x0000,
  0x0000, 0x0000, 0x0000, 0x0000, 0x0000, 0x0000, 0x0000, 0x0000, 0x0000, 0x0000, 0x0000, 0x0000,
  0x0000, 0x0000, 0x0000, 0x0000, 0x0000, 0x0000, 0x0000, 0x0000, 0x0000, 0x0000, 0x0000, 0x0000,
  0x0020, 0x2124, 0x39C7, 0x2945, 0x3186, 0x31A6, 0x3186, 0x2965, 0x18E3, 0x3186, 0x3186, 0x2124,
  0x2945, 0x31A6, 0x2124, 0x3186, 0x31A6, 0x3186, 0x39C7, 0x18E3, 0x3186, 0x2104, 0x3186, 0x2104,
  0x3186, 0x4208, 0x0841, 0x0000, 0x0020, 0x0020, 0x0000, 0x0000, 0x0000, 0x0000, 0x0000, 0x0000,
  0x0000, 0x0000, 0x0000, 0x0000, 0x0000, 0x0000, 0x0000, 0x0000, 0x0020, 0x0020, 0x0020, 0x0000,
  0x0000, 0x0000, 0x0000, 0x0000, 0x0000, 0x0000, 0x0000, 0x0000, 0x0000, 0x0000, 0x0000, 0x0000,
  0x0000, 0x0000, 0x0000, 0x0000, 0x0000, 0x0000, 0x0000, 0x0000, 0x0000, 0x0861, 0x0020, 0x0000,
  0x0000, 0x0000, 0x0000, 0x0000, 0x0000, 0x0020, 0x0020, 0x0000, 0x0000, 0x0000, 0x0000, 0x0000,
  0x0020, 0x0000, 0x18E3, 0xB596, 0xFFDF, 0xFFFF, 0xFFFF, 0xFFFF, 0xE73C, 0x6B6D, 0xA514, 0xE73C,
  0xFFFF, 0xFFFF, 0xFFFF, 0xF7BE, 0x94B3, 0x7BCF, 0xEF5D, 0xFFFF, 0xFFFF, 0xFFFF, 0xEF7D, 0xB596,
  0x6B6D, 0xCE79, 0xFFFF, 0xE71C, 0xC618, 0x31A6, 0x0000, 0x0000, 0x0000, 0x0000, 0x0000, 0x0000,
  0x0000, 0x0000, 0x0000, 0x0000, 0x0000, 0x0000, 0x0000, 0x0000, 0x0000, 0x0000, 0x0000, 0x0000,
  0x0000, 0x0000, 0x0000, 0x0000, 0x0000, 0x0000, 0x0000, 0x0000, 0x0000, 0x0000, 0x0000, 0x0000,
  0x0000, 0x0000, 0x0000, 0x0000, 0x0000, 0x0000, 0x0000, 0x0000, 0x0000, 0x0000, 0x0000, 0x0000,
  0x0000, 0x0000, 0x0000, 0x0000, 0x0000, 0x0000, 0x0000, 0x0000, 0x0000, 0x0000, 0x0000, 0x0000,
  0x0000, 0x0000, 0x0000, 0x0000, 0x0000, 0x0000, 0x0000, 0x0000, 0x0000, 0x0000, 0x0000, 0x0000,
  0x0000, 0x0000, 0x0000, 0x0020, 0x0000, 0x3186, 0x39C7, 0x2125, 0x39E8, 0x2945, 0x2965, 0x4A49,
  0x2965, 0x39E7, 0x10A2, 0x18C3, 0x18C3, 0x0000, 0x0020, 0x0000, 0x0000, 0x0000, 0x0000, 0x0000,
  0x0000, 0x0000, 0x0000, 0x0000, 0x0000, 0x0000, 0x0000, 0x0000, 0x0000, 0x0000, 0x0000, 0x0000,
  0x0000, 0x0000, 0x0000, 0x0000, 0x0000, 0x0000, 0x0000, 0x0000, 0x0000, 0x0000, 0x0000, 0x0000,
  0x0000, 0x0000, 0x0000, 0x0000, 0x0000, 0x0000, 0x0000, 0x0000, 0x0000, 0x0000, 0x0000, 0x0000,
  0x0000, 0x0000, 0x0000, 0x0000, 0x0000, 0x0000, 0x0000, 0x0000, 0x0000, 0x0000, 0x0000, 0x0000,
  0x0000, 0x0000, 0x0000, 0x0000, 0x0000, 0x0000, 0x10A2, 0x39E7, 0x31A6, 0x18C3, 0x31A6, 0x31A6,
  0x31A6, 0x2104, 0x4208, 0x2965, 0x3186, 0x31A6, 0x3186, 0x2945, 0x2945, 0x39C7, 0x2945, 0x3186,
  0x2104, 0x39E7, 0x39C7, 0x2965, 0x3186, 0x2965, 0x18E3, 0x0841, 0x0000, 0x0000, 0x0000, 0x0000,
  0x0000, 0x0000, 0x0000, 0x0000, 0x0000, 0x0000, 0x0000, 0x0000, 0x0000, 0x0000, 0x0000, 0x0000,
  0x0000, 0x0000, 0x0000, 0x0000, 0x0000, 0x0000, 0x0000, 0x0000, 0x0000, 0x0000, 0x0000, 0x0000,
  0x0000, 0x0000, 0x0000, 0x0000, 0x0000, 0x0000, 0x0000, 0x0000, 0x0000, 0x0000, 0x0000, 0x0000,
  0x0000, 0x0000, 0x1082, 0x10A2, 0x0841, 0x0000, 0x0000, 0x0000, 0x0000, 0x0020, 0x0000, 0x0000,
  0x0000, 0x0000, 0x0000, 0x0000, 0x0020, 0x0020, 0x0020, 0x0841, 0x9CF3, 0xFFFF, 0xFFFF, 0xFFFF,
  0xFFFF, 0xFFDF, 0x632C, 0x9492, 0xFFFF, 0xFFFF, 0xFFFF, 0xFFFF, 0xFFDF, 0xA534, 0x632D, 0xFFFF,
  0xFFFF, 0xFFFF, 0xFFFF, 0xFFFF, 0xC618, 0x4208, 0xD699, 0xFFFF, 0xFFFF, 0xFFFF, 0xFFFF, 0xC638,
  0x2104, 0x10A2, 0x0841, 0x0020, 0x0000, 0x0000, 0x0000, 0x0000, 0x0000, 0x0000, 0x0000, 0x0000,
  0x0000, 0x0000, 0x0000, 0x0000, 0x0000, 0x0000, 0x0000, 0x0000, 0x0000, 0x0000, 0x0000, 0x0000,
  0x0000, 0x0000, 0x0000, 0x0000, 0x0000, 0x0000, 0x0000, 0x0000, 0x0000, 0x0000, 0x0000, 0x0000,
  0x0000, 0x0000, 0x0000, 0x0000, 0x0000, 0x0000, 0x0000, 0x0000, 0x0000, 0x0000, 0x0000, 0x0000,
  0x0000, 0x0000, 0x0000, 0x0000, 0x0000, 0x0000, 0x0000, 0x0000, 0x0000, 0x0000, 0x0000, 0x0000,
  0x0000, 0x0000, 0x0000, 0x0000, 0x0000, 0x0000, 0x0000, 0x0020, 0x0020, 0x0000, 0x18E3, 0x39C7,
  0x3186, 0x39E7, 0x3186, 0x2986, 0x3186, 0x2104, 0x2124, 0x2965, 0x10A2, 0x2965, 0x2965, 0x0841,
  0x0000, 0x0000, 0x0000, 0x0000, 0x0000, 0x0000, 0x0000, 0x0000, 0x0000, 0x0000, 0x0000, 0x0000,
  0x0000, 0x0000, 0x0000, 0x0000, 0x0000, 0x0000, 0x0000, 0x0000, 0x0000, 0x0000, 0x0000, 0x0000,
  0x0000, 0x0000, 0x0000, 0x0000, 0x0000, 0x0000, 0x0000, 0x0000, 0x0000, 0x0000, 0x0000, 0x0000,
  0x0000, 0x0000, 0x0000, 0x0000, 0x0000, 0x0000, 0x0000, 0x0000, 0x0000, 0x0000, 0x0000, 0x0000,
  0x0000, 0x0000, 0x0000, 0x0000, 0x0000, 0x0000, 0x0000, 0x0000, 0x0000, 0x0000, 0x0000, 0x0020,
  0x39C7, 0x3186, 0x3186, 0x31A6, 0x2965, 0x2104, 0x31A6, 0x2124, 0x2124, 0x2104, 0x31A6, 0x2945,
  0x2965, 0x2104, 0x31A6, 0x31A6, 0x18E3, 0x2945, 0x2104, 0x2945, 0x2945, 0x31A6, 0x39E7, 0x0841,
  0x0000, 0x0000, 0x0000, 0x0000, 0x0000, 0x0000, 0x0000, 0x0000, 0x0000, 0x0000, 0x0000, 0x0000,
  0x0000, 0x0000, 0x0000, 0x0000, 0x0000, 0x0000, 0x0000, 0x0000, 0x0000, 0x0000, 0x0000, 0x0000,
  0x0000, 0x0000, 0x0000, 0x0000, 0x0000, 0x0000, 0x0000, 0x0000, 0x0000, 0x0000, 0x0000, 0x0000,
  0x0000, 0x0000, 0x0000, 0x0000, 0x0000, 0x0000, 0x0000, 0x0841, 0x10A2, 0x0841, 0x1082, 0x0000,
  0x0020, 0x0000, 0x0000, 0x0000, 0x0020, 0x2104, 0x18C3, 0x0000, 0x0000, 0x0000, 0x0000, 0x0000,
  0x2945, 0xCE79, 0xEF5D, 0xAD55, 0xF7BE, 0xFFFF, 0xEF7D, 0x8C51, 0xA534, 0xFFFF, 0xAD55, 0xD6BA,
  0xFFFF, 0xEF7D, 0x7C0F, 0x7BEF, 0xFFFF, 0xB596, 0xBDD7, 0xFFFF, 0xF7BE, 0x9CD3, 0x5ACB, 0xE73C,
  0xEF7D, 0xDEDB, 0xFFFF, 0xFFFF, 0xAD75, 0x6B6D, 0xEF7D, 0xB596, 0x0000, 0x0000, 0x0020, 0x0000,
  0x0020, 0x0841, 0x0000, 0x0000, 0x0020, 0x0020, 0x0000, 0x0000, 0x0000, 0x0000, 0x0000, 0x0000,
  0x0000, 0x0000, 0x0000, 0x0000, 0x0000, 0x0000, 0x0000, 0x0020, 0x0000, 0x0000, 0x0000, 0x0000,
  0x0000, 0x0000, 0x0000, 0x0000, 0x0000, 0x0000, 0x0000, 0x0000, 0x0000, 0x0000, 0x0000, 0x0000,
  0x0000, 0x0000, 0x0000, 0x0000, 0x0000, 0x0000, 0x0000, 0x0000, 0x0000, 0x0000, 0x0000, 0x0000,
  0x0000, 0x0000, 0x0000, 0x0000, 0x0000, 0x0000, 0x0000, 0x0000, 0x0000, 0x0000, 0x0000, 0x0000,
  0x0000, 0x0000, 0x0000, 0x0000, 0x0841, 0x2965, 0x2965, 0x2965, 0x31C6, 0x31A6, 0x3186, 0x0841,
  0x2104, 0x4228, 0x0861, 0x31A6, 0x31A6, 0x18E3, 0x0000, 0x0000, 0x0000, 0x0000, 0x0000, 0x0000,
  0x0000, 0x0000, 0x0000, 0x0000, 0x0000, 0x0000, 0x0000, 0x0000, 0x0000, 0x0000, 0x0000, 0x0000,
  0x0000, 0x0000, 0x0000, 0x0000, 0x0000, 0x0000, 0x0000, 0x0000, 0x0000, 0x0000, 0x0000, 0x0000,
  0x0000, 0x0000, 0x0000, 0x0000, 0x0000, 0x0000, 0x0000, 0x0000, 0x0000, 0x0000, 0x0000, 0x0000,
  0x0000, 0x0000, 0x0000, 0x0000, 0x0000, 0x0000, 0x0000, 0x0000, 0x0000, 0x0000, 0x0000, 0x0000,
  0x0000, 0x0000, 0x0000, 0x0000, 0x0000, 0x2945, 0x31A6, 0x2104, 0x3186, 0x2965, 0x31A6, 0x3186,
  0x2104, 0x31A6, 0x39C7, 0x2965, 0x3186, 0x39C7, 0x18E3, 0x3186, 0x2104, 0x31A6, 0x3186, 0x3186,
  0x39E7, 0x2965, 0x3186, 0x39C7, 0x0861, 0x0000, 0x0020, 0x0000, 0x0000, 0x0000, 0x0000, 0x0000,
  0x0000, 0x0000, 0x0000, 0x0000, 0x0000, 0x0000, 0x0000, 0x0000, 0x0000, 0x0000, 0x0000, 0x0000,
  0x0000, 0x0000, 0x0000, 0x0000, 0x0000, 0x0000, 0x0000, 0x0000, 0x0000, 0x0000, 0x0000, 0x0000,
  0x0000, 0x0000, 0x0000, 0x0000, 0x0000, 0x0000, 0x0000, 0x0000, 0x0000, 0x0000, 0x0000, 0x0000,
  0x0000, 0x0020, 0x0020, 0x0020, 0x0841, 0x0000, 0x0000, 0x0841, 0x10A2, 0x2945, 0x39C7, 0x2965,
  0x18E3, 0x0000, 0x0020, 0x0000, 0x39C7, 0x630C, 0xCE79, 0xFFFF, 0xD6BA, 0x52AA, 0xEF7D, 0xFFFF,
  0xC618, 0xAD55, 0xFFFF, 0xFFDF, 0x5AEB, 0xC618, 0xFFFF, 0xBDF7, 0x73AE, 0xFFFF, 0xFFFF, 0x9CD3,
  0xAD75, 0xFFFF, 0xEF5D, 0x632C, 0xDEFB, 0xFFFF, 0xBDF7, 0x94B2, 0xFFFF, 0xFFFF, 0x73AE, 0xA534,
  0xFFFF, 0xCE79, 0x5ACB, 0x4A69, 0x0020, 0x0000, 0x0841, 0x4208, 0x10A2, 0x0020, 0x0000, 0x0000,
  0x0000, 0x0020, 0x0020, 0x0000, 0x0000, 0x0000, 0x0000, 0x0000, 0x0000, 0x0000, 0x0000, 0x0000,
  0x0020, 0x0841, 0x0020, 0x0020, 0x0000, 0x0000, 0x0000, 0x0000, 0x0000, 0x0000, 0x0000, 0x0000,
  0x0000, 0x0000, 0x0000, 0x0000, 0x0000, 0x0000, 0x0000, 0x0000, 0x0000, 0x0000, 0x0000, 0x0000,
  0x0000, 0x0000, 0x0000, 0x0000, 0x0000, 0x0000, 0x0000, 0x0000, 0x0000, 0x0000, 0x0000, 0x0000,
  0x0000, 0x0000, 0x0000, 0x0000, 0x0000, 0x0000, 0x0000, 0x0000, 0x0000, 0x0020, 0x0020, 0x2124,
  0x2124, 0x2945, 0x18E3, 0x3186, 0x31A6, 0x2945, 0x2965, 0x2965, 0x2945, 0x2945, 0x31A6, 0x39C7,
  0x0861, 0x0020, 0x0000, 0x0000, 0x0000, 0x0000, 0x0000, 0x0000, 0x0000, 0x0000, 0x0000, 0x0000,
  0x0000, 0x0000, 0x0000, 0x0000, 0x0000, 0x0000, 0x0000, 0x0000, 0x0000, 0x0000, 0x0000, 0x0000,
  0x0000, 0x0000, 0x0000, 0x0000, 0x0000, 0x0000, 0x0000, 0x0000, 0x0000, 0x0000, 0x0000, 0x0000,
  0x0000, 0x0000, 0x0000, 0x0000, 0x0000, 0x0000, 0x0000, 0x0000, 0x0000, 0x0000, 0x0000, 0x0000,
  0x0000, 0x0000, 0x0000, 0x0000, 0x0000, 0x0000, 0x0000, 0x0000, 0x0000, 0x0020, 0x1082, 0x2965,
  0x3186, 0x2104, 0x2965, 0x2965, 0x2104, 0x2124, 0x31A6, 0x31A6, 0x18E3, 0x3186, 0x39C7, 0x2104,
  0x31A6, 0x31A6, 0x2124, 0x31A6, 0x18E3, 0x31A6, 0x0020, 0x4208, 0x2104, 0x2104, 0x0020, 0x0000,
  0x0000, 0x0000, 0x0000, 0x0000, 0x0000, 0x0000, 0x0000, 0x0000, 0x0000, 0x0000, 0x0000, 0x0000,
  0x0000, 0x0000, 0x0000, 0x0000, 0x0000, 0x0000, 0x0000, 0x0000, 0x0000, 0x0000, 0x0000, 0x0000,
  0x0000, 0x0000, 0x0000, 0x0000, 0x0000, 0x0000, 0x0000, 0x0000, 0x0000, 0x0000, 0x0000, 0x0000,
  0x0000, 0x0000, 0x0000, 0x0000, 0x0000, 0x0000, 0x0000, 0x0020, 0x0000, 0x0000, 0x0000, 0x1082,
  0x2965, 0x31A6, 0x31A6, 0x2965, 0x2965, 0x2945, 0x0000, 0x0020, 0x0020, 0x0000, 0x8C71, 0xFFFF,
  0xFFFF, 0xFFFF, 0xFFFF, 0xFFFF, 0xFFFF, 0xFFFF, 0xFFFF, 0xFFFF, 0xFFFF, 0xFFFF, 0xFFFF, 0xFFFF,
  0xFFFF, 0xFFFF, 0xFFFF, 0xFFFF, 0xFFFF, 0xFFFF, 0xFFFF, 0xFFFF, 0xFFFF, 0xFFFF, 0xFFFF, 0xFFFF,
  0xFFFF, 0xFFFF, 0xFFFF, 0xFFFF, 0xFFFF, 0xFFFF, 0xFFFF, 0xFFFF, 0xFFFF, 0xE71C, 0x0861, 0x0000,
  0x0841, 0x39C7, 0x31A6, 0x3186, 0x2945, 0x1082, 0x0000, 0x0000, 0x0000, 0x0020, 0x0000, 0x0000,
  0x0000, 0x0000, 0x0000, 0x0000, 0x0000, 0x0000, 0x0000, 0x0000, 0x0000, 0x0000, 0x0000, 0x0000,
  0x0000, 0x0000, 0x0000, 0x0000, 0x0000, 0x0000, 0x0000, 0x0000, 0x0000, 0x0000, 0x0000, 0x0000,
  0x0000, 0x0000, 0x0000, 0x0000, 0x0000, 0x0000, 0x0000, 0x0000, 0x0000, 0x0000, 0x0000, 0x0000,
  0x0000, 0x0000, 0x0000, 0x0000, 0x0000, 0x0000, 0x0000, 0x0000, 0x0000, 0x0000, 0x0000, 0x0000,
  0x0000, 0x0000, 0x0020, 0x0000, 0x18E3, 0x31C7, 0x2965, 0x31A6, 0x2104, 0x2966, 0x2965, 0x2944,
  0x18E3, 0x20E4, 0x31A6, 0x39C7, 0x31A6, 0x0861, 0x4208, 0x0841, 0x0000, 0x0000, 0x0000, 0x0000,
  0x0000, 0x0000, 0x0000, 0x0000, 0x0000, 0x0000, 0x0000, 0x0000, 0x0000, 0x0000, 0x0000, 0x0000,
  0x0000, 0x0000, 0x0000, 0x0000, 0x0000, 0x0000, 0x0000, 0x0000, 0x0000, 0x0000, 0x0000, 0x0000,
  0x0000, 0x0000, 0x0000, 0x0000, 0x0000, 0x0000, 0x0000, 0x0000, 0x0000, 0x0000, 0x0000, 0x0000,
  0x0000, 0x0000, 0x0000, 0x0000, 0x0000, 0x0000, 0x0000, 0x0000, 0x0000, 0x0000, 0x0000, 0x0000,
  0x0000, 0x0020, 0x0000, 0x10A2, 0x39C7, 0x2965, 0x2965, 0x3186, 0x2965, 0x2124, 0x2965, 0x3186,
  0x31A6, 0x39C7, 0x2104, 0x39C7, 0x2124, 0x2945, 0x31A6, 0x3186, 0x39C7, 0x31A6, 0x2945, 0x18E3,
  0x39E7, 0x39E7, 0x0861, 0x0000, 0x0000, 0x0000, 0x0000, 0x0000, 0x0000, 0x0000, 0x0000, 0x0000,
  0x0000, 0x0000, 0x0000, 0x0000, 0x0000, 0x0000, 0x0000, 0x0000, 0x0000, 0x0000, 0x0000, 0x0000,
  0x0000, 0x0000, 0x0000, 0x0000, 0x0000, 0x0000, 0x0000, 0x0000, 0x0000, 0x0000, 0x0000, 0x0000,
  0x0000, 0x0000, 0x0000, 0x0000, 0x0000, 0x0000, 0x0000, 0x0000, 0x0000, 0x0000, 0x0000, 0x0020,
  0x0020, 0x0000, 0x0020, 0x18E3, 0x2124, 0x4208, 0x2965, 0x2945, 0x2965, 0x3186, 0x2945, 0x10A2,
  0x0000, 0x0020, 0x0000, 0x39E7, 0xD6BA, 0xFFDF, 0xFFDF, 0xF7BE, 0xEF7D, 0xFFFF, 0xFFFF, 0xFFFF,
  0xFFFF, 0xFFFF, 0xFFFF, 0xFFDF, 0xFFFF, 0xFFFF, 0xFFFF, 0xFFFF, 0xFFFF, 0xFFFF, 0xFFFF, 0xFFFF,
  0xFFFF, 0xFFFF, 0xFFFF, 0xFFFF, 0xFFFF, 0xFFFF, 0xFFFF, 0xFFFF, 0xFFFF, 0xFFFF, 0xFFFF, 0xFFFF,
  0xFFFF, 0xFFFF, 0xFFFF, 0xD6BA, 0x0861, 0x0000, 0x0020, 0x2945, 0x18E3, 0x2965, 0x2945, 0x3186,
  0x31A6, 0x2945, 0x1082, 0x0000, 0x0000, 0x0000, 0x0000, 0x0000, 0x0000, 0x0000, 0x0000, 0x0000,
  0x0000, 0x0000, 0x0000, 0x0000, 0x0000, 0x0000, 0x0000, 0x0000, 0x0000, 0x0000, 0x0000, 0x0000,
  0x0000, 0x0000, 0x0000, 0x0000, 0x0000, 0x0000, 0x0000, 0x0000, 0x0000, 0x0000, 0x0000, 0x0000,
  0x0000, 0x0000, 0x0000, 0x0000, 0x0000, 0x0000, 0x0000, 0x0000, 0x0000, 0x0000, 0x0000, 0x0000,
  0x0000, 0x0000, 0x0000, 0x0000, 0x0000, 0x0000, 0x0000, 0x0000, 0x0000, 0x0020, 0x0000, 0x2104,
  0x39C7, 0x3186, 0x2124, 0x31A6, 0x3186, 0x18E3, 0x18E3, 0x2124, 0x31A6, 0x2124, 0x2965, 0x31A6,
  0x31A6, 0x18C3, 0x0000, 0x0020, 0x0000, 0x0000, 0x0000, 0x0000, 0x0000, 0x0000, 0x0000, 0x0000,
  0x0000, 0x0000, 0x0000, 0x0000, 0x0000, 0x0000, 0x0000, 0x0000, 0x0000, 0x0000, 0x0000, 0x0000,
  0x0000, 0x0000, 0x0000, 0x0000, 0x0000, 0x0000, 0x0000, 0x0000, 0x0000, 0x0000, 0x0000, 0x0000,
  0x0000, 0x0000, 0x0000, 0x0000, 0x0000, 0x0000, 0x0000, 0x0000, 0x0000, 0x0000, 0x0000, 0x0000,
  0x0020, 0x0020, 0x0000, 0x0000, 0x0000, 0x0000, 0x0000, 0x0000, 0x0841, 0x39C7, 0x2965, 0x39C7,
  0x2124, 0x2945, 0x2945, 0x2945, 0x31A6, 0x39E7, 0x2104, 0x18E3, 0x31A6, 0x31A6, 0x2124, 0x2965,
  0x31A6, 0x2104, 0x31A6, 0x18C3, 0x39C7, 0x4208, 0x18C3, 0x2104, 0x18E3, 0x0000, 0x0020, 0x0000,
  0x0000, 0x0000, 0x0000, 0x0000, 0x0000, 0x0000, 0x0000, 0x0000, 0x0000, 0x0000, 0x0000, 0x0000,
  0x0000, 0x0000, 0x0000, 0x0000, 0x0000, 0x0000, 0x0000, 0x0000, 0x0000, 0x0000, 0x0000, 0x0000,
  0x0000, 0x0000, 0x0000, 0x0000, 0x0000, 0x0000, 0x0000, 0x0000, 0x0000, 0x0000, 0x0000, 0x0000,
  0x0000, 0x0000, 0x0000, 0x0000, 0x0000, 0x0000, 0x0000, 0x2965, 0x18E3, 0x3186, 0x2965, 0x3186,
  0x3186, 0x3186, 0x3186, 0x3186, 0x31A6, 0x0000, 0x0020, 0x0000, 0x39E7, 0xC618, 0xFFFF, 0xFFFF,
  0xFFFF, 0xFFFF, 0xE71C, 0x5B0C, 0xEF5D, 0xFFFF, 0xFFFF, 0xFFFF, 0xFFFF, 0xF7BE, 0x634D, 0xC639,
  0xFFFF, 0xFFFF, 0xFFFF, 0xFFFF, 0xFFFF, 0x9CD3, 0xBDD7, 0xFFFF, 0xFFFF, 0xFFFF, 0xFFFF, 0xFFFF,
  0xD69A, 0x94B2, 0xFFFF, 0xFFFF, 0xFFFF, 0xFFFF, 0xFFFF, 0xC638, 0x6B6D, 0xD6BA, 0x1082, 0x0000,
  0x0000, 0x0841, 0x4228, 0x2945, 0x31A6, 0x3186, 0x3186, 0x31A6, 0x2965, 0x2945, 0x0861, 0x0000,
  0x0000, 0x0000, 0x0000, 0x0000, 0x0000, 0x0000, 0x0000, 0x0000, 0x0000, 0x0000, 0x0000, 0x0000,
  0x0000, 0x0000, 0x0000, 0x0000, 0x0000, 0x0000, 0x0000, 0x0000, 0x0000, 0x0000, 0x0000, 0x0000,
  0x0000, 0x0000, 0x0000, 0x0000, 0x0000, 0x0000, 0x0000, 0x0000, 0x0000, 0x0000, 0x0000, 0x0000,
  0x0000, 0x0000, 0x0000, 0x0000, 0x0000, 0x0000, 0x0000, 0x0000, 0x0000, 0x0000, 0x0000, 0x0000,
  0x0000, 0x0000, 0x0020, 0x0000, 0x18C3, 0x31A6, 0x31A6, 0x10A2, 0x3186, 0x31A6, 0x2945, 0x2124,
  0x2104, 0x1082, 0x2945, 0x31A6, 0x2124, 0x18E3, 0x39C7, 0x31A6, 0x10A2, 0x0000, 0x0020, 0x0000,
  0x0000, 0x0000, 0x0000, 0x0000, 0x0000, 0x0000, 0x0000, 0x0000, 0x0000, 0x0000, 0x0000, 0x0000,
  0x0000, 0x0000, 0x0000, 0x0000, 0x0000, 0x0000, 0x0000, 0x0000, 0x0000, 0x0000, 0x0000, 0x0000,
  0x0000, 0x0000, 0x0000, 0x0000, 0x0000, 0x0000, 0x0000, 0x0000, 0x0000, 0x0000, 0x0000, 0x0000,
  0x0000, 0x0000, 0x0000, 0x0000, 0x0000, 0x0000, 0x0020, 0x0020, 0x0000, 0x0000, 0x0000, 0x0000,
  0x0000, 0x0000, 0x2965, 0x31A6, 0x2104, 0x2965, 0x39C7, 0x3186, 0x4208, 0x2965, 0x2945, 0x2104,
  0x4208, 0x2945, 0x3186, 0x3186, 0x2945, 0x31A6, 0x31A6, 0x2104, 0x39E7, 0x39E7, 0x3186, 0x2124,
  0x39C7, 0x0020, 0x0000, 0x0000, 0x0000, 0x0000, 0x0000, 0x0000, 0x0000, 0x0000, 0x0000, 0x0000,
  0x0000, 0x0000, 0x0000, 0x0000, 0x0000, 0x0000, 0x0000, 0x0000, 0x0000, 0x0000, 0x0000, 0x0000,
  0x0000, 0x0000, 0x0000, 0x0000, 0x0000, 0x0000, 0x0000, 0x0000, 0x0000, 0x0000, 0x0000, 0x0000,
  0x0000, 0x0000, 0x10A2, 0x0000, 0x0000, 0x0000, 0x0000, 0x0000, 0x0000, 0x0000, 0x0841, 0x31A6,
  0x39C7, 0x39E7, 0x2965, 0x31A6, 0x2945, 0x2945, 0x2104, 0x2965, 0x2124, 0x3186, 0x0020, 0x0020,
  0x0020, 0x0000, 0x528A, 0xFFFF, 0xFFDF, 0xFFFF, 0xC618, 0xDEFB, 0x8C51, 0x7BCF, 0xF7BE, 0xFFFF,
  0xFFFF, 0xDEDB, 0xEF5D, 0x9CD3, 0x6B4D, 0xE73D, 0xFFFF, 0xFFFF, 0xFFDF, 0xFFFF, 0xAD75, 0x5B0C,
  0xD69A, 0xFFFF, 0xFFFF, 0xFFFF, 0xFFDF, 0xCE59, 0x5AEB, 0xAD75, 0xFFFF, 0xFFFF, 0xFFFF, 0xFFFF,
  0xEF7D, 0x632C, 0x7BCF, 0xC638, 0x0000, 0x0000, 0x0020, 0x0000, 0x18E3, 0x1082, 0x2945, 0x2965,
  0x2104, 0x2965, 0x2124, 0x2965, 0x31A6, 0x18C3, 0x0841, 0x0000, 0x0000, 0x0020, 0x0000, 0x0000,
  0x0000, 0x0000, 0x0000, 0x0000, 0x0000, 0x0000, 0x0000, 0x0000, 0x0000, 0x0000, 0x0000, 0x0000,
  0x0000, 0x0000, 0x0000, 0x0000, 0x0000, 0x0000, 0x0000, 0x0000, 0x0000, 0x0000, 0x0000, 0x0000,
  0x0000, 0x0000, 0x0000, 0x0000, 0x0000, 0x0000, 0x0000, 0x0000, 0x0000, 0x0000, 0x0000, 0x0000,
  0x0000, 0x0000, 0x0000, 0x0000, 0x0000, 0x0000, 0x0000, 0x0000, 0x0000, 0x0000, 0x1082, 0x3186,
  0x2965, 0x2945, 0x39C7, 0x2945, 0x18C3, 0x4208, 0x2104, 0x2124, 0x2124, 0x2124, 0x18C3, 0x3186,
  0x31A6, 0x2945, 0x2104, 0x2124, 0x0000, 0x0020, 0x0000, 0x0000, 0x0000, 0x0000, 0x0000, 0x0000,
  0x0000, 0x0000, 0x0000, 0x0000, 0x0000, 0x0000, 0x0000, 0x0000, 0x0000, 0x0000, 0x0000, 0x0000,
  0x0000, 0x0000, 0x0000, 0x0000, 0x0000, 0x0000, 0x0000, 0x0000, 0x0000, 0x0000, 0x0000, 0x0000,
  0x0000, 0x0000, 0x0000, 0x0000, 0x0000, 0x0000, 0x0000, 0x0000, 0x0000, 0x0000, 0x0000, 0x0000,
  0x0000, 0x0000, 0x0000, 0x0000, 0x0000, 0x0000, 0x0000, 0x18E3, 0x31A6, 0x31A6, 0x2945, 0x2965,
  0x2124, 0x31A6, 0x2104, 0x3186, 0x18E3, 0x31A6, 0x2124, 0x3186, 0x3186, 0x2124, 0x2945, 0x3186,
  0x2104, 0x2965, 0x3186, 0x18E3, 0x39E7, 0x0000, 0x18E3, 0x0841, 0x0000, 0x0000, 0x0000, 0x0000,
  0x0000, 0x0000, 0x0000, 0x0000, 0x0000, 0x0000, 0x0000, 0x0000, 0x0000, 0x0000, 0x0000, 0x0000,
  0x0000, 0x0000, 0x0000, 0x0000, 0x0000, 0x0000, 0x0000, 0x0000, 0x0000, 0x0000, 0x0000, 0x0000,
  0x0000, 0x0000, 0x0000, 0x0000, 0x0000, 0x0000, 0x0841, 0x1082, 0x10A2, 0x0000, 0x0000, 0x0020,
  0x0000, 0x0000, 0x0020, 0x10A2, 0x3186, 0x2965, 0x2124, 0x2124, 0x3186, 0x3186, 0x31A6, 0x39C7,
  0x4208, 0x39C7, 0x18E3, 0x31A6, 0x0000, 0x0020, 0x0000, 0x2104, 0xCE59, 0xFFFF, 0xFFFF, 0xFFFF,
  0xFFDF, 0x52AA, 0x94B2, 0xFFFF, 0xFFFF, 0xFFFF, 0xFFFF, 0xFFDF, 0x73AE, 0x7BEF, 0xFFDF, 0xFFFF,
  0xFFFF, 0xFFFF, 0xFFFF, 0xBDF7, 0x632C, 0xF7BE, 0xFFFF, 0xFFFF, 0xFFDF, 0xFFFF, 0xD69A, 0x39C7,
  0xD6BA, 0xFFFF, 0xFFFF, 0xFFFF, 0xFFFF, 0xF79E, 0x2965, 0xB5B6, 0xFFFF, 0xEF7D, 0x73AE, 0x0000,
  0x0000, 0x10A2, 0x31A6, 0x2104, 0x528A, 0x18C3, 0x31A6, 0x2124, 0x31A6, 0x2965, 0x2124, 0x4208,
  0x4A49, 0x2965, 0x0000, 0x0000, 0x0000, 0x0020, 0x0000, 0x0000, 0x0000, 0x0000, 0x0000, 0x0000,
  0x0000, 0x0000, 0x0000, 0x0000, 0x0000, 0x0000, 0x0000, 0x0000, 0x0000, 0x0000, 0x0000, 0x0000,
  0x0000, 0x0000, 0x0000, 0x0000, 0x0000, 0x0000, 0x0000, 0x0000, 0x0000, 0x0000, 0x0000, 0x0000,
  0x0000, 0x0000, 0x0000, 0x0000, 0x0000, 0x0000, 0x0000, 0x0000, 0x0000, 0x0000, 0x0000, 0x0000,
  0x0000, 0x0000, 0x0000, 0x0020, 0x0000, 0x2104, 0x2124, 0x3186, 0x31A6, 0x2104, 0x31A6, 0x2124,
  0x2945, 0x1082, 0x18C3, 0x18C3, 0x2965, 0x2124, 0x2104, 0x18E3, 0x2124, 0x31A6, 0x0020, 0x0000,
  0x0000, 0x0000, 0x0000, 0x0000, 0x0000, 0x0000, 0x0000, 0x0000, 0x0000, 0x0000, 0x0000, 0x0000,
  0x0000, 0x0000, 0x0000, 0x0000, 0x0000, 0x0000, 0x0000, 0x0000, 0x0000, 0x0000, 0x0000, 0x0000,
  0x0000, 0x0000, 0x0000, 0x0000, 0x0000, 0x0000, 0x0000, 0x0000, 0x0000, 0x0000, 0x0000, 0x0000,
  0x0000, 0x0000, 0x0000, 0x0000, 0x0000, 0x0000, 0x0000, 0x0000, 0x0000, 0x0000, 0x0000, 0x0020,
  0x0020, 0x31A6, 0x3186, 0x2945, 0x2965, 0x3186, 0x18E3, 0x2965, 0x18E3, 0x2104, 0x10A2, 0x3186,
  0x2945, 0x2945, 0x31A6, 0x2945, 0x31A6, 0x39E7, 0x1082, 0x3186, 0x18C3, 0x39C7, 0x18C3, 0x0000,
  0x0000, 0x0000, 0x0000, 0x0000, 0x0000, 0x0000, 0x0000, 0x0000, 0x0000, 0x0000, 0x0000, 0x0000,
  0x0000, 0x0000, 0x0000, 0x0020, 0x0020, 0x0000, 0x0000, 0x0000, 0x0000, 0x0000, 0x0000, 0x0000,
  0x0000, 0x0000, 0x0000, 0x0000, 0x0000, 0x0000, 0x0000, 0x0000, 0x0000, 0x0020, 0x0000, 0x0861,
  0x0861, 0x0861, 0x18C3, 0x0020, 0x0020, 0x0000, 0x0020, 0x10A2, 0x39E7, 0x3186, 0x2965, 0x39C7,
  0x2104, 0x2965, 0x31A6, 0x2104, 0x3186, 0x2945, 0x2945, 0x10A2, 0x31A6, 0x0000, 0x0000, 0x0020,
  0x0000, 0x39C7, 0xE73C, 0xFFFF, 0xFFFF, 0xE73C, 0x8410, 0x94B2, 0xE73C, 0xD69A, 0xF79E, 0xFFFF,
  0xFFDF, 0xA534, 0x7BCF, 0xCE79, 0xCE59, 0xF7BE, 0xFFFF, 0xFFDF, 0xB5B6, 0x6B6D, 0xDEDB, 0xE73C,
  0xEF5D, 0xFFFF, 0xF7BE, 0xCE59, 0x630C, 0xBDD7, 0xF79E, 0xD6BA, 0xFFFF, 0xFFFF, 0xD6BA, 0x8410,
  0xA514, 0xEF5D, 0xDEFB, 0xFFFF, 0xC638, 0x0000, 0x0020, 0x0020, 0x39C7, 0x18C3, 0x10A2, 0x18E3,
  0x18E3, 0x2945, 0x2965, 0x2965, 0x31A6, 0x2965, 0x2104, 0x18E3, 0x39C7, 0x2945, 0x0841, 0x0000,
  0x0020, 0x0000, 0x0000, 0x0000, 0x0000, 0x0000, 0x0000, 0x0000, 0x0000, 0x0000, 0x0000, 0x0000,
  0x0000, 0x0000, 0x0000, 0x0000, 0x0000, 0x0000, 0x0000, 0x0000, 0x0000, 0x0000, 0x0000, 0x0000,
  0x0000, 0x0000, 0x0000, 0x0000, 0x0000, 0x0000, 0x0000, 0x0000, 0x0000, 0x0000, 0x0000, 0x0000,
  0x0000, 0x0000, 0x0000, 0x0000, 0x0000, 0x0000, 0x0000, 0x0000, 0x0020, 0x0000, 0x2104, 0x31A6,
  0x2965, 0x31A6, 0x2965, 0x2945, 0x2965, 0x18E3, 0x2104, 0x2965, 0x2124, 0x18C3, 0x2945, 0x18C3,
  0x10A2, 0x10A2, 0x39C7, 0x31A6, 0x0861, 0x0000, 0x0000, 0x0000, 0x0000, 0x0000, 0x0000, 0x0000,
  0x0000, 0x0020, 0x0000, 0x0000, 0x0000, 0x0000, 0x0020, 0x0000, 0x0000, 0x0000, 0x0000, 0x0000,
  0x0000, 0x0000, 0x0000, 0x0000, 0x0000, 0x0000, 0x0000, 0x0000, 0x0000, 0x0000, 0x0000, 0x0000,
  0x0000, 0x0000, 0x0000, 0x0000, 0x0000, 0x0000, 0x0000, 0x0000, 0x0000, 0x0000, 0x0000, 0x0000,
  0x0000, 0x0000, 0x0000, 0x0000, 0x0020, 0x0000, 0x1082, 0x31A6, 0x3186, 0x1082, 0x3186, 0x3186,
  0x3186, 0x2965, 0x1082, 0x0841, 0x2104, 0x18E3, 0x1082, 0x18C3, 0x2965, 0x2104, 0x2124, 0x2965,
  0x3186, 0x39E7, 0x2965, 0x39E7, 0x0841, 0x0000, 0x0020, 0x0000, 0x0000, 0x0000, 0x0000, 0x0000,
  0x0000, 0x0000, 0x0000, 0x0000, 0x0000, 0x0000, 0x0000, 0x0000, 0x0000, 0x0020, 0x0020, 0x0020,
  0x0000, 0x0000, 0x0000, 0x0000, 0x0000, 0x0000, 0x0000, 0x0000, 0x0000, 0x0000, 0x0000, 0x0000,
  0x0000, 0x0000, 0x0000, 0x0000, 0x0000, 0x0882, 0x0841, 0x2104, 0x0861, 0x0000, 0x0000, 0x10A2,
  0x18E3, 0x3186, 0x2945, 0x39C7, 0x3186, 0x2124, 0x18E3, 0x2965, 0x3186, 0x3186, 0x3186, 0x2965,
  0x2965, 0x3186, 0x2945, 0x0000, 0x0020, 0x0000, 0x2945, 0x8410, 0x5ACB, 0xFFFF, 0xFFFF, 0x738E,
  0x9492, 0xFFFF, 0xDEDB, 0x39E7, 0xDEFB, 0xFFFF, 0xBDD7, 0x73AE, 0xF7BE, 0xFFFF, 0x6B6D, 0xDEFB,
  0xFFFF, 0xD69A, 0x4A69, 0xD6BA, 0xFFFF, 0x7BEF, 0xAD55, 0xFFFF, 0xE71C, 0x4208, 0xAD55, 0xFFFF,
  0xBDB7, 0x6B6D, 0xFFFF, 0xFFFF, 0x630C, 0x8410, 0xFFFF, 0xD69A, 0x4A49, 0xFFFF, 0xBDD7, 0x0000,
  0x0000, 0x0841, 0x3186, 0x10A2, 0x2104, 0x2104, 0x2965, 0x1082, 0x2965, 0x2945, 0x3186, 0x2104,
  0x18C3, 0x3186, 0x18E3, 0x2945, 0x3186, 0x2124, 0x0000, 0x0020, 0x0000, 0x0000, 0x0000, 0x0000,
  0x0000, 0x0000, 0x0000, 0x0000, 0x0000, 0x0000, 0x0000, 0x0000, 0x0000, 0x0000, 0x0000, 0x0000,
  0x0000, 0x0000, 0x0000, 0x0000, 0x0000, 0x0000, 0x0000, 0x0000, 0x0000, 0x0000, 0x0000, 0x0000,
  0x0000, 0x0000, 0x0000, 0x0000, 0x0000, 0x0000, 0x0000, 0x0000, 0x0000, 0x0000, 0x0000, 0x0000,
  0x0000, 0x0000, 0x0000, 0x0000, 0x0020, 0x2104, 0x39C7, 0x2945, 0x3186, 0x2965, 0x2965, 0x31A6,
  0x39E7, 0x4208, 0x39C7, 0x0861, 0x18E3, 0x18E3, 0x31A6, 0x39E7, 0x2965, 0x3186, 0x2104, 0x0000,
  0x0020, 0x0000, 0x0000, 0x0000, 0x0000, 0x0000, 0x0020, 0x0841, 0x0000, 0x0000, 0x0000, 0x0000,
  0x0020, 0x0000, 0x0000, 0x0000, 0x0000, 0x0000, 0x0000, 0x0000, 0x0000, 0x0000, 0x0000, 0x0000,
  0x0000, 0x0000, 0x0000, 0x0000, 0x0000, 0x0000, 0x0000, 0x0000, 0x0000, 0x0000, 0x0000, 0x0000,
  0x0000, 0x0000, 0x0000, 0x0000, 0x0000, 0x0000, 0x0000, 0x0000, 0x0000, 0x0000, 0x0000, 0x0000,
  0x31A6, 0x39E7, 0x10A2, 0x3186, 0x2124, 0x3186, 0x0861, 0x39C7, 0x18E3, 0x2945, 0x2104, 0x39E7,
  0x39C7, 0x2945, 0x0841, 0x2104, 0x2124, 0x0861, 0x39C7, 0x2945, 0x31A6, 0x2965, 0x0020, 0x0000,
  0x0000, 0x0000, 0x0000, 0x0000, 0x0000, 0x0000, 0x0000, 0x0000, 0x0000, 0x0000, 0x0000, 0x0000,
  0x0000, 0x0000, 0x0000, 0x0000, 0x0000, 0x0000, 0x0000, 0x0000, 0x0000, 0x0000, 0x0000, 0x0000,
  0x0000, 0x0000, 0x0000, 0x0000, 0x0000, 0x0000, 0x0000, 0x0000, 0x0000, 0x0020, 0x0000, 0x10A3,
  0x1082, 0x0020, 0x0000, 0x10A2, 0x2124, 0x39C7, 0x39C7, 0x3186, 0x31A6, 0x2124, 0x39E7, 0x2945,
  0x2124, 0x2104, 0x3186, 0x2945, 0x2965, 0x39C7, 0x31A6, 0x2104, 0x0861, 0x0000, 0x0020, 0x0000,
  0x2124, 0xEF5D, 0xF79E, 0xFFFF, 0xFFFF, 0xEF5D, 0xFFFF, 0xFFFF, 0xF7BE, 0xD6BA, 0xFFDF, 0xFFFF,
  0xF7BE, 0xFFDF, 0xFFFF, 0xFFFF, 0xEF7D, 0xF79E, 0xFFFF, 0xF79E, 0xF79E, 0xFFFF, 0xFFFF, 0xF79E,
  0xF7BE, 0xFFFF, 0xFFFF, 0xEF5D, 0xFFFF, 0xFFFF, 0xFFDF, 0xF79E, 0xFFFF, 0xFFFF, 0xEF7D, 0xF7BE,
  0xFFFF, 0xF7BE, 0xE71C, 0xFFFF, 0xB5B6, 0x0000, 0x0020, 0x0000, 0x0020, 0x4A49, 0x1082, 0x18C3,
  0x10A2, 0x18E3, 0x18C3, 0x0841, 0x2965, 0x2104, 0x31A6, 0x2965, 0x2965, 0x2965, 0x39C7, 0x2124,
  0x39C7, 0x0020, 0x0020, 0x0000, 0x0020, 0x0000, 0x0000, 0x0000, 0x0000, 0x0000, 0x0000, 0x0000,
  0x0000, 0x0000, 0x0000, 0x0000, 0x0000, 0x0000, 0x0000, 0x0000, 0x0000, 0x0000, 0x0000, 0x0000,
  0x0000, 0x0000, 0x0000, 0x0000, 0x0000, 0x0000, 0x0000, 0x0000, 0x0000, 0x0000, 0x0000, 0x0000,
  0x0000, 0x0000, 0x0000, 0x0000, 0x0000, 0x0000, 0x0000, 0x0000, 0x0000, 0x0000, 0x0000, 0x3186,
  0x31A6, 0x2104, 0x0020, 0x39C7, 0x2965, 0x39C7, 0x31A6, 0x2124, 0x31A6, 0x2124, 0x39C7, 0x31A6,
  0x31A6, 0x18E3, 0x3186, 0x31A6, 0x39C7, 0x10A2, 0x0000, 0x0020, 0x0000, 0x0000, 0x0000, 0x0000,
  0x0000, 0x0000, 0x0000, 0x0000, 0x0000, 0x0000, 0x0000, 0x0000, 0x0000, 0x0000, 0x0000, 0x0000,
  0x0000, 0x0000, 0x0000, 0x0000, 0x0000, 0x0000, 0x0000, 0x0000, 0x0000, 0x0000, 0x0000, 0x0000,
  0x0000, 0x0000, 0x0000, 0x0000, 0x0000, 0x0000, 0x0000, 0x0000, 0x0000, 0x0000, 0x0000, 0x0000,
  0x0000, 0x0000, 0x0000, 0x0000, 0x0000, 0x2945, 0x39C7, 0x2965, 0x31A6, 0x3186, 0x3186, 0x3186,
  0x39C7, 0x31A6, 0x0861, 0x39C7, 0x2965, 0x2104, 0x31A6, 0x2104, 0x2124, 0x39C7, 0x18E3, 0x10A2,
  0x2124, 0x2965, 0x4228, 0x0861, 0x0000, 0x0020, 0x0000, 0x0000, 0x0000, 0x0000, 0x0000, 0x0000,
  0x0000, 0x0000, 0x0000, 0x0000, 0x0000, 0x0000, 0x0000, 0x0000, 0x0000, 0x0000, 0x0000, 0x0000,
  0x0000, 0x0000, 0x0000, 0x0000, 0x0000, 0x0000, 0x0000, 0x0000, 0x0000, 0x0000, 0x0000, 0x0000,
  0x0000, 0x0000, 0x0000, 0x0000, 0x0000, 0x0841, 0x10A2, 0x0000, 0x0000, 0x18C3, 0x3186, 0x2124,
  0x2965, 0x39E7, 0x10A2, 0x31A6, 0x2124, 0x3186, 0x3186, 0x39C7, 0x2965, 0x2104, 0x31A6, 0x2124,
  0x10A2, 0x39E7, 0x1082, 0x0000, 0x0020, 0x0000, 0x1082, 0xEF5D, 0xFFFF, 0xFFFF, 0xFFFF, 0xFFFF,
  0xFFFF, 0xFFFF, 0xFFFF, 0xFFFF, 0xFFFF, 0xFFFF, 0xFFFF, 0xFFFF, 0xFFFF, 0xFFDF, 0xDEFB, 0xDEFB,
  0xFFDF, 0xFFFF, 0xFFFF, 0xFFFF, 0xFFFF, 0xFFFF, 0xFFFF, 0xFFFF, 0xFFFF, 0xFFFF, 0xFFFF, 0xFFFF,
  0xFFFF, 0xFFFF, 0xFFFF, 0xFFFF, 0xFFFF, 0xFFFF, 0xFFFF, 0xFFFF, 0xFFFF, 0xFFFF, 0xD69A, 0x3186,
  0x0000, 0x0000, 0x18C3, 0x31A6, 0x2104, 0x3186, 0x2965, 0x39C7, 0x4228, 0x18E3, 0x2124, 0x1082,
  0x2124, 0x10A2, 0x31A6, 0x2945, 0x3186, 0x3186, 0x39E7, 0x39C7, 0x0841, 0x0000, 0x0000, 0x0000,
  0x0000, 0x0000, 0x0000, 0x0000, 0x0000, 0x0000, 0x0000, 0x0000, 0x0000, 0x0000, 0x0000, 0x0000,
  0x0000, 0x0000, 0x0000, 0x0000, 0x0000, 0x0000, 0x0000, 0x0000, 0x0000, 0x0000, 0x0000, 0x0000,
  0x0000, 0x0000, 0x0000, 0x0000, 0x0000, 0x0000, 0x0000, 0x0000, 0x0000, 0x0000, 0x0000, 0x0000,
  0x0000, 0x0000, 0x0000, 0x0000, 0x0000, 0x0000, 0x0000, 0x0000, 0x0841, 0x31A6, 0x2104, 0x39C7,
  0x2104, 0x39C7, 0x31A6, 0x2104, 0x3186, 0x3186, 0x31A6, 0x18E3, 0x31A6, 0x2945, 0x39C7, 0x31A6,
  0x0861, 0x0000, 0x0020, 0x0000, 0x0000, 0x0000, 0x0000, 0x0000, 0x0000, 0x0000, 0x0000, 0x0000,
  0x0000, 0x0000, 0x0000, 0x0000, 0x0000, 0x0000, 0x0000, 0x0000, 0x0000, 0x0000, 0x0000, 0x0000,
  0x0000, 0x0000, 0x0000, 0x0000, 0x0000, 0x0000, 0x0000, 0x0000, 0x0000, 0x0000, 0x0000, 0x0000,
  0x0000, 0x0000, 0x0000, 0x0000, 0x0000, 0x0000, 0x0000, 0x0000, 0x0000, 0x0000, 0x10A2, 0x39C7,
  0x2965, 0x2945, 0x3186, 0x2965, 0x2124, 0x31A6, 0x2104, 0x0841, 0x1082, 0x0020, 0x0841, 0x0861,
  0x1082, 0x18C3, 0x1082, 0x10A2, 0x4208, 0x31A6, 0x3186, 0x2945, 0x0861, 0x0000, 0x0020, 0x0000,
  0x0000, 0x0000, 0x0000, 0x0000, 0x0000, 0x0000, 0x0000, 0x0000, 0x0000, 0x0000, 0x0000, 0x0000,
  0x0020, 0x0020, 0x0000, 0x0000, 0x0000, 0x0000, 0x0000, 0x0000, 0x0000, 0x0000, 0x0000, 0x0000,
  0x0000, 0x0000, 0x0000, 0x0000, 0x0000, 0x0000, 0x0000, 0x0000, 0x0000, 0x0020, 0x0000, 0x0861,
  0x1082, 0x2945, 0x2124, 0x0861, 0x39E7, 0x18E3, 0x31A6, 0x2965, 0x4208, 0x2945, 0x2945, 0x2945,
  0x2965, 0x18C3, 0x18E3, 0x31A6, 0x2965, 0x4208, 0x31A6, 0x2945, 0x0000, 0x0020, 0x0000, 0x0861,
  0x8410, 0xC618, 0x94B2, 0xFFFF, 0xFFFF, 0xFFFF, 0xFFFF, 0xFFFF, 0xEF7D, 0x9CD3, 0xF7BE, 0xFFFF,
  0xFFFF, 0xFFFF, 0xFFFF, 0xFFFF, 0xA514, 0xEF5D, 0xFFFF, 0xFFFF, 0xFFFF, 0xFFFF, 0xFFFF, 0xCE79,
  0xD6BA, 0xFFFF, 0xFFFF, 0xFFFF, 0xFFFF, 0xFFFF, 0xE71C, 0xB596, 0xFFFF, 0xFFFF, 0xFFFF, 0xFFFF,
  0xFFFF, 0xF79E, 0x9CD3, 0xF7BE, 0xFFFF, 0xA514, 0x0000, 0x0020, 0x0000, 0x0841, 0x2124, 0x18C3,
  0x2945, 0x2945, 0x2124, 0x18E3, 0x0861, 0x18E3, 0x1082, 0x2945, 0x2945, 0x3186, 0x39C7, 0x10A2,
  0x3186, 0x18E3, 0x10A2, 0x10A2, 0x10A2, 0x0020, 0x0020, 0x0000, 0x0000, 0x0000, 0x0000, 0x0000,
  0x0000, 0x0000, 0x0000, 0x0000, 0x0000, 0x0000, 0x0000, 0x0000, 0x0000, 0x0000, 0x0000, 0x0000,
  0x0000, 0x0000, 0x0000, 0x0000, 0x0000, 0x0000, 0x0000, 0x0000, 0x0000, 0x0000, 0x0000, 0x0000,
  0x0000, 0x0000, 0x0000, 0x0000, 0x0000, 0x0000, 0x0000, 0x0000, 0x0000, 0x0000, 0x0000, 0x0020,
  0x0020, 0x0020, 0x0000, 0x2965, 0x2945, 0x39C7, 0x39C7, 0x2945, 0x2965, 0x2945, 0x2965, 0x18E3,
  0x10A2, 0x18C3, 0x39E7, 0x2124, 0x3186, 0x39C7, 0x2104, 0x0861, 0x0000, 0x0000, 0x0000, 0x0000,
  0x0000, 0x0000, 0x0000, 0x0000, 0x0000, 0x0000, 0x0000, 0x0000, 0x0000, 0x0000, 0x0000, 0x0000,
  0x0000, 0x0000, 0x0000, 0x0000, 0x0000, 0x0000, 0x0000, 0x0000, 0x0000, 0x0000, 0x0000, 0x0000,
  0x0000, 0x0000, 0x0000, 0x0000, 0x0000, 0x0000, 0x0000, 0x0000, 0x0000, 0x0000, 0x0000, 0x0000,
  0x0000, 0x0000, 0x0020, 0x0000, 0x31A6, 0x3186, 0x2965, 0x2965, 0x2965, 0x18E3, 0x4228, 0x2965,
  0x3186, 0x39C7, 0x18C3, 0x18C3, 0x10A2, 0x31A6, 0x39E7, 0x10A2, 0x39C7, 0x18C3, 0x4A69, 0x2104,
  0x4A49, 0x0020, 0x0000, 0x0020, 0x0000, 0x0000, 0x0000, 0x0000, 0x0000, 0x0000, 0x0000, 0x0000,
  0x0000, 0x0000, 0x0000, 0x0000, 0x0000, 0x0000, 0x0020, 0x0020, 0x0000, 0x0000, 0x0000, 0x0000,
  0x0000, 0x0000, 0x0000, 0x0000, 0x0000, 0x0000, 0x0000, 0x0000, 0x0000, 0x0000, 0x0000, 0x0000,
  0x0000, 0x0000, 0x0000, 0x0000, 0x0000, 0x0000, 0x2945, 0x4208, 0x3186, 0x3186, 0x18C3, 0x39E7,
  0x2104, 0x39C7, 0x2104, 0x2965, 0x3186, 0x2965, 0x10A2, 0x4228, 0x2965, 0x2945, 0x2104, 0x2965,
  0x2965, 0x2124, 0x18C3, 0x0000, 0x0000, 0x31A6, 0xEF5D, 0x5ACB, 0x94B2, 0xFFFF, 0xFFFF, 0xFFFF,
  0xE73C, 0xEF5D, 0x8430, 0x94B2, 0xF7BE, 0xFFFF, 0xFFFF, 0xFFDF, 0xFFFF, 0xBDD7, 0x31A6, 0x8C51,
  0x9492, 0x9492, 0x8C51, 0xC618, 0xD6BA, 0x8C51, 0xD69A, 0xFFDF, 0xFFFF, 0xFFFF, 0xFFFF, 0xE73C,
  0x7BCF, 0xB5B6, 0xFFFF, 0xFFFF, 0xFFFF, 0xE73C, 0xE71C, 0x7BCF, 0x7BCF, 0xF7BE, 0xFFFF, 0x9492,
  0x0000, 0x0020, 0x1082, 0x0000, 0x10A2, 0x1082, 0x18C3, 0x0841, 0x18E3, 0x0841, 0x2124, 0x2104,
  0x2945, 0x39C7, 0x2945, 0x2124, 0x39C7, 0x2965, 0x39E7, 0x4228, 0x31A6, 0x31A6, 0x39E7, 0x0861,
  0x0000, 0x0000, 0x0020, 0x0000, 0x0000, 0x0000, 0x0000, 0x0000, 0x0000, 0x0000, 0x0000, 0x0000,
  0x0000, 0x0000, 0x0000, 0x0000, 0x0000, 0x0000, 0x0000, 0x0000, 0x0000, 0x0000, 0x0000, 0x0000,
  0x0000, 0x0000, 0x0000, 0x0000, 0x0000, 0x0000, 0x0000, 0x0000, 0x0000, 0x0000, 0x0000, 0x0000,
  0x0000, 0x0000, 0x0000, 0x0000, 0x0000, 0x0000, 0x0000, 0x0020, 0x0000, 0x3186, 0x18E3, 0x2965,
  0x18E3, 0x39C7, 0x31A6, 0x18E3, 0x3186, 0x2965, 0x3186, 0x2104, 0x18C3, 0x18C3, 0x31A6, 0x2965,
  0x31C7, 0x2124, 0x0000, 0x0020, 0x0000, 0x0000, 0x0000, 0x0000, 0x0000, 0x0000, 0x0000, 0x0000,
  0x0000, 0x0000, 0x0000, 0x0000, 0x0000, 0x0000, 0x0000, 0x0000, 0x0000, 0x0000, 0x0000, 0x0000,
  0x0000, 0x0000, 0x0000, 0x0000, 0x0000, 0x0000, 0x0000, 0x0000, 0x0000, 0x0000, 0x0000, 0x0000,
  0x0000, 0x0000, 0x0000, 0x0000, 0x0000, 0x0000, 0x0000, 0x0020, 0x0000, 0x2965, 0x3186, 0x2965,
  0x2124, 0x31A6, 0x31A6, 0x2965, 0x39C7, 0x2104, 0x2965, 0x3186, 0x18C3, 0x1082, 0x2104, 0x2124,
  0x4228, 0x39C7, 0x39E7, 0x39E7, 0x31A6, 0x0861, 0x39C7, 0x0841, 0x0000, 0x0000, 0x0000, 0x0000,
  0x0000, 0x0000, 0x0000, 0x0000, 0x0000, 0x0000, 0x0000, 0x0000, 0x0000, 0x0000, 0x0000, 0x0000,
  0x0000, 0x0000, 0x0000, 0x0000, 0x0000, 0x0000, 0x0000, 0x0000, 0x0000, 0x0000, 0x0000, 0x0000,
  0x0000, 0x0000, 0x0000, 0x0020, 0x0020, 0x0000, 0x0000, 0x0020, 0x0000, 0x0841, 0x18C3, 0x18C3,
  0x18E3, 0x4A49, 0x2945, 0x3186, 0x39C7, 0x2965, 0x39E7, 0x2965, 0x3186, 0x2945, 0x31A6, 0x18C3,
  0x39C7, 0x10A2, 0x2945, 0x2965, 0x2965, 0x3186, 0x2104, 0x4A49, 0x2945, 0x0000, 0x0000, 0x18C3,
  0x4A49, 0x9CD3, 0xFFFF, 0xFFFF, 0xFFFF, 0xFFFF, 0xEF7D, 0x632D, 0x8C71, 0xFFFF, 0xFFFF, 0xFFFF,
  0xFFDF, 0xFFFF, 0xB596, 0x18C3, 0x0000, 0x0000, 0x0000, 0x0000, 0x0000, 0x2965, 0x4208, 0x39E7,
  0xE73C, 0xFFFF, 0xFFFF, 0xFFFF, 0xE71C, 0x738E, 0xBDD7, 0xF79E, 0xFFFF, 0xFFFF, 0xEF7D, 0xEF7D,
  0x39E7, 0x8C51, 0xFFFF, 0xFFFF, 0xFFFF, 0xE71C, 0x528A, 0x0000, 0x0841, 0x1082, 0x2945, 0x18E3,
  0x3186, 0x2104, 0x2124, 0x2124, 0x31A6, 0x0861, 0x1082, 0x18C3, 0x4A29, 0x4208, 0x31A6, 0x39C7,
  0x39C7, 0x2104, 0x18E3, 0x31A6, 0x2965, 0x3186, 0x2965, 0x1082, 0x0000, 0x0000, 0x0000, 0x0000,
  0x0000, 0x0000, 0x0000, 0x0000, 0x0000, 0x0000, 0x0000, 0x0000, 0x0000, 0x0000, 0x0000, 0x0000,
  0x0000, 0x0000, 0x0000, 0x0000, 0x0000, 0x0000, 0x0000, 0x0000, 0x0000, 0x0000, 0x0000, 0x0000,
  0x0000, 0x0000, 0x0000, 0x0000, 0x0000, 0x0000, 0x0000, 0x0000, 0x0000, 0x0000, 0x0000, 0x0000,
  0x0000, 0x0020, 0x0000, 0x2945, 0x39C7, 0x2965, 0x39E7, 0x2124, 0x18C3, 0x2945, 0x3186, 0x31A6,
  0x10A2, 0x18E3, 0x2104, 0x10A2, 0x18C3, 0x3186, 0x0861, 0x2945, 0x0020, 0x0020, 0x0000, 0x0000,
  0x0000, 0x0000, 0x0000, 0x0000, 0x0000, 0x0000, 0x0000, 0x0000, 0x0000, 0x0000, 0x0000, 0x0000,
  0x0000, 0x0000, 0x0000, 0x0000, 0x0000, 0x0000, 0x0000, 0x0000, 0x0000, 0x0000, 0x0000, 0x0000,
  0x0000, 0x0000, 0x0000, 0x0000, 0x0000, 0x0000, 0x0000, 0x0000, 0x0000, 0x0000, 0x0000, 0x0000,
  0x0000, 0x0000, 0x0020, 0x39C7, 0x18E3, 0x2945, 0x39C7, 0x3186, 0x31A6, 0x2965, 0x3186, 0x3186,
  0x3186, 0x31A6, 0x18C3, 0x18C3, 0x2124, 0x18C3, 0x31A6, 0x31A6, 0x3186, 0x39C7, 0x39C7, 0x4A49,
  0x10A2, 0x0000, 0x0020, 0x0000, 0x0000, 0x0000, 0x0000, 0x0000, 0x0000, 0x0000, 0x0000, 0x0000,
  0x0000, 0x0000, 0x0000, 0x0000, 0x0000, 0x0000, 0x0000, 0x0000, 0x0000, 0x0000, 0x0000, 0x0000,
  0x0000, 0x0000, 0x0000, 0x0000, 0x0000, 0x0000, 0x0000, 0x0020, 0x0000, 0x0861, 0x0841, 0x0000,
  0x0020, 0x0000, 0x0020, 0x2965, 0x2124, 0x18C3, 0x2124, 0x3186, 0x2945, 0x31A6, 0x18E3, 0x18E3,
  0x39C7, 0x2945, 0x2945, 0x2945, 0x31A6, 0x31A6, 0x2124, 0x2945, 0x31A6, 0x2965, 0x39C7, 0x3186,
  0x2104, 0x2124, 0x0000, 0x0020, 0x0000, 0x18E3, 0x94B2, 0xFFFF, 0xE71C, 0xFFFF, 0xFFFF, 0xFFFF,
  0xC638, 0x8C51, 0xEF7D, 0xFFFF, 0xFFFF, 0xFFDF, 0xFFFF, 0xC638, 0x10A2, 0x0000, 0x0020, 0x0020,
  0x0020, 0x0020, 0x0020, 0x0000, 0x0000, 0x0000, 0x4A49, 0x52AA, 0x528A, 0x528A, 0x738E, 0xB5B6,
  0xFFFF, 0xF79E, 0xFFDF, 0xFFFF, 0xFFFF, 0xBDD7, 0x8410, 0xFFFF, 0xE71C, 0xF7BE, 0xFFFF, 0xFFFF,
  0x7BCF, 0x0000, 0x0000, 0x0861, 0x2945, 0x2124, 0x2104, 0x2124, 0x2104, 0x18E3, 0x0861, 0x18E3,
  0x3186, 0x2965, 0x2965, 0x10A2, 0x18E3, 0x18E3, 0x31A6, 0x2945, 0x31A6, 0x2965, 0x2945, 0x2945,
  0x39C7, 0x10A2, 0x39C7, 0x0020, 0x0000, 0x0000, 0x0000, 0x0000, 0x0000, 0x0000, 0x0000, 0x0000,
  0x0000, 0x0000, 0x0000, 0x0000, 0x0000, 0x0000, 0x0000, 0x0000, 0x0000, 0x0000, 0x0000, 0x0000,
  0x0000, 0x0000, 0x0000, 0x0000, 0x0000, 0x0000, 0x0000, 0x0000, 0x0000, 0x0000, 0x0000, 0x0000,
  0x0000, 0x0000, 0x0000, 0x0000, 0x0000, 0x0000, 0x0000, 0x0020, 0x0000, 0x3186, 0x2104, 0x39C7,
  0x0861, 0x3186, 0x4A49, 0x3186, 0x18E3, 0x3186, 0x2945, 0x1082, 0x2124, 0x39E7, 0x2965, 0x31A6,
  0x39E7, 0x18E3, 0x2124, 0x0000, 0x0000, 0x0000, 0x0000, 0x0000, 0x0000, 0x0000, 0x0000, 0x0000,
  0x0000, 0x0000, 0x0000, 0x0000, 0x0000, 0x0000, 0x0000, 0x0000, 0x0000, 0x0000, 0x0000, 0x0000,
  0x0000, 0x0000, 0x0000, 0x0000, 0x0000, 0x0000, 0x0000, 0x0000, 0x0000, 0x0000, 0x0000, 0x0000,
  0x0000, 0x0000, 0x0000, 0x0000, 0x0000, 0x0000, 0x0000, 0x0000, 0x2945, 0x2124, 0x31A6, 0x39E7,
  0x31A6, 0x2104, 0x3186, 0x10A2, 0x3186, 0x2104, 0x2965, 0x2965, 0x31A6, 0x3186, 0x39C7, 0x2104,
  0x3186, 0x2104, 0x3186, 0x31A6, 0x2965, 0x0020, 0x0020, 0x0000, 0x0000, 0x0000, 0x0000, 0x0000,
  0x0000, 0x0000, 0x0000, 0x0000, 0x0000, 0x0000, 0x0000, 0x0000, 0x0000, 0x0000, 0x0000, 0x0000,
  0x0000, 0x0000, 0x0000, 0x0000, 0x0000, 0x0000, 0x0000, 0x0000, 0x0000, 0x0000, 0x0000, 0x0000,
  0x0000, 0x0000, 0x0000, 0x0000, 0x0000, 0x0020, 0x0000, 0x10A2, 0x2965, 0x39C7, 0x2104, 0x10A2,
  0x2965, 0x2124, 0x39C7, 0x31A6, 0x2965, 0x0020, 0x3186, 0x2124, 0x39C7, 0x31A6, 0x2965, 0x31A6,
  0x2965, 0x2104, 0x2104, 0x4208, 0x18C3, 0x2104, 0x31A6, 0x0000, 0x0020, 0x0020, 0x0000, 0x4A69,
  0xFFFF, 0xCE59, 0x6B6D, 0xFFFF, 0xFFFF, 0x7BCF, 0x7BCE, 0xFFDF, 0xDEBB, 0x6B4D, 0xEF5C, 0xEF5D,
  0x5AEB, 0x4208, 0x0000, 0x0020, 0x0000, 0x0000, 0x0000, 0x0000, 0x0000, 0x0020, 0x0020, 0x0020,
  0x0000, 0x0000, 0x0000, 0x0000, 0x18C3, 0x73AE, 0x5AEB, 0x9CF3, 0xFFFF, 0xFFFF, 0x7BEF, 0xB596,
  0xFFFF, 0xDEFB, 0x73AE, 0xF79E, 0xFFFF, 0x9CF3, 0x0020, 0x0020, 0x0020, 0x0000, 0x2965, 0x3186,
  0x31A6, 0x31A6, 0x31A6, 0x2965, 0x2945, 0x18E3, 0x3186, 0x1081, 0x10A2, 0x0861, 0x2104, 0x4208,
  0x2965, 0x39C7, 0x39E7, 0x31A6, 0x2945, 0x4208, 0x2965, 0x39C7, 0x2965, 0x0020, 0x0020, 0x0020,
  0x0000, 0x0000, 0x0000, 0x0000, 0x0000, 0x0000, 0x0000, 0x0000, 0x0000, 0x0000, 0x0000, 0x0000,
  0x0000, 0x0000, 0x0000, 0x0000, 0x0000, 0x0000, 0x0000, 0x0000, 0x0000, 0x0000, 0x0000, 0x0000,
  0x0000, 0x0000, 0x0000, 0x0000, 0x0000, 0x0000, 0x0000, 0x0000, 0x0000, 0x0000, 0x0000, 0x0000,
  0x0000, 0x0000, 0x0000, 0x0020, 0x0000, 0x18C3, 0x2965, 0x39C7, 0x2124, 0x2104, 0x2965, 0x18E3,
  0x2124, 0x2104, 0x2965, 0x18E3, 0x31A6, 0x2104, 0x2945, 0x2945, 0x3186, 0x0861, 0x0000, 0x0000,
  0x0000, 0x0000, 0x0000, 0x0000, 0x0000, 0x0000, 0x0000, 0x0000, 0x0000, 0x0000, 0x0000, 0x0000,
  0x0000, 0x0000, 0x0000, 0x0000, 0x0000, 0x0000, 0x0000, 0x0000, 0x0000, 0x0000, 0x0000, 0x0000,
  0x0000, 0x0000, 0x0000, 0x0000, 0x0000, 0x0000, 0x0000, 0x0000, 0x0000, 0x0000, 0x0000, 0x0000,
  0x0000, 0x0841, 0x31A6, 0x3186, 0x2965, 0x2124, 0x3186, 0x31A6, 0x3186, 0x39C7, 0x3186, 0x3186,
  0x2124, 0x31A6, 0x2965, 0x4A69, 0x39C7, 0x4208, 0x528A, 0x4228, 0x2124, 0x2945, 0x0841, 0x0000,
  0x0000, 0x0000, 0x0000, 0x0000, 0x0000, 0x0000, 0x0000, 0x0000, 0x0000, 0x0000, 0x0000, 0x0000,
  0x0000, 0x0000, 0x0000, 0x0000, 0x0000, 0x0000, 0x0000, 0x0000, 0x0000, 0x0000, 0x0000, 0x0000,
  0x0000, 0x0000, 0x0000, 0x0000, 0x0000, 0x0000, 0x0000, 0x0000, 0x0000, 0x0000, 0x0020, 0x0000,
  0x0020, 0x2945, 0x39E7, 0x3186, 0x2945, 0x2965, 0x2945, 0x39C7, 0x2965, 0x2965, 0x2124, 0x2965,
  0x31A6, 0x3186, 0x1082, 0x39C7, 0x18E3, 0x10A2, 0x31A6, 0x2965, 0x2945, 0x31A6, 0x2965, 0x0000,
  0x0000, 0x0000, 0x0020, 0x0020, 0x0020, 0x8430, 0xFFFF, 0xDEFB, 0xBDD7, 0xFFFF, 0xFFFF, 0xC638,
  0xE73C, 0xFFFF, 0xCE79, 0xB596, 0xCE59, 0x52AA, 0x0000, 0x0000, 0x0020, 0x0000, 0x0000, 0x0000,
  0x0000, 0x0000, 0x0000, 0x0000, 0x0000, 0x0000, 0x0020, 0x0020, 0x0020, 0x0020, 0x0000, 0x0000,
  0x0000, 0x2965, 0x630C, 0xCE59, 0xCE79, 0xF7BE, 0xFFFF, 0xE71C, 0xD69A, 0xFFFF, 0xFFFF, 0xD6BA,
  0xB596, 0x3186, 0x0000, 0x0020, 0x0000, 0x0020, 0x31A6, 0x2965, 0x2965, 0x2124, 0x2104, 0x2965,
  0x2104, 0x18E3, 0x18E3, 0x18C3, 0x39C7, 0x10A2, 0x18E3, 0x31A6, 0x2945, 0x31A6, 0x39C7, 0x31A6,
  0x2945, 0x18E3, 0x3186, 0x39C7, 0x2124, 0x0000, 0x0020, 0x0000, 0x0000, 0x0000, 0x0000, 0x0000,
  0x0000, 0x0000, 0x0000, 0x0000, 0x0000, 0x0000, 0x0000, 0x0000, 0x0000, 0x0000, 0x0000, 0x0000,
  0x0000, 0x0000, 0x0000, 0x0000, 0x0000, 0x0000, 0x0000, 0x0000, 0x0000, 0x0000, 0x0000, 0x0000,
  0x0000, 0x0000, 0x0000, 0x0000, 0x0000, 0x0000, 0x0000, 0x0000, 0x0000, 0x0000, 0x0020, 0x0000,
  0x0861, 0x0841, 0x3186, 0x2945, 0x2104, 0x10A2, 0x18C3, 0x4208, 0x4A69, 0x2104, 0x2945, 0x31A6,
  0x2945, 0x2124, 0x4208, 0x18C3, 0x0020, 0x0000, 0x0000, 0x0000, 0x0000, 0x0000, 0x0000, 0x0000,
  0x0000, 0x0000, 0x0000, 0x0000, 0x0000, 0x0000, 0x0000, 0x0000, 0x0000, 0x0000, 0x0000, 0x0000,
  0x0000, 0x0000, 0x0000, 0x0000, 0x0000, 0x0000, 0x0000, 0x0000, 0x0000, 0x0000, 0x0000, 0x0000,
  0x0000, 0x0000, 0x0000, 0x0000, 0x0000, 0x0020, 0x0000, 0x18E3, 0x31A6, 0x2965, 0x2965, 0x2124,
  0x2965, 0x2104, 0x2965, 0x2104, 0x39C7, 0x2965, 0x39C7, 0x2965, 0x2945, 0x52AA, 0x18C3, 0x2124,
  0x2124, 0x10A2, 0x4208, 0x18C3, 0x0000, 0x0020, 0x0000, 0x0000, 0x0000, 0x0000, 0x0000, 0x0000,
  0x0000, 0x0000, 0x0000, 0x0000, 0x0000, 0x0000, 0x0000, 0x0000, 0x0000, 0x0000, 0x0000, 0x0000,
  0x0000, 0x0000, 0x0000, 0x0000, 0x0000, 0x0000, 0x0000, 0x0000, 0x0000, 0x0000, 0x0000, 0x0000,
  0x0000, 0x0000, 0x0000, 0x0020, 0x0000, 0x0861, 0x4208, 0x31A6, 0x2124, 0x2965, 0x2104, 0x2965,
  0x4208, 0x2124, 0x31A6, 0x2945, 0x2104, 0x2965, 0x2965, 0x2965, 0x4228, 0x2124, 0x2104, 0x18E3,
  0x3186, 0x2965, 0x3186, 0x3186, 0x2124, 0x2965, 0x10A2, 0x2965, 0x0000, 0x0020, 0x0020, 0x5ACB,
  0xFFFF, 0xFFFF, 0xD6BA, 0xFFFF, 0xFFFF, 0xFFFF, 0xFFFF, 0xFFDF, 0xCE59, 0x630C, 0x4208, 0x0000,
  0x0020, 0x0020, 0x0000, 0x0000, 0x0000, 0x0000, 0x0000, 0x0000, 0x0000, 0x0000, 0x0000, 0x0000,
  0x0000, 0x0000, 0x0000, 0x0000, 0x0020, 0x0020, 0x0020, 0x0000, 0x0000, 0x3186, 0x6B4D, 0xEF7D,
  0xFFFF, 0xFFFF, 0xFFDE, 0xF7DE, 0xFFFF, 0xFFFF, 0xFFFF, 0x528A, 0x0000, 0x0020, 0x0000, 0x39E7,
  0x2124, 0x3186, 0x18E3, 0x39C7, 0x2104, 0x2104, 0x2124, 0x10A2, 0x10A2, 0x18E3, 0x31A6, 0x2945,
  0x39E7, 0x39E7, 0x18C3, 0x39C7, 0x4208, 0x18C3, 0x2965, 0x39C7, 0x2945, 0x2965, 0x31A6, 0x1903,
  0x0000, 0x0020, 0x0000, 0x0000, 0x0000, 0x0000, 0x0000, 0x0000, 0x0000, 0x0000, 0x0000, 0x0000,
  0x0000, 0x0000, 0x0000, 0x0000, 0x0000, 0x0000, 0x0000, 0x0000, 0x0000, 0x0000, 0x0000, 0x0000,
  0x0000, 0x0000, 0x0000, 0x0000, 0x0000, 0x0000, 0x0000, 0x0000, 0x0000, 0x0000, 0x0000, 0x0000,
  0x0000, 0x0000, 0x0000, 0x0000, 0x0000, 0x0020, 0x0000, 0x2945, 0x2965, 0x31A6, 0x2124, 0x10A2,
  0x3186, 0x39C7, 0x2124, 0x18C3, 0x39C7, 0x2104, 0x3186, 0x2965, 0x2104, 0x39C7, 0x0841, 0x0000,
  0x0000, 0x0000, 0x0000, 0x0000, 0x0000, 0x0000, 0x0000, 0x0000, 0x0000, 0x0000, 0x0000, 0x0000,
  0x0000, 0x0000, 0x0000, 0x0000, 0x0000, 0x0000, 0x0000, 0x0000, 0x0000, 0x0000, 0x0000, 0x0000,
  0x0000, 0x0000, 0x0000, 0x0000, 0x0000, 0x0000, 0x0000, 0x0000, 0x0000, 0x0000, 0x0000, 0x0000,
  0x0841, 0x3186, 0x39C7, 0x2945, 0x3186, 0x2965, 0x31A6, 0x2945, 0x2104, 0x3186, 0x2124, 0x2965,
  0x18E3, 0x2104, 0x31A6, 0x3186, 0x18C3, 0x4A69, 0x4228, 0x31A6, 0x39C7, 0x1082, 0x0000, 0x0000,
  0x0000, 0x0000, 0x0000, 0x0000, 0x0000, 0x0000, 0x0000, 0x0000, 0x0000, 0x0000, 0x0000, 0x0000,
  0x0000, 0x0000, 0x0000, 0x0000, 0x0000, 0x0000, 0x0000, 0x0000, 0x0000, 0x0000, 0x0000, 0x0000,
  0x0000, 0x0000, 0x0000, 0x0000, 0x0000, 0x0000, 0x0000, 0x0000, 0x0020, 0x0000, 0x1082, 0x4A49,
  0x18E3, 0x3186, 0x31A6, 0x3186, 0x39C7, 0x39E7, 0x18E3, 0x2104, 0x3186, 0x2124, 0x39C7, 0x2124,
  0x39E7, 0x39E7, 0x2945, 0x3186, 0x2965, 0x4A49, 0x31A6, 0x18C3, 0x0861, 0x4A48, 0x10A2, 0x2965,
  0x3186, 0x18C3, 0x0000, 0x0020, 0x0000, 0x39C7, 0xF7BE, 0xF79E, 0xD6BA, 0xFFFF, 0xFFFF, 0xF7BE,
  0xFFFF, 0xCE79, 0x2124, 0x0000, 0x0000, 0x0020, 0x0000, 0x0000, 0x0000, 0x0000, 0x0000, 0x0000,
  0x0000, 0x0000, 0x0000, 0x0000, 0x0000, 0x0000, 0x0000, 0x0000, 0x0000, 0x0000, 0x0000, 0x0000,
  0x0000, 0x0020, 0x0020, 0x0000, 0x0000, 0x39C7, 0xD69A, 0xEF7D, 0xB596, 0xEF5D, 0xFFFF, 0xFFDF,
  0xFFDF, 0x6B4D, 0x0020, 0x0020, 0x0000, 0x18C3, 0x2965, 0x2945, 0x2945, 0x2965, 0x1082, 0x18E3,
  0x18C3, 0x2125, 0x2125, 0x2124, 0x1082, 0x10A2, 0x31A6, 0x18E3, 0x18C3, 0x2965, 0x2124, 0x2104,
  0x4208, 0x18C3, 0x2104, 0x2124, 0x3186, 0x18C3, 0x3186, 0x0000, 0x0000, 0x0000, 0x0000, 0x0000,
  0x0000, 0x0000, 0x0000, 0x0000, 0x0000, 0x0000, 0x0000, 0x0000, 0x0000, 0x0000, 0x0000, 0x0000,
  0x0000, 0x0000, 0x0000, 0x0000, 0x0000, 0x0000, 0x0000, 0x0000, 0x0000, 0x0000, 0x0000, 0x0000,
  0x0000, 0x0000, 0x0000, 0x0000, 0x0000, 0x0000, 0x0000, 0x0000, 0x0000, 0x0000, 0x0000, 0x0020,
  0x0000, 0x2945, 0x2124, 0x31A6, 0x3186, 0x39E7, 0x2965, 0x18C3, 0x0861, 0x18E3, 0x18E3, 0x10A2,
  0x2124, 0x18E3, 0x3186, 0x2124, 0x2124, 0x0000, 0x0020, 0x0000, 0x0000, 0x0000, 0x0000, 0x0000,
  0x0000, 0x0000, 0x0000, 0x0000, 0x0000, 0x0000, 0x0000, 0x0000, 0x0000, 0x0000, 0x0000, 0x0000,
  0x0000, 0x0000, 0x0000, 0x0000, 0x0000, 0x0000, 0x0000, 0x0000, 0x0000, 0x0000, 0x0000, 0x0000,
  0x0000, 0x0000, 0x0000, 0x0000, 0x0020, 0x0000, 0x2104, 0x39C7, 0x2945, 0x2965, 0x2965, 0x2965,
  0x2945, 0x2965, 0x39E7, 0x31A6, 0x3186, 0x3186, 0x10A2, 0x10A2, 0x2104, 0x1082, 0x2945, 0x2104,
  0x2965, 0x3186, 0x2124, 0x2945, 0x0000, 0x0020, 0x0000, 0x0000, 0x0000, 0x0000, 0x0000, 0x0000,
  0x0000, 0x0000, 0x0000, 0x0000, 0x0000, 0x0000, 0x0000, 0x0000, 0x0000, 0x0000, 0x0000, 0x0000,
  0x0000, 0x0000, 0x0000, 0x0000, 0x0000, 0x0000, 0x0000, 0x0000, 0x0000, 0x0000, 0x0000, 0x0000,
  0x0000, 0x0000, 0x0000, 0x2104, 0x39C7, 0x2104, 0x39C7, 0x31A6, 0x39C7, 0x0841, 0x2965, 0x2945,
  0x31A6, 0x3186, 0x3186, 0x39C7, 0x31A6, 0x2104, 0x39C7, 0x2104, 0x10A2, 0x31A6, 0x2104, 0x18C3,
  0x18E3, 0x2104, 0x2945, 0x4208, 0x10A2, 0x10C2, 0x0861, 0x0000, 0x0841, 0x0020, 0x0000, 0x4A49,
  0xFFDF, 0x94B3, 0xB596, 0xFFFF, 0xFFFF, 0xEF7D, 0xC638, 0x2124, 0x0020, 0x0020, 0x0020, 0x0000,
  0x0000, 0x0000, 0x0000, 0x0000, 0x0000, 0x0000, 0x0000, 0x0000, 0x0000, 0x0000, 0x0000, 0x0000,
  0x0000, 0x0000, 0x0000, 0x0020, 0x0020, 0x0020, 0x0000, 0x0000, 0x0000, 0x0020, 0x0020, 0x0000,
  0x1082, 0x8430, 0x7BCF, 0xF79E, 0xFFDF, 0xFFFF, 0xFFFF, 0xFFFF, 0x4208, 0x0000, 0x0020, 0x0841,
  0x2945, 0x4228, 0x2124, 0x2104, 0x2104, 0x39C7, 0x2124, 0x2945, 0x2945, 0x10A2, 0x31A6, 0x39C7,
  0x39C7, 0x10A2, 0x2124, 0x4208, 0x2965, 0x4208, 0x18E3, 0x2945, 0x2965, 0x39C7, 0x2124, 0x2104,
  0x39C7, 0x18C3, 0x0841, 0x0000, 0x0000, 0x0000, 0x0000, 0x0000, 0x0000, 0x0000, 0x0000, 0x0000,
  0x0000, 0x0000, 0x0000, 0x0000, 0x0000, 0x0000, 0x0000, 0x0000, 0x0000, 0x0000, 0x0000, 0x0000,
  0x0000, 0x0000, 0x0000, 0x0000, 0x0000, 0x0000, 0x0000, 0x0000, 0x0000, 0x0000, 0x0000, 0x0000,
  0x0000, 0x0000, 0x0000, 0x0000, 0x0000, 0x0020, 0x0000, 0x18C3, 0x31A6, 0x18E3, 0x2124, 0x2965,
  0x2104, 0x18C3, 0x1082, 0x3186, 0x2945, 0x2945, 0x3186, 0x18C3, 0x31A6, 0x39E7, 0x2124, 0x0000,
  0x0020, 0x0000, 0x0000, 0x0000, 0x0000, 0x0000, 0x0000, 0x0000, 0x0000, 0x0000, 0x0000, 0x0000,
  0x0000, 0x0000, 0x0000, 0x0000, 0x0000, 0x0000, 0x0000, 0x0000, 0x0000, 0x0000, 0x0000, 0x0000,
  0x0000, 0x0000, 0x0000, 0x0000, 0x0000, 0x0000, 0x0000, 0x0000, 0x0000, 0x0000, 0x0000, 0x0861,
  0x3186, 0x31A6, 0x2965, 0x2965, 0x2965, 0x3186, 0x31A6, 0x2945, 0x31A6, 0x2945, 0x31A6, 0x3186,
  0x2945, 0x4228, 0x18E3, 0x0861, 0x2965, 0x1082, 0x39E7, 0x39E7, 0x10A2, 0x0000, 0x0000, 0x0000,
  0x0000, 0x0000, 0x0000, 0x0000, 0x0000, 0x0000, 0x0000, 0x0000, 0x0000, 0x0000, 0x0000, 0x0000,
  0x0000, 0x0000, 0x0000, 0x0000, 0x0000, 0x0000, 0x0000, 0x0000, 0x0000, 0x0000, 0x0000, 0x0000,
  0x0000, 0x0000, 0x0000, 0x0000, 0x0000, 0x0000, 0x0000, 0x0020, 0x10A2, 0x39C7, 0x31A6, 0x2965,
  0x3186, 0x31A6, 0x2965, 0x1082, 0x0841, 0x1082, 0x31A6, 0x18E3, 0x39C7, 0x2124, 0x31A6, 0x39C7,
  0x18E3, 0x18C3, 0x39C7, 0x2104, 0x2104, 0x39C7, 0x18E3, 0x39C7, 0x4A49, 0x31A6, 0x39E7, 0x0000,
  0x0000, 0x0020, 0x0841, 0x0020, 0x0000, 0x31A6, 0x7BEF, 0x738E, 0xA514, 0xFFDF, 0xFFFF, 0xFFFF,
  0x630C, 0x0000, 0x0020, 0x0000, 0x0000, 0x0020, 0x0020, 0x0020, 0x0020, 0x0000, 0x0000, 0x0000,
  0x0000, 0x0000, 0x0000, 0x0000, 0x0000, 0x0000, 0x0000, 0x0000, 0x0000, 0x0000, 0x0000, 0x0000,
  0x0020, 0x0000, 0x0000, 0x0000, 0x0000, 0x0000, 0x0000, 0x5ACB, 0xAD55, 0xE73C, 0xF7BE, 0xCE59,
  0xE71C, 0xC618, 0x10A2, 0x0000, 0x0020, 0x0000, 0x18E3, 0x18E3, 0x39C7, 0x2945, 0x0020, 0x1082,
  0x0861, 0x2965, 0x2945, 0x3186, 0x2965, 0x2945, 0x0841, 0x2104, 0x1082, 0x2124, 0x1082, 0x18C3,
  0x39E7, 0x3186, 0x0861, 0x31A6, 0x10A2, 0x39C7, 0x3186, 0x39C7, 0x2965, 0x0000, 0x0020, 0x0000,
  0x0000, 0x0000, 0x0000, 0x0000, 0x0000, 0x0000, 0x0000, 0x0000, 0x0000, 0x0000, 0x0000, 0x0000,
  0x0000, 0x0000, 0x0000, 0x0000, 0x0000, 0x0000, 0x0000, 0x0000, 0x0000, 0x0000, 0x0000, 0x0000,
  0x0000, 0x0000, 0x0000, 0x0000, 0x0000, 0x0000, 0x0000, 0x0000, 0x0000, 0x0000, 0x0000, 0x0020,
  0x0000, 0x18C3, 0x39C7, 0x3186, 0x2965, 0x31A6, 0x31A6, 0x10A2, 0x18E3, 0x2965, 0x2945, 0x2945,
  0x3186, 0x39E7, 0x3186, 0x2965, 0x18C3, 0x0000, 0x0000, 0x0000, 0x0000, 0x0000, 0x0000, 0x0000,
  0x0000, 0x0000, 0x0000, 0x0000, 0x0000, 0x0000, 0x0000, 0x0000, 0x0000, 0x0000, 0x0000, 0x0000,
  0x0000, 0x0000, 0x0000, 0x0000, 0x0000, 0x0000, 0x0000, 0x0000, 0x0000, 0x0000, 0x0000, 0x0000,
  0x0000, 0x0000, 0x0000, 0x0020, 0x0000, 0x2945, 0x31A6, 0x3186, 0x31A6, 0x2945, 0x2124, 0x2965,
  0x39C7, 0x2945, 0x2965, 0x18E3, 0x31A6, 0x10A2, 0x39C7, 0x18E3, 0x1082, 0x2945, 0x39E7, 0x10A2,
  0x4208, 0x2124, 0x0861, 0x0000, 0x0000, 0x0000, 0x0000, 0x0000, 0x0000, 0x0000, 0x0000, 0x0000,
  0x0000, 0x0000, 0x0000, 0x0000, 0x0000, 0x0000, 0x0000, 0x0000, 0x0000, 0x0000, 0x0000, 0x0000,
  0x0000, 0x0000, 0x0000, 0x0000, 0x0000, 0x0000, 0x0000, 0x0000, 0x0000, 0x0000, 0x0000, 0x0020,
  0x0000, 0x0841, 0x39C7, 0x3186, 0x2104, 0x2124, 0x2965, 0x2965, 0x1082, 0x10A2, 0x2965, 0x2945,
  0x2124, 0x31A7, 0x39C7, 0x2124, 0x39C7, 0x2104, 0x52AA, 0x0861, 0x10A2, 0x2124, 0x2945, 0x0861,
  0x0041, 0x10A2, 0x18E3, 0x18C3, 0x2124, 0x0000, 0x0020, 0x0000, 0x0000, 0x0000, 0x0000, 0x0841,
  0x738E, 0x8430, 0xA514, 0xFFFF, 0xFFFF, 0xBDF7, 0x3186, 0x0000, 0x0020, 0x0000, 0x0000, 0x0000,
  0x0000, 0x0000, 0x0000, 0x0020, 0x0020, 0x0000, 0x0000, 0x0000, 0x0000, 0x0000, 0x0000, 0x0000,
  0x0020, 0x0020, 0x0000, 0x73AE, 0x3186, 0x738E, 0x0841, 0x0000, 0x0020, 0x0020, 0x0000, 0x0861,
  0x9492, 0x8C51, 0x8410, 0xEF7D, 0xC618, 0x7BEF, 0x8C51, 0x738E, 0x10A2, 0x0000, 0x0020, 0x0020,
  0x0000, 0x0000, 0x0020, 0x0000, 0x0000, 0x0000, 0x0000, 0x1082, 0x1082, 0x39C7, 0x2124, 0x2945,
  0x2945, 0x10A2, 0x2945, 0x2124, 0x0000, 0x18E3, 0x4208, 0x1082, 0x4208, 0x31A6, 0x31A6, 0x3186,
  0x2945, 0x2965, 0x31A6, 0x2104, 0x0000, 0x0020, 0x0000, 0x0000, 0x0000, 0x0000, 0x0000, 0x0000,
  0x0000, 0x0000, 0x0000, 0x0000, 0x0000, 0x0000, 0x0000, 0x0000, 0x0000, 0x0000, 0x0000, 0x0000,
  0x0000, 0x0000, 0x0000, 0x0000, 0x0000, 0x0000, 0x0000, 0x0000, 0x0000, 0x0000, 0x0000, 0x0000,
  0x0000, 0x0000, 0x0000, 0x0000, 0x0000, 0x0020, 0x0000, 0x18C3, 0x3186, 0x2124, 0x2124, 0x31A6,
  0x2104, 0x2104, 0x2104, 0x18C3, 0x3186, 0x31A6, 0x18E3, 0x1082, 0x2104, 0x3186, 0x2945, 0x18E3,
  0x0861, 0x0000, 0x0000, 0x0000, 0x0000, 0x0000, 0x0000, 0x0000, 0x0000, 0x0000, 0x0000, 0x0000,
  0x0000, 0x0000, 0x0000, 0x0000, 0x0000, 0x0000, 0x0000, 0x0000, 0x0000, 0x0000, 0x0000, 0x0000,
  0x0000, 0x0000, 0x0000, 0x0000, 0x0000, 0x0000, 0x0000, 0x0000, 0x0000, 0x0000, 0x0000, 0x31A6,
  0x39C7, 0x31A6, 0x2965, 0x0861, 0x31A6, 0x2124, 0x31A6, 0x2965, 0x2945, 0x2945, 0x31A6, 0x18E3,
  0x39C7, 0x10A2, 0x18E3, 0x4A49, 0x4228, 0x4228, 0x10C2, 0x0000, 0x0000, 0x0000, 0x0000, 0x0000,
  0x0000, 0x0000, 0x0000, 0x0000, 0x0000, 0x0000, 0x0000, 0x0000, 0x0000, 0x0000, 0x0000, 0x0000,
  0x0000, 0x0000, 0x0000, 0x0000, 0x0000, 0x0000, 0x0000, 0x0000, 0x0000, 0x0000, 0x0000, 0x0000,
  0x0020, 0x0861, 0x0000, 0x0000, 0x0020, 0x0000, 0x0000, 0x39C7, 0x31A6, 0x2124, 0x39C7, 0x39C7,
  0x2965, 0x3186, 0x18C3, 0x2124, 0x2944, 0x4A49, 0x2124, 0x18E3, 0x18E3, 0x4A49, 0x3186, 0x18C3,
  0x2965, 0x0000, 0x0000, 0x0000, 0x0841, 0x0000, 0x0020, 0x0000, 0x0000, 0x0000, 0x0000, 0x0020,
  0x0000, 0x0000, 0x0020, 0x0020, 0x0020, 0x632C, 0x7BCF, 0x6B4D, 0x8C71, 0xFFFF, 0xFFFF, 0x4A49,
  0x0000, 0x0020, 0x0000, 0x0020, 0x0000, 0x2965, 0x632C, 0x5ACB, 0x528A, 0x0000, 0x0000, 0x0000,
  0x0000, 0x0000, 0x0000, 0x0000, 0x0000, 0x0020, 0x0000, 0x0881, 0x8C72, 0x9492, 0x9CF3, 0x8430,
  0x8410, 0x0000, 0x0000, 0x0020, 0x0000, 0x10A2, 0x7BCF, 0x8C51, 0x8C51, 0xDEDB, 0x8430, 0x8410,
  0x7BEF, 0x6B6D, 0x6B6D, 0x2124, 0x0000, 0x0000, 0x0020, 0x0020, 0x0000, 0x0020, 0x0020, 0x0020,
  0x0020, 0x0000, 0x0020, 0x0020, 0x10A2, 0x18C3, 0x0841, 0x2104, 0x2124, 0x18E3, 0x18E3, 0x2124,
  0x2945, 0x0000, 0x39E7, 0x39E7, 0x2945, 0x39C7, 0x2104, 0x3186, 0x2124, 0x1903, 0x3186, 0x0000,
  0x0020, 0x0000, 0x0000, 0x0000, 0x0000, 0x0000, 0x0000, 0x0000, 0x0000, 0x0000, 0x0000, 0x0000,
  0x0000, 0x0000, 0x0000, 0x0000, 0x0000, 0x0000, 0x0000, 0x0000, 0x0000, 0x0000, 0x0000, 0x0000,
  0x0000, 0x0000, 0x0000, 0x0000, 0x0000, 0x0000, 0x0000, 0x0000, 0x0000, 0x0000, 0x0000, 0x0020,
  0x0000, 0x18C3, 0x2965, 0x2104, 0x2124, 0x2945, 0x2104, 0x18E4, 0x2104, 0x4A69, 0x39C7, 0x2965,
  0x3186, 0x18E3, 0x2945, 0x18E3, 0x3186, 0x4228, 0x0861, 0x0000, 0x0000, 0x0000, 0x0000, 0x0000,
  0x0000, 0x0000, 0x0000, 0x0000, 0x0000, 0x0000, 0x0000, 0x0000, 0x0000, 0x0000, 0x0000, 0x0000,
  0x0000, 0x0000, 0x0000, 0x0000, 0x0000, 0x0000, 0x0000, 0x0000, 0x0000, 0x0000, 0x0000, 0x0000,
  0x0000, 0x0000, 0x0020, 0x0000, 0x2945, 0x31A6, 0x2104, 0x3186, 0x2124, 0x31A6, 0x31A6, 0x2104,
  0x3186, 0x3186, 0x2945, 0x3186, 0x31A6, 0x2965, 0x3186, 0x2124, 0x39C7, 0x31A6, 0x2104, 0x31A6,
  0x0020, 0x0020, 0x0000, 0x0000, 0x0000, 0x0000, 0x0000, 0x0000, 0x0000, 0x0000, 0x0000, 0x0000,
  0x0000, 0x0000, 0x0000, 0x0000, 0x0000, 0x0000, 0x0000, 0x0000, 0x0000, 0x0000, 0x0000, 0x0000,
  0x0000, 0x0000, 0x0000, 0x0000, 0x0000, 0x0000, 0x0020, 0x0861, 0x0000, 0x0020, 0x0000, 0x0861,
  0x2945, 0x3186, 0x18C3, 0x3166, 0x2104, 0x2965, 0x18C3, 0x2965, 0x2104, 0x4A49, 0x5289, 0x2966,
  0x0861, 0x2104, 0x10A2, 0x39C7, 0x39E7, 0x10A2, 0x10A2, 0x0000, 0x0020, 0x0000, 0x0000, 0x0020,
  0x0020, 0x0000, 0x0000, 0x0000, 0x0000, 0x0000, 0x0000, 0x0020, 0x0020, 0x0020, 0x10A2, 0x9CF3,
  0x8C51, 0xDEFB, 0x9CF3, 0xF7BE, 0xF7BE, 0xAD75, 0x31A6, 0x0020, 0x0020, 0x0000, 0x18E3, 0xB5B6,
  0xC618, 0xBDD7, 0xD69A, 0x6B6D, 0x9CF3, 0x4208, 0x0000, 0x0020, 0x0020, 0x0020, 0x0020, 0x0000,
  0x4208, 0x73AE, 0xE71C, 0xA513, 0xD69A, 0x9CD3, 0xEF5D, 0x5AEB, 0x0000, 0x0020, 0x0020, 0x0841,
  0x7BCF, 0xEF7D, 0x8C71, 0xD69A, 0xD69A, 0xAD55, 0xBDD7, 0xA514, 0xC638, 0x3186, 0x0000, 0x0841,
  0x0000, 0x0000, 0x0000, 0x0000, 0x0000, 0x0000, 0x0020, 0x0020, 0x0020, 0x0000, 0x0020, 0x0000,
  0x0861, 0x10A2, 0x2124, 0x0020, 0x2104, 0x3186, 0x2965, 0x18E3, 0x2124, 0x18E3, 0x31A6, 0x18E3,
  0x31A6, 0x3186, 0x2104, 0x2945, 0x31A6, 0x0841, 0x0000, 0x0020, 0x0000, 0x0000, 0x0000, 0x0000,
  0x0000, 0x0000, 0x0000, 0x0000, 0x0000, 0x0000, 0x0000, 0x0000, 0x0000, 0x0000, 0x0000, 0x0000,
  0x0000, 0x0000, 0x0000, 0x0000, 0x0000, 0x0000, 0x0000, 0x0000, 0x0000, 0x0000, 0x0000, 0x0000,
  0x0000, 0x0000, 0x0000, 0x0000, 0x0000, 0x0020, 0x0000, 0x18C3, 0x39C7, 0x31A6, 0x3186, 0x2945,
  0x31A6, 0x2965, 0x39C7, 0x4A49, 0x10A2, 0x39E7, 0x0841, 0x2965, 0x2124, 0x3186, 0x3186, 0x2104,
  0x2104, 0x0000, 0x0020, 0x0000, 0x0000, 0x0000, 0x0000, 0x0000, 0x0000, 0x0000, 0x0000, 0x0000,
  0x0000, 0x0000, 0x0000, 0x0000, 0x0000, 0x0000, 0x0000, 0x0000, 0x0000, 0x0000, 0x0000, 0x0000,
  0x0000, 0x0000, 0x0000, 0x0000, 0x0000, 0x0000, 0x0000, 0x0000, 0x0000, 0x0841, 0x39C7, 0x3186,
  0x2965, 0x2124, 0x3186, 0x39C7, 0x3186, 0x31A6, 0x3186, 0x31A6, 0x0841, 0x18C3, 0x18C3, 0x2945,
  0x2966, 0x2965, 0x39C7, 0x4A29, 0x3186, 0x4248, 0x0841, 0x0000, 0x0000, 0x0000, 0x0000, 0x0000,
  0x0000, 0x0000, 0x0000, 0x0000, 0x0000, 0x0000, 0x0000, 0x0000, 0x0000, 0x0000, 0x0000, 0x0000,
  0x0000, 0x0000, 0x0000, 0x0000, 0x0000, 0x0000, 0x0000, 0x0000, 0x0000, 0x0000, 0x0000, 0x0000,
  0x0000, 0x0000, 0x0020, 0x0000, 0x10A2, 0x2124, 0x2965, 0x2124, 0x4228, 0x31A6, 0x3186, 0x2965,
  0x3186, 0x39C7, 0x39E7, 0x39E7, 0x2124, 0x2965, 0x18E3, 0x18C3, 0x18C3, 0x2124, 0x18C3, 0x0000,
  0x0000, 0x0020, 0x0020, 0x0000, 0x0000, 0x0000, 0x0021, 0x9493, 0xA536, 0xA515, 0xB596, 0x9491,
  0x0020, 0x0020, 0x0000, 0x0841, 0x9CD3, 0xFFDF, 0xFFFF, 0xBDF7, 0x6B6D, 0xD6BA, 0xD69A, 0xFFFF,
  0x528A, 0x0000, 0x0841, 0x0000, 0x2965, 0xFFFF, 0xFFFF, 0xFFFF, 0xFFFF, 0xFFFF, 0x8430, 0x1082,
  0x0020, 0x0000, 0x0000, 0x0000, 0x0020, 0x0000, 0xBDD7, 0xFFFF, 0xF7BE, 0xFFFF, 0xFFFF, 0xFFFF,
  0xF7BE, 0x73AE, 0x0000, 0x0020, 0x0000, 0x0861, 0xEF5D, 0xF79E, 0x632C, 0xF79D, 0xFFFF, 0xFFFF,
  0xFFFF, 0xFFFF, 0xFFFF, 0x1904, 0x8C71, 0xCE59, 0xB597, 0xB597, 0xB577, 0xBDF8, 0x39E7, 0x52AA,
  0x18C3, 0x0000, 0x0000, 0x0000, 0x0000, 0x0000, 0x0020, 0x0000, 0x18E3, 0x18E3, 0x18C3, 0x18E3,
  0x39C7, 0x39C7, 0x2124, 0x0020, 0x528A, 0x31A6, 0x3186, 0x2965, 0x39E7, 0x2965, 0x2965, 0x3186,
  0x2104, 0x0000, 0x0020, 0x0000, 0x0000, 0x0000, 0x0000, 0x0000, 0x0000, 0x0000, 0x0000, 0x0000,
  0x0000, 0x0000, 0x0000, 0x0000, 0x0000, 0x0000, 0x0000, 0x0000, 0x0000, 0x0000, 0x0000, 0x0000,
  0x0000, 0x0000, 0x0000, 0x0000, 0x0000, 0x0000, 0x0000, 0x0000, 0x0000, 0x0000, 0x0000, 0x0020,
  0x0000, 0x18E3, 0x3186, 0x2124, 0x3186, 0x2965, 0x2945, 0x2965, 0x2124, 0x18C3, 0x31A6, 0x3186,
  0x31A6, 0x3186, 0x18E3, 0x2945, 0x39C7, 0x2124, 0x31A6, 0x1082, 0x0000, 0x0020, 0x0000, 0x0000,
  0x0000, 0x0000, 0x0000, 0x0000, 0x0000, 0x0000, 0x0000, 0x0000, 0x0000, 0x0000, 0x0000, 0x0000,
  0x0000, 0x0000, 0x0000, 0x0000, 0x0000, 0x0000, 0x0000, 0x0000, 0x0000, 0x0000, 0x0000, 0x0000,
  0x0000, 0x0020, 0x0000, 0x18E3, 0x31A6, 0x2965, 0x2945, 0x2965, 0x3186, 0x2945, 0x31A6, 0x3186,
  0x10A2, 0x39C7, 0x39C7, 0x2945, 0x39E7, 0x2104, 0x1082, 0x10A2, 0x4208, 0x39C7, 0x31A6, 0x31A6,
  0x10A2, 0x0000, 0x0000, 0x0861, 0x0020, 0x0000, 0x0000, 0x0000, 0x0000, 0x0000, 0x0000, 0x0000,
  0x0000, 0x0020, 0x0000, 0x0000, 0x0000, 0x0000, 0x0000, 0x0000, 0x0000, 0x0000, 0x0000, 0x0000,
  0x0000, 0x0000, 0x0000, 0x0000, 0x0000, 0x0000, 0x1082, 0x0020, 0x0000, 0x0020, 0x3186, 0x39C7,
  0x2124, 0x2124, 0x2124, 0x3186, 0x3186, 0x31A6, 0x2965, 0x39E7, 0x18E3, 0x2104, 0x2104, 0x31A6,
  0x18E3, 0x2945, 0x18C3, 0x4208, 0x0000, 0x0020, 0x0020, 0x0000, 0x0000, 0x0000, 0x0000, 0x6B6D,
  0xB596, 0xFFFF, 0xFFFF, 0xFFFF, 0xFFFF, 0xAD55, 0x39E7, 0xA514, 0xAD75, 0xB5B6, 0xFFFF, 0xFFFF,
  0xC638, 0x528A, 0x9CD3, 0xFFFF, 0xFFFF, 0xFFFF, 0x738E, 0x0020, 0x0020, 0x0000, 0x2965, 0xFFFF,
  0xFFFF, 0xFFDF, 0xFFFF, 0xAD55, 0xA514, 0x2965, 0x0000, 0x0841, 0x4A49, 0x8410, 0x0000, 0x0000,
  0xBDF7, 0xFFFF, 0xFFFF, 0xFFFF, 0xFFFF, 0xF79E, 0x5AEB, 0x0000, 0x0020, 0x0000, 0x1082, 0xA534,
  0xF7BE, 0xA534, 0x9492, 0xFFFF, 0xFFFF, 0xF79E, 0xF7BE, 0xEF7D, 0x8C71, 0x738E, 0xEF5D, 0xFFFF,
  0xFFFF, 0xFFFF, 0xFFFF, 0xC618, 0x8C51, 0xD69A, 0xB595, 0xAD75, 0x9CD3, 0x1082, 0x0000, 0x0000,
  0x0000, 0x0000, 0x10A2, 0x10A2, 0x18C3, 0x1082, 0x39C7, 0x2124, 0x2945, 0x2965, 0x2945, 0x2124,
  0x18E3, 0x2966, 0x39C7, 0x2104, 0x2965, 0x2945, 0x3186, 0x0861, 0x0000, 0x0000, 0x0000, 0x0000,
  0x0000, 0x0000, 0x0000, 0x0000, 0x0000, 0x0000, 0x0000, 0x0000, 0x0000, 0x0000, 0x0000, 0x0000,
  0x0000, 0x0000, 0x0000, 0x0000, 0x0000, 0x0000, 0x0000, 0x0000, 0x0000, 0x0000, 0x0000, 0x0000,
  0x0000, 0x0000, 0x0000, 0x0000, 0x0000, 0x0020, 0x0000, 0x18C3, 0x31A6, 0x4A49, 0x3186, 0x31A6,
  0x39C7, 0x1082, 0x0861, 0x2124, 0x39E7, 0x31A6, 0x2945, 0x10A2, 0x18C3, 0x39C7, 0x0861, 0x31A6,
  0x31A6, 0x3186, 0x0020, 0x0020, 0x0000, 0x0000, 0x0000, 0x0000, 0x0000, 0x0000, 0x0000, 0x0000,
  0x0000, 0x0000, 0x0000, 0x0000, 0x0000, 0x0000, 0x0000, 0x0000, 0x0000, 0x0000, 0x0000, 0x0000,
  0x0000, 0x0000, 0x0000, 0x0000, 0x0000, 0x0000, 0x0000, 0x0020, 0x0000, 0x3186, 0x31A6, 0x2965,
  0x2965, 0x3186, 0x2965, 0x2945, 0x3186, 0x18E3, 0x31A6, 0x39C7, 0x2945, 0x2965, 0x2104, 0x39C7,
  0x2124, 0x4208, 0x2965, 0x31A6, 0x2965, 0x0000, 0x0000, 0x0000, 0x0020, 0x0841, 0x0000, 0x0000,
  0x0000, 0x0000, 0x0000, 0x0000, 0x0000, 0x0000, 0x0000, 0x0000, 0x0000, 0x0000, 0x0000, 0x0000,
  0x0000, 0x0000, 0x0000, 0x0000, 0x0000, 0x0000, 0x0000, 0x0000, 0x0000, 0x0000, 0x0000, 0x0000,
  0x0020, 0x0020, 0x0000, 0x2104, 0x39C7, 0x3186, 0x39C7, 0x39E7, 0x2965, 0x3186, 0x2965, 0x2104,
  0x2965, 0x18E3, 0x2124, 0x3186, 0x3186, 0x18E3, 0x0861, 0x18E3, 0x2124, 0x0861, 0x0020, 0x0020,
  0x0000, 0x0020, 0x1082, 0x0020, 0x9492, 0x6B6D, 0xCE59, 0xFFFF, 0xFFDF, 0xFFFF, 0xB596, 0x630C,
  0x8410, 0x94B2, 0xFFFF, 0xFFFF, 0xFFFF, 0xD6BA, 0x4228, 0x738E, 0x6B6D, 0xFFFF, 0xFFFF, 0xFFFF,
  0xF79E, 0x2104, 0x0000, 0x0020, 0x0861, 0x6B6D, 0xFFFF, 0xFFFF, 0x9CD3, 0xAD55, 0x8410, 0x0861,
  0x0000, 0x2945, 0xE73C, 0xC638, 0x0841, 0x0000, 0x39C7, 0xEF5D, 0xFFFF, 0xFFFF, 0xD6DB, 0x4A49,
  0x0000, 0x0020, 0x0020, 0x0000, 0x2965, 0xDEFB, 0x630C, 0x9CD3, 0x7BCF, 0xF7BE, 0xFFFF, 0xF79E,
  0xEF7D, 0x5AEB, 0x6B8E, 0x4249, 0xCE79, 0xFFDF, 0xFFDF, 0xFFFF, 0xA514, 0x9492, 0x6B6D, 0xAD75,
  0xFFFF, 0xFFFF, 0xFFFF, 0xAD75, 0x1082, 0x0020, 0x0841, 0x0000, 0x0000, 0x0000, 0x0020, 0x2124,
  0x3186, 0x2124, 0x2945, 0x39C7, 0x3186, 0x2104, 0x18C3, 0x2124, 0x18E3, 0x2104, 0x2965, 0x2124,
  0x31A6, 0x1904, 0x1082, 0x0020, 0x0000, 0x0000, 0x0000, 0x0000, 0x0000, 0x0000, 0x0000, 0x0000,
  0x0000, 0x0000, 0x0000, 0x0000, 0x0000, 0x0000, 0x0000, 0x0000, 0x0000, 0x0000, 0x0000, 0x0000,
  0x0000, 0x0000, 0x0000, 0x0000, 0x0000, 0x0000, 0x0000, 0x0000, 0x0000, 0x0000, 0x0000, 0x0020,
  0x0000, 0x18E3, 0x31A6, 0x0000, 0x2965, 0x31A6, 0x2965, 0x4208, 0x2104, 0x2945, 0x10A2, 0x2965,
  0x2104, 0x1082, 0x3186, 0x31A6, 0x3186, 0x2965, 0x2965, 0x39C7, 0x2124, 0x0000, 0x0020, 0x0000,
  0x0000, 0x0000, 0x0000, 0x0000, 0x0000, 0x0000, 0x0000, 0x0000, 0x0000, 0x0000, 0x0000, 0x0000,
  0x0000, 0x0000, 0x0000, 0x0000, 0x0000, 0x0000, 0x0000, 0x0000, 0x0000, 0x0000, 0x0000, 0x0000,
  0x0020, 0x0000, 0x2104, 0x31A6, 0x3186, 0x18C3, 0x2945, 0x2945, 0x3186, 0x1082, 0x31A6, 0x2945,
  0x39E7, 0x18E3, 0x2104, 0x39C7, 0x3186, 0x2124, 0x3186, 0x2965, 0x2945, 0x4208, 0x0000, 0x0020,
  0x0020, 0x0000, 0x0020, 0x0000, 0x0000, 0x0000, 0x0000, 0x0000, 0x0000, 0x0000, 0x0000, 0x0000,
  0x0000, 0x0000, 0x0000, 0x0000, 0x0000, 0x0000, 0x0000, 0x0000, 0x0000, 0x0000, 0x0000, 0x0000,
  0x0000, 0x0000, 0x0000, 0x0000, 0x0000, 0x0000, 0x0000, 0x0000, 0x0000, 0x0841, 0x39C7, 0x18C3,
  0x3186, 0x18C3, 0x2124, 0x2104, 0x31A6, 0x0861, 0x39C7, 0x2965, 0x4A49, 0x2104, 0x2124, 0x1082,
  0x2124, 0x2124, 0x0861, 0x0000, 0x0020, 0x0000, 0x0000, 0x528A, 0x9492, 0x7BCF, 0xA534, 0x8C71,
  0xDEDB, 0xFFFF, 0xEF5D, 0x94B2, 0x8410, 0xAD75, 0x8430, 0xDEDB, 0xFFDF, 0xFFFF, 0xAD75, 0x630C,
  0x8430, 0x5ACB, 0xBDF7, 0xEF5D, 0xEF7D, 0xF79E, 0x7BAF, 0x0861, 0x0000, 0x0020, 0x0000, 0x0000,
  0x7BEF, 0x9CF3, 0x7BEF, 0x6B4D, 0x0000, 0x0000, 0x0861, 0x632C, 0xCE79, 0x7BCF, 0x8C71, 0x18C3,
  0x0000, 0x31A6, 0x39C7, 0x31C7, 0x2965, 0x0000, 0x0000, 0x0020, 0x0000, 0x0841, 0xA534, 0xB596,
  0xC618, 0xA514, 0x9CD3, 0xF7BE, 0xFFFF, 0xDEFB, 0x8C71, 0x9CF3, 0x83F0, 0xAD55, 0xF79D, 0xFFFF,
  0xFFFF, 0xB596, 0x9492, 0x94B2, 0x9492, 0xDEDB, 0xFFFF, 0xFFFF, 0xAD55, 0x7BEF, 0x94B2, 0x6B4D,
  0x7BEF, 0x0841, 0x0020, 0x0020, 0x0000, 0x2945, 0x2965, 0x3186, 0x4208, 0x18E3, 0x2124, 0x18C3,
  0x2966, 0x2966, 0x2966, 0x4228, 0x18E4, 0x3186, 0x2965, 0x3186, 0x3186, 0x0000, 0x0000, 0x0000,
  0x0000, 0x0000, 0x0000, 0x0000, 0x0000, 0x0000, 0x0000, 0x0000, 0x0000, 0x0000, 0x0000, 0x0000,
  0x0000, 0x0000, 0x0000, 0x0000, 0x0000, 0x0000, 0x0000, 0x0000, 0x0000, 0x0000, 0x0000, 0x0000,
  0x0000, 0x0000, 0x0000, 0x0000, 0x0000, 0x0000, 0x0000, 0x10A2, 0x31A6, 0x31A6, 0x39C7, 0x18E3,
  0x39E7, 0x0841, 0x39C7, 0x2944, 0x0862, 0x39E8, 0x2103, 0x31A6, 0x2945, 0x39E7, 0x3186, 0x39C7,
  0x3186, 0x31A6, 0x0020, 0x0000, 0x0000, 0x0000, 0x0000, 0x0000, 0x0000, 0x0000, 0x0000, 0x0000,
  0x0000, 0x0000, 0x0000, 0x0000, 0x0000, 0x0000, 0x0000, 0x0000, 0x0000, 0x0000, 0x0000, 0x0000,
  0x0000, 0x0000, 0x0000, 0x0000, 0x0000, 0x0000, 0x0020, 0x0000, 0x2124, 0x2965, 0x18C3, 0x31A6,
  0x3186, 0x2965, 0x2124, 0x2965, 0x39C7, 0x2965, 0x18E3, 0x2965, 0x39C7, 0x3186, 0x31A6, 0x2945,
  0x3186, 0x3186, 0x4228, 0x31A6, 0x0000, 0x0020, 0x0000, 0x0000, 0x0000, 0x0000, 0x0000, 0x0000,
  0x0000, 0x0000, 0x0000, 0x0000, 0x0000, 0x0000, 0x0000, 0x0000, 0x0000, 0x0000, 0x0000, 0x0000,
  0x0000, 0x0000, 0x0000, 0x0000, 0x0000, 0x0000, 0x0000, 0x0000, 0x0000, 0x0020, 0x0020, 0x0020,
  0x0020, 0x0000, 0x0020, 0x0000, 0x2965, 0x2965, 0x2965, 0x31A6, 0x2945, 0x39C7, 0x18C3, 0x39E7,
  0x2104, 0x18E3, 0x2124, 0x18E3, 0x2965, 0x18C3, 0x0841, 0x1082, 0x0000, 0x0020, 0x0000, 0x10A2,
  0x630C, 0x73AE, 0x7BEF, 0x94B2, 0x8C71, 0x7BCF, 0xCE79, 0xFFFF, 0xA514, 0x52AA, 0x9492, 0x8C71,
  0x94B2, 0xA534, 0xFFFF, 0xDEDB, 0x632C, 0x7BEF, 0x5AEB, 0x7BEF, 0x8C71, 0xF7BE, 0xE73C, 0x9492,
  0x9CF3, 0x2104, 0x0000, 0x0020, 0x0020, 0x0000, 0x0841, 0x1082, 0x0861, 0x0020, 0x0020, 0x0000,
  0x2965, 0x94B2, 0x738E, 0xAD75, 0x94B2, 0x6B6D, 0x0000, 0x0000, 0x0000, 0x0000, 0x0000, 0x0020,
  0x0000, 0x0000, 0x0000, 0x0020, 0x6B4D, 0xBDD7, 0x7BEF, 0x9CF3, 0x6B6D, 0xFFDF, 0xE73C, 0x7BEF,
  0x8430, 0x8410, 0x8431, 0x73AF, 0xDEFB, 0xDEDB, 0xBDD7, 0x8C71, 0x94B2, 0x8430, 0x8430, 0xAD75,
  0xE73C, 0xAD55, 0x528A, 0x9CD3, 0x8C71, 0x94B2, 0xBDD7, 0x7BCF, 0x0000, 0x0020, 0x0020, 0x0000,
  0x2965, 0x2965, 0x3186, 0x2104, 0x31A6, 0x10A2, 0x1082, 0x10A2, 0x10A3, 0x20E3, 0x2965, 0x2945,
  0x4208, 0x2945, 0x18E3, 0x2104, 0x0000, 0x0000, 0x0000, 0x0000, 0x0000, 0x0000, 0x0000, 0x0000,
  0x0000, 0x0000, 0x0000, 0x0000, 0x0000, 0x0000, 0x0000, 0x0000, 0x0000, 0x0000, 0x0000, 0x0000,
  0x0000, 0x0000, 0x0000, 0x0000, 0x0000, 0x0000, 0x0000, 0x0000, 0x0000, 0x0000, 0x0000, 0x0000,
  0x0000, 0x10A2, 0x2965, 0x18C3, 0x18C3, 0x2104, 0x2945, 0x2965, 0x2965, 0x39C6, 0x3187, 0x4229,
  0x18E3, 0x10A2, 0x1082, 0x1082, 0x2104, 0x18E3, 0x2124, 0x10A2, 0x39E7, 0x1082, 0x0000, 0x0020,
  0x0000, 0x0000, 0x0000, 0x0000, 0x0000, 0x0000, 0x0000, 0x0000, 0x0000, 0x0000, 0x0000, 0x0000,
  0x0000, 0x0000, 0x0000, 0x0000, 0x0000, 0x0000, 0x0000, 0x0000, 0x0000, 0x0000, 0x0000, 0x0000,
  0x0000, 0x0841, 0x2945, 0x39E7, 0x31A6, 0x3186, 0x2104, 0x31A6, 0x2124, 0x39C7, 0x2104, 0x18C3,
  0x2104, 0x10A2, 0x31A6, 0x2124, 0x18E3, 0x39C7, 0x4208, 0x3186, 0x4228, 0x0841, 0x0000, 0x0000,
  0x0000, 0x0000, 0x0000, 0x0000, 0x0000, 0x0000, 0x0000, 0x0000, 0x0000, 0x0000, 0x0000, 0x0000,
  0x0000, 0x0000, 0x0000, 0x0000, 0x0000, 0x0000, 0x0000, 0x0000, 0x0000, 0x0000, 0x0000, 0x0000,
  0x0000, 0x0000, 0x0000, 0x0020, 0x0020, 0x0020, 0x0020, 0x0020, 0x0000, 0x0861, 0x3186, 0x4228,
  0x2945, 0x2124, 0x3186, 0x2104, 0x31A6, 0x2124, 0x2104, 0x2945, 0x0000, 0x0000, 0x0000, 0x0020,
  0x0000, 0x0000, 0x0000, 0x0020, 0x0000, 0x31A6, 0x9CD3, 0x6B4D, 0x8C71, 0x8430, 0x8C51, 0x9492,
  0xE71C, 0xAD75, 0x7BEF, 0x7BEF, 0x738E, 0xA514, 0x8410, 0xD6BA, 0xC638, 0x7BEF, 0xA514, 0x7C10,
  0x8430, 0x5ACB, 0xB5B6, 0xE73C, 0x8C51, 0x9CF3, 0x7BEF, 0x10C2, 0x0020, 0x0020, 0x0000, 0x0000,
  0x0000, 0x0000, 0x0000, 0x0000, 0x0020, 0x0000, 0x10A2, 0x8C51, 0x9492, 0x5ACB, 0xAD75, 0x39E7,
  0x0000, 0x0020, 0x0020, 0x0020, 0x0020, 0x0000, 0x0000, 0x0020, 0x0000, 0x0020, 0x9CD3, 0xBDD7,
  0x9CD3, 0x7BCF, 0x9CF3, 0xAD55, 0x8410, 0xBDD7, 0x6B6E, 0x8C71, 0x7BCF, 0x8C71, 0x9492, 0x1082,
  0x7BCF, 0x9CF3, 0x8410, 0x8430, 0x9CF3, 0xAD75, 0x10A2, 0x4228, 0xB5B6, 0x8410, 0x9492, 0x7BEF,
  0xBDF7, 0x4228, 0x0000, 0x0000, 0x0020, 0x0000, 0x31A6, 0x2965, 0x2124, 0x18C3, 0x2965, 0x2104,
  0x2104, 0x31A6, 0x4228, 0x39C7, 0x39C7, 0x4229, 0x39E7, 0x2945, 0x39C7, 0x39C7, 0x0841, 0x0000,
  0x0000, 0x0000, 0x0000, 0x0000, 0x0000, 0x0000, 0x0000, 0x0000, 0x0000, 0x0000, 0x0000, 0x0000,
  0x0000, 0x0000, 0x0000, 0x0000, 0x0000, 0x0000, 0x0000, 0x0000, 0x0000, 0x0861, 0x0841, 0x0000,
  0x0000, 0x0000, 0x0000, 0x0000, 0x0000, 0x0000, 0x0000, 0x0000, 0x0000, 0x0000, 0x0000, 0x2104,
  0x31A6, 0x3186, 0x39E7, 0x18C3, 0x18E4, 0x2125, 0x2945, 0x31A6, 0x2945, 0x39C7, 0x4208, 0x18E3,
  0x39E7, 0x0841, 0x2945, 0x2986, 0x0000, 0x0020, 0x0000, 0x0000, 0x0000, 0x0000, 0x0000, 0x0000,
  0x0000, 0x0000, 0x0000, 0x0000, 0x0000, 0x0000, 0x0000, 0x0000, 0x0000, 0x0000, 0x0000, 0x0000,
  0x0000, 0x0000, 0x0000, 0x0000, 0x0000, 0x0020, 0x0000, 0x18C3, 0x31A6, 0x31A6, 0x2124, 0x31A6,
  0x39C7, 0x2965, 0x39C7, 0x31A6, 0x2124, 0x3186, 0x18C3, 0x2945, 0x4A49, 0x2965, 0x39C7, 0x3186,
  0x31A6, 0x4A49, 0x4228, 0x0861, 0x0000, 0x0000, 0x0000, 0x0000, 0x0000, 0x0000, 0x0000, 0x0000,
  0x0000, 0x0000, 0x0000, 0x0000, 0x0000, 0x0000, 0x0000, 0x0000, 0x0000, 0x0000, 0x0000, 0x0000,
  0x0000, 0x0000, 0x0000, 0x0000, 0x0000, 0x0000, 0x0000, 0x0000, 0x0000, 0x0000, 0x0000, 0x0020,
  0x0020, 0x0020, 0x0000, 0x2124, 0x3186, 0x2965, 0x31A6, 0x39C7, 0x39E7, 0x3186, 0x1082, 0x18C3,
  0x18E3, 0x0020, 0x0020, 0x0000, 0x0000, 0x0000, 0x0000, 0x0000, 0x0000, 0x0000, 0x0841, 0x632C,
  0x9CD3, 0xBDD7, 0xB596, 0xD69A, 0xD69A, 0xC618, 0xCE59, 0x9CF3, 0xBDF7, 0x8C71, 0xC618, 0xB5B6,
  0xD6BA, 0xD69A, 0xBDD7, 0xE71C, 0x9CF3, 0xBDD7, 0x8C51, 0xBDF7, 0xB596, 0xD6BA, 0xCE79, 0xBDF7,
  0xD6BA, 0x2965, 0x0000, 0x0020, 0x0000, 0x0000, 0x0020, 0x0020, 0x0000, 0x0000, 0x0020, 0x0000,
  0x4208, 0x8C51, 0x0841, 0x0000, 0x52AA, 0x5AEB, 0x0000, 0x0020, 0x0000, 0x0000, 0x0000, 0x0000,
  0x0000, 0x0020, 0x0020, 0x0000, 0x6B4D, 0xE73C, 0x8410, 0xCE79, 0x2945, 0x738E, 0xBDF7, 0xAD55,
  0xB5B6, 0xA514, 0xBDF7, 0x4208, 0x52AA, 0x9CD3, 0xDEFB, 0xAD75, 0xC638, 0xD6BA, 0x632C, 0x3186,
  0x8C51, 0xD69A, 0x39E7, 0xCE79, 0xB5B6, 0xBDD7, 0x2945, 0x52AA, 0x632C, 0x18C3, 0x0000, 0x0000,
  0x10A2, 0x39E7, 0x2124, 0x2124, 0x2945, 0x2945, 0x2965, 0x2965, 0x3186, 0x2945, 0x2944, 0x10A2,
  0x18C3, 0x39E7, 0x2945, 0x31A6, 0x18C3, 0x0000, 0x0000, 0x0000, 0x0000, 0x0000, 0x0000, 0x0000,
  0x0000, 0x0000, 0x0000, 0x0000, 0x0000, 0x0000, 0x0000, 0x0000, 0x0000, 0x0000, 0x0000, 0x0000,
  0x0000, 0x0000, 0x0000, 0x0000, 0x0000, 0x0000, 0x0000, 0x0000, 0x0000, 0x0000, 0x0000, 0x0000,
  0x0000, 0x0000, 0x0020, 0x0020, 0x0000, 0x2104, 0x3186, 0x3186, 0x2945, 0x1082, 0x2124, 0x1082,
  0x2966, 0x2104, 0x18E3, 0x31A7, 0x1082, 0x31A6, 0x2966, 0x18E3, 0x39C7, 0x18E3, 0x0020, 0x0020,
  0x0000, 0x0000, 0x0000, 0x0000, 0x0000, 0x0000, 0x0000, 0x0000, 0x0000, 0x0000, 0x0000, 0x0000,
  0x0000, 0x0000, 0x0000, 0x0000, 0x0000, 0x0000, 0x0000, 0x0000, 0x0000, 0x0000, 0x0000, 0x0020,
  0x0000, 0x10A2, 0x2124, 0x2945, 0x2945, 0x31A6, 0x18E3, 0x3186, 0x3186, 0x2124, 0x2965, 0x2124,
  0x10A2, 0x18E3, 0x18E3, 0x39C7, 0x39E7, 0x18E3, 0x39C7, 0x0841, 0x2104, 0x0841, 0x0000, 0x0000,
  0x0000, 0x0000, 0x0000, 0x0000, 0x0000, 0x0000, 0x0000, 0x0000, 0x0000, 0x0000, 0x0020, 0x0000,
  0x0000, 0x0000, 0x0000, 0x0000, 0x0000, 0x0000, 0x0000, 0x0000, 0x0000, 0x0000, 0x0000, 0x0000,
  0x0000, 0x0000, 0x0000, 0x0020, 0x0000, 0x10A2, 0x31A6, 0x0000, 0x0000, 0x10A2, 0x4208, 0x39C7,
  0x2125, 0x2945, 0x10A2, 0x52AA, 0x2124, 0x10A2, 0x2124, 0x3186, 0x0841, 0x0000, 0x0000, 0x0000,
  0x0000, 0x0000, 0x0000, 0x0000, 0x0000, 0xD6BA, 0xFFFF, 0xFFFF, 0xFFFF, 0xFFFF, 0xFFFF, 0xA514,
  0xE73C, 0xFFFF, 0xFFFF, 0xFFFF, 0xFFFF, 0xFFFF, 0xC638, 0xBE17, 0xFFFF, 0xFFFF, 0xFFFF, 0xFFFF,
  0xFFFF, 0xC638, 0x9CD3, 0xFFFF, 0xFFFF, 0xFFFF, 0xFFFF, 0xC618, 0x4228, 0x0000, 0x0020, 0x0000,
  0x0000, 0x0000, 0x0000, 0x0000, 0x0000, 0x0000, 0x0000, 0x0000, 0x0000, 0x0020, 0x0000, 0x0000,
  0x0000, 0x0000, 0x0000, 0x0000, 0x0000, 0x0000, 0x0020, 0x0000, 0x0000, 0x7BCF, 0xF7BE, 0xFFFF,
  0xFFFF, 0x6B6D, 0x10A2, 0xFFFF, 0xBDD7, 0x9CD3, 0xFFDF, 0xFFFF, 0xB5B6, 0x10A2, 0xC618, 0xFFFF,
  0x8430, 0xF7BE, 0xFFFF, 0xBDF7, 0x1062, 0x8451, 0xFFFF, 0x83F0, 0x8C71, 0xFFFF, 0xF7BE, 0x39C7,
  0x7BEF, 0xFFFF, 0x9CD3, 0x10A2, 0x0000, 0x0020, 0x0000, 0x0841, 0x4208, 0x18E3, 0x2104, 0x18C3,
  0x2965, 0x2965, 0x2104, 0x31A6, 0x3186, 0x2124, 0x10A2, 0x3186, 0x18C3, 0x3186, 0x31A6, 0x10C3,
  0x0020, 0x0000, 0x0000, 0x0000, 0x0000, 0x0000, 0x0000, 0x0000, 0x0000, 0x0000, 0x0000, 0x0000,
  0x0000, 0x0000, 0x0000, 0x0000, 0x0000, 0x0000, 0x0000, 0x0000, 0x0000, 0x0000, 0x0000, 0x0000,
  0x0000, 0x0000, 0x0000, 0x0000, 0x0000, 0x0000, 0x0000, 0x0000, 0x0000, 0x0020, 0x0000, 0x2104,
  0x2945, 0x2945, 0x18C3, 0x4228, 0x2104, 0x18C3, 0x2946, 0x18A3, 0x18C3, 0x0000, 0x18C3, 0x18E4,
  0x2945, 0x3186, 0x2945, 0x31A6, 0x0041, 0x0000, 0x0000, 0x0000, 0x0000, 0x0000, 0x0000, 0x0000,
  0x0000, 0x0000, 0x0000, 0x0000, 0x0000, 0x0000, 0x0000, 0x0000, 0x0000, 0x0000, 0x0000, 0x0000,
  0x0000, 0x0000, 0x0000, 0x0000, 0x0000, 0x0000, 0x0861, 0x3186, 0x3186, 0x39C7, 0x18E3, 0x3186,
  0x18C3, 0x3186, 0x2945, 0x2124, 0x1082, 0x2965, 0x2104, 0x18E3, 0x0861, 0x18C3, 0x2965, 0x39C7,
  0x2965, 0x4208, 0x0861, 0x0000, 0x0020, 0x0000, 0x0000, 0x0000, 0x0000, 0x0000, 0x0000, 0x0000,
  0x0000, 0x0000, 0x0000, 0x0000, 0x0020, 0x0000, 0x0000, 0x0000, 0x0000, 0x0000, 0x0000, 0x0000,
  0x0000, 0x0000, 0x0000, 0x0000, 0x0000, 0x0000, 0x0000, 0x0000, 0x0000, 0x0020, 0x0000, 0x2945,
  0x31A6, 0x18E3, 0x0020, 0x31A6, 0x4228, 0x18C3, 0x39C7, 0x2965, 0x10A2, 0x2945, 0x18E3, 0x31A6,
  0x2965, 0x4208, 0x0841, 0x0000, 0x0000, 0x0000, 0x0000, 0x0020, 0x0000, 0x1082, 0x632C, 0xE73C,
  0xFFFF, 0xFFFF, 0xFFDF, 0xFFFF, 0xA534, 0x6B6D, 0xDEFB, 0xFFFF, 0xFFDF, 0xFFFF, 0xFFFF, 0xD69A,
  0x528A, 0xBDF7, 0xFFFF, 0xF7DF, 0xFFFF, 0xDEDB, 0x632C, 0x73AE, 0x9492, 0xFFFF, 0xFFFF, 0xFFDF,
  0xFFFF, 0x8C51, 0x2965, 0x0841, 0x0841, 0x0020, 0x3186, 0x39E7, 0x0000, 0x0020, 0x0000, 0x0000,
  0x0020, 0x0020, 0x0000, 0x0000, 0x0020, 0x0020, 0x0020, 0x0020, 0x0000, 0x0000, 0x0000, 0x0000,
  0x0000, 0x0861, 0x0841, 0xBDF7, 0xFFFF, 0xFFDF, 0x5AEB, 0x2945, 0x8410, 0xBDD7, 0x738E, 0x7BCF,
  0xDEDB, 0xA534, 0x18E3, 0x52AA, 0xBDF7, 0x7BCF, 0x8410, 0xFFDF, 0xC618, 0x10A2, 0x4249, 0xDEFB,
  0x738E, 0x8411, 0xF79E, 0xDEFB, 0x5ACB, 0x18C3, 0xD69A, 0x9CF3, 0x4A69, 0x0841, 0x0000, 0x0020,
  0x0000, 0x1082, 0x39C7, 0x0861, 0x10A2, 0x2104, 0x31A6, 0x2104, 0x31A6, 0x2104, 0x39E7, 0x31A6,
  0x3186, 0x4208, 0x2945, 0x4A29, 0x10A3, 0x2985, 0x2124, 0x0000, 0x0020, 0x0000, 0x0000, 0x0000,
  0x0000, 0x0000, 0x0000, 0x0000, 0x0000, 0x0000, 0x0000, 0x0000, 0x0000, 0x0000, 0x0000, 0x0000,
  0x0000, 0x0000, 0x0000, 0x0000, 0x0000, 0x0000, 0x0000, 0x0000, 0x0000, 0x0000, 0x0000, 0x0000,
  0x0000, 0x0000, 0x0000, 0x0020, 0x0000, 0x18E3, 0x39E7, 0x3186, 0x10A2, 0x39E7, 0x0841, 0x2966,
  0x2124, 0x4209, 0x3186, 0x2124, 0x39C7, 0x2124, 0x4208, 0x18C3, 0x2104, 0x39C7, 0x18E3, 0x0000,
  0x0020, 0x0000, 0x0000, 0x0000, 0x0000, 0x0000, 0x0000, 0x0000, 0x0000, 0x0000, 0x0000, 0x0000,
  0x0000, 0x0000, 0x0000, 0x0000, 0x0000, 0x0000, 0x0000, 0x0000, 0x0000, 0x0000, 0x0020, 0x0000,
  0x18E3, 0x39C7, 0x3186, 0x2104, 0x4208, 0x2965, 0x2965, 0x2965, 0x39C7, 0x2965, 0x2124, 0x2124,
  0x31A7, 0x2945, 0x2965, 0x2945, 0x10A2, 0x2124, 0x2965, 0x0020, 0x0020, 0x0000, 0x0000, 0x0000,
  0x0000, 0x0000, 0x0000, 0x0000, 0x0000, 0x0000, 0x0000, 0x0000, 0x0000, 0x0000, 0x0000, 0x0000,
  0x0000, 0x0000, 0x0000, 0x0000, 0x0000, 0x0000, 0x0000, 0x0000, 0x0000, 0x0000, 0x0000, 0x0000,
  0x0000, 0x0000, 0x0020, 0x0000, 0x1082, 0x31A6, 0x31A6, 0x18E3, 0x39C7, 0x2965, 0x3186, 0x3186,
  0x4228, 0x4A49, 0x2124, 0x18C3, 0x18C3, 0x18E3, 0x18C3, 0x18C3, 0x0000, 0x0000, 0x0000, 0x0000,
  0x0000, 0x0020, 0x0000, 0x0861, 0x4208, 0xCE79, 0xFFFF, 0xFFFF, 0xD69A, 0x3186, 0x94B2, 0x73AE,
  0xD6DB, 0xFFFF, 0xFFFF, 0xE73C, 0x4208, 0x738E, 0xA514, 0x9CF3, 0xFFFF, 0xFFFF, 0xF79E, 0x4208,
  0x0841, 0x94B2, 0x73AE, 0xFFFF, 0xFFFF, 0xFFFF, 0x94B2, 0x2124, 0xA514, 0x2104, 0xBE17, 0xDEDB,
  0xF7BE, 0xB596, 0x0000, 0x0000, 0x0020, 0x0000, 0x0000, 0x0000, 0x0000, 0x0000, 0x0000, 0x0000,
  0x0000, 0x0000, 0x0000, 0x0000, 0x0020, 0x0000, 0x4A49, 0xC638, 0xAD75, 0xE71C, 0xFFFF, 0xBDF7,
  0x0000, 0x9CD3, 0x738E, 0x528A, 0xC618, 0xF7BE, 0xA534, 0x0861, 0x6B4D, 0x5ACB, 0x39C7, 0x94B2,
  0xEF7D, 0xC618, 0x10A2, 0x528A, 0x7BCE, 0x4208, 0xA514, 0xF79E, 0xFFFF, 0x31A7, 0x2965, 0x94B3,
  0x31A6, 0x9492, 0xF79E, 0xAD75, 0x31A6, 0x0000, 0x0000, 0x0861, 0x10A2, 0x2945, 0x3186, 0x2104,
  0x39E7, 0x31A6, 0x31A6, 0x2965, 0x10A2, 0x2965, 0x31A6, 0x2124, 0x18C3, 0x1904, 0x2945, 0x3186,
  0x3186, 0x0000, 0x0020, 0x0000, 0x0000, 0x0000, 0x0000, 0x0000, 0x0000, 0x0000, 0x0000, 0x0000,
  0x0000, 0x0000, 0x0000, 0x0000, 0x0000, 0x0000, 0x0000, 0x0000, 0x0000, 0x0000, 0x0000, 0x0000,
  0x0000, 0x0000, 0x0000, 0x0000, 0x0000, 0x0000, 0x0000, 0x0000, 0x0000, 0x0020, 0x0000, 0x2104,
  0x2124, 0x2945, 0x2965, 0x2945, 0x31A7, 0x1082, 0x3187, 0x20E4, 0x2925, 0x18C4, 0x18A3, 0x2104,
  0x3186, 0x3186, 0x2124, 0x39C7, 0x2965, 0x0000, 0x0020, 0x0000, 0x0000, 0x0000, 0x0000, 0x0000,
  0x0000, 0x0000, 0x0000, 0x0000, 0x0000, 0x0000, 0x0000, 0x0000, 0x0000, 0x0000, 0x0000, 0x0000,
  0x0000, 0x0000, 0x0000, 0x0000, 0x0020, 0x0000, 0x2965, 0x3186, 0x2945, 0x2965, 0x2945, 0x2945,
  0x31A6, 0x18E3, 0x3186, 0x2124, 0x2945, 0x1082, 0x2104, 0x0000, 0x2945, 0x31A6, 0x2124, 0x2965,
  0x31A6, 0x0020, 0x0000, 0x0000, 0x0000, 0x0000, 0x0000, 0x0000, 0x0000, 0x0000, 0x0000, 0x0000,
  0x0000, 0x0000, 0x0000, 0x0000, 0x0000, 0x0000, 0x0000, 0x0000, 0x0000, 0x0000, 0x0000, 0x0000,
  0x0000, 0x0000, 0x0000, 0x0000, 0x0000, 0x0000, 0x0000, 0x0000, 0x0020, 0x0020, 0x2945, 0x31A6,
  0x2945, 0x2124, 0x31A6, 0x2945, 0x31A6, 0x3186, 0x39E7, 0x31A6, 0x18C3, 0x2124, 0x3186, 0x10A2,
  0x31A6, 0x2124, 0x0841, 0x0000, 0x0000, 0x0000, 0x0000, 0x0020, 0x0000, 0x18C3, 0x8C51, 0xEF7D,
  0xFFFF, 0xA534, 0x4228, 0x31A6, 0x8C71, 0x9492, 0xE73C, 0xFFFF, 0xC638, 0x4228, 0x18E3, 0x7BEF,
  0x73AE, 0xBDF7, 0xFFFF, 0xE71C, 0x630C, 0x18C3, 0x6B4D, 0x632C, 0x8C51, 0xEF7D, 0xEF7D, 0xA534,
  0x39C7, 0x94B2, 0x94B2, 0xAD75, 0xF7BE, 0xFFFF, 0xEF5D, 0x31A6, 0x2104, 0x18E3, 0x0000, 0x0020,
  0x0000, 0x0000, 0x0020, 0x0000, 0x0000, 0x0000, 0x2104, 0x0861, 0x0000, 0x0020, 0x0000, 0x528A,
  0xBDF7, 0x630C, 0xE71C, 0xFFFF, 0x7BCF, 0x3186, 0x738E, 0x7BEF, 0x73AE, 0xA534, 0xF7BE, 0xE71C,
  0x2965, 0x630C, 0x7BEF, 0x8410, 0x8C51, 0xDEFB, 0xDEFB, 0x4228, 0x4A69, 0x8C51, 0x738E, 0x9CF3,
  0xFFDF, 0xE71C, 0x5AEC, 0x2965, 0x8C71, 0x8430, 0x8C51, 0xEF5C, 0xF7BE, 0x7C10, 0x18C3, 0x0000,
  0x0000, 0x10A2, 0x2965, 0x18C3, 0x18E3, 0x2945, 0x31A6, 0x2124, 0x2124, 0x3186, 0x4208, 0x31A6,
  0x2945, 0x2104, 0x2945, 0x2945, 0x2945, 0x39C7, 0x39C7, 0x18E3, 0x0000, 0x0020, 0x0000, 0x0000,
  0x0000, 0x0000, 0x0000, 0x0000, 0x0000, 0x0000, 0x0000, 0x0000, 0x0000, 0x0000, 0x0000, 0x0000,
  0x0000, 0x0000, 0x0000, 0x0000, 0x0000, 0x0000, 0x0000, 0x0000, 0x0000, 0x0000, 0x0000, 0x0000,
  0x0000, 0x0000, 0x0000, 0x0020, 0x0000, 0x18E3, 0x31A6, 0x31A6, 0x2965, 0x2124, 0x39C7, 0x2945,
  0x2104, 0x3186, 0x39E7, 0x18E4, 0x3186, 0x4208, 0x18C3, 0x2966, 0x39C7, 0x31A6, 0x3186, 0x0000,
  0x0000, 0x0000, 0x0000, 0x0000, 0x0000, 0x0000, 0x0000, 0x0000, 0x0000, 0x0000, 0x0000, 0x0000,
  0x0000, 0x0000, 0x0000, 0x0000, 0x0000, 0x0000, 0x0000, 0x0000, 0x0000, 0x0000, 0x0000, 0x0861,
  0x31A6, 0x31A6, 0x2945, 0x3186, 0x2124, 0x39E7, 0x2124, 0x39E7, 0x31A6, 0x2124, 0x0861, 0x1082,
  0x18E3, 0x2124, 0x3186, 0x2945, 0x2104, 0x39C7, 0x2965, 0x0020, 0x0000, 0x0000, 0x0000, 0x0000,
  0x0000, 0x0000, 0x0000, 0x0000, 0x0000, 0x0000, 0x0000, 0x0000, 0x0000, 0x0000, 0x0000, 0x0000,
  0x0000, 0x0000, 0x0000, 0x0000, 0x0000, 0x0000, 0x0000, 0x0000, 0x0000, 0x0000, 0x0000, 0x0000,
  0x0000, 0x0020, 0x0000, 0x18E3, 0x31A6, 0x3186, 0x18C3, 0x31A6, 0x39E7, 0x3186, 0x4A49, 0x31A6,
  0x3186, 0x2124, 0x39C7, 0x18E3, 0x1082, 0x0861, 0x0841, 0x0020, 0x0000, 0x0000, 0x0000, 0x0000,
  0x0000, 0x0020, 0x0000, 0x0861, 0x4208, 0xE71C, 0xEF5D, 0x18E3, 0x528A, 0x9CF3, 0x8430, 0x6B4D,
  0xC639, 0xF79E, 0x2124, 0x10A2, 0x6B4D, 0x630C, 0x6B6D, 0xA534, 0xFFFF, 0x528A, 0x0020, 0x6B6D,
  0x52AA, 0x8410, 0xA534, 0xFFFF, 0x94B3, 0x18C3, 0xAD55, 0xA514, 0xAD55, 0x8C92, 0xFFFF, 0xEF5D,
  0x39E7, 0x1082, 0xAD75, 0xA514, 0x0861, 0x0000, 0x0020, 0x0000, 0x0000, 0x0000, 0x0020, 0x0000,
  0xB5B6, 0x52AA, 0x0000, 0x0000, 0x528A, 0xB5B6, 0x2945, 0x632C, 0xFFFF, 0x8C72, 0x18E3, 0x9CB3,
  0x4A49, 0x73AE, 0x632C, 0xFFDF, 0xD6BA, 0x632C, 0x528A, 0x738E, 0x738E, 0x4A69, 0xDEFB, 0xEF5D,
  0x4A49, 0x4A49, 0x94B2, 0x8C71, 0x5ACB, 0xB576, 0xFFBF, 0x52AA, 0x0861, 0xA514, 0x7BCF, 0x7BCE,
  0xB5B7, 0xFFFF, 0x6B6D, 0x0000, 0x0000, 0x0000, 0x0000, 0x0841, 0x0841, 0x1082, 0x2104, 0x2104,
  0x39E8, 0x2104, 0x18C3, 0x2104, 0x39C6, 0x2965, 0x39C7, 0x3186, 0x2104, 0x2145, 0x2965, 0x3186,
  0x3186, 0x31A6, 0x0841, 0x0000, 0x0000, 0x0000, 0x0000, 0x0000, 0x0000, 0x0000, 0x0000, 0x0000,
  0x0000, 0x0000, 0x0000, 0x0000, 0x0000, 0x0000, 0x0000, 0x0000, 0x0000, 0x0000, 0x0000, 0x0000,
  0x0000, 0x0000, 0x0000, 0x0000, 0x0000, 0x0000, 0x0000, 0x0000, 0x0000, 0x0020, 0x0000, 0x2104,
  0x3186, 0x2965, 0x31A6, 0x31A6, 0x31A6, 0x4A69, 0x39C8, 0x2925, 0x0862, 0x10A3, 0x18E3, 0x18C3,
  0x2965, 0x4208, 0x2965, 0x2104, 0x31A6, 0x3186, 0x0000, 0x0000, 0x0000, 0x0000, 0x0000, 0x0000,
  0x0000, 0x0000, 0x0000, 0x0000, 0x0000, 0x0000, 0x0000, 0x0000, 0x0000, 0x0000, 0x0000, 0x0000,
  0x0000, 0x0000, 0x0000, 0x0020, 0x0000, 0x2104, 0x3186, 0x3186, 0x18C3, 0x2104, 0x3186, 0x0020,
  0x18E3, 0x10A2, 0x2945, 0x2104, 0x2124, 0x39C7, 0x1082, 0x31A6, 0x31A6, 0x2124, 0x2965, 0x2965,
  0x0841, 0x0000, 0x0020, 0x0000, 0x0000, 0x0000, 0x0000, 0x0000, 0x0000, 0x0000, 0x0000, 0x0000,
  0x0000, 0x0000, 0x0000, 0x0000, 0x0000, 0x0000, 0x0000, 0x0000, 0x0000, 0x0000, 0x0000, 0x0000,
  0x0000, 0x0000, 0x0000, 0x0000, 0x0000, 0x0000, 0x0020, 0x0000, 0x10A2, 0x31A6, 0x39C7, 0x2104,
  0x31A6, 0x18C3, 0x18C3, 0x18C3, 0x4208, 0x2124, 0x0841, 0x31A6, 0x2965, 0x18C3, 0x2965, 0x0020,
  0x0000, 0x0000, 0x0000, 0x0000, 0x0000, 0x0000, 0x0000, 0x0000, 0x0000, 0x2104, 0xBDD7, 0xB5B6,
  0x31A6, 0x52AA, 0x8C51, 0x8410, 0x8430, 0x9CD3, 0xD6BA, 0x31A6, 0x3186, 0x9CD3, 0x738E, 0xA534,
  0x8410, 0xD6BA, 0x632C, 0x3186, 0xB596, 0x7BEF, 0x8C71, 0x630C, 0xB596, 0x9CF3, 0x4208, 0x9CD3,
  0x94B2, 0xAD55, 0x8430, 0xC618, 0xBDD7, 0x39E7, 0x0841, 0x8430, 0xAD55, 0xB596, 0x52AA, 0x2945,
  0x0841, 0x1082, 0x2124, 0x0841, 0x0000, 0x0000, 0xC638, 0x5ACB, 0x0020, 0x630C, 0xC618, 0x39C7,
  0x0000, 0x6B6D, 0xA534, 0x18E3, 0xAD75, 0x8430, 0x8410, 0x632C, 0x9CD3, 0xA534, 0x6B4D, 0x8C51,
  0x7BCF, 0x8430, 0x4A6A, 0x8410, 0xAD35, 0x4A49, 0x4A49, 0xAD55, 0x8C92, 0x9CD3, 0x94B3, 0xCE79,
  0x4A29, 0x2104, 0x9CF3, 0x8410, 0x8C71, 0x73AE, 0xCE59, 0x6B4D, 0x1082, 0x8431, 0x2104, 0x0020,
  0x0020, 0x0000, 0x0000, 0x39E7, 0x10A2, 0x18C3, 0x18E3, 0x3186, 0x1082, 0x18C2, 0x2945, 0x3186,
  0x3186, 0x18E3, 0x18E3, 0x1082, 0x2104, 0x2124, 0x18E3, 0x2965, 0x2945, 0x0000, 0x0020, 0x0000,
  0x0000, 0x0000, 0x0000, 0x0000, 0x0000, 0x0000, 0x0000, 0x0000, 0x0000, 0x0000, 0x0000, 0x0000,
  0x0000, 0x0000, 0x0000, 0x0000, 0x0000, 0x0000, 0x0000, 0x0000, 0x0000, 0x0000, 0x0000, 0x0000,
  0x0000, 0x0000, 0x0000, 0x0000, 0x0000, 0x0841, 0x39C7, 0x2965, 0x2124, 0x2965, 0x2945, 0x39C7,
  0x39A7, 0x0021, 0x10A3, 0x18E4, 0x18C3, 0x2104, 0x3145, 0x1062, 0x18E3, 0x31A6, 0x39C7, 0x2104,
  0x0000, 0x0000, 0x0000, 0x0000, 0x0000, 0x0000, 0x0000, 0x0000, 0x0000, 0x0000, 0x0000, 0x0000,
  0x0000, 0x0000, 0x0000, 0x0000, 0x0000, 0x0000, 0x0000, 0x0000, 0x0000, 0x0000, 0x0020, 0x3186,
  0x31A6, 0x2124, 0x31A6, 0x18C3, 0x2945, 0x2965, 0x18C3, 0x18E3, 0x39C7, 0x18E3, 0x18E3, 0x18C3,
  0x1082, 0x2104, 0x3186, 0x2945, 0x3186, 0x10A2, 0x0000, 0x0020, 0x0000, 0x0000, 0x0000, 0x0000,
  0x0000, 0x0000, 0x0000, 0x0000, 0x0000, 0x0000, 0x0000, 0x0000, 0x0000, 0x0000, 0x0000, 0x0000,
  0x0000, 0x0000, 0x0000, 0x0000, 0x0000, 0x0000, 0x0000, 0x0000, 0x0000, 0x0000, 0x0000, 0x0000,
  0x0000, 0x0841, 0x2965, 0x39E7, 0x18E3, 0x31A6, 0x39C7, 0x18C3, 0x18C3, 0x2945, 0x4A69, 0x3186,
  0x2104, 0x4208, 0x10A2, 0x39E7, 0x0861, 0x0000, 0x0020, 0x0000, 0x0000, 0x0000, 0x0000, 0x0000,
  0x0000, 0x0000, 0x4208, 0xCE79, 0x4A69, 0x4208, 0x52AA, 0x94B2, 0x632C, 0xBDD7, 0xBDF7, 0x7BEF,
  0x528A, 0x4A49, 0x8C71, 0x2945, 0xAD55, 0x9CD3, 0xA534, 0x39E7, 0x4208, 0xC638, 0x5ACB, 0x8C51,
  0x6B4D, 0x94B2, 0x52AA, 0x4A49, 0x8C71, 0x7BEF, 0x9CF3, 0x9492, 0xB5D6, 0x4A49, 0x4208, 0x6B4D,
  0xC618, 0x0000, 0x8C71, 0xC638, 0xCE79, 0xB596, 0x0000, 0x10A2, 0xAD75, 0x0000, 0x52AA, 0x4A69,
  0x8C51, 0x4228, 0x5AEB, 0xCE79, 0x39E7, 0x0000, 0x0020, 0x2965, 0x4228, 0xC638, 0x6B4D, 0x8410,
  0x52AA, 0xA534, 0x31A6, 0x3186, 0x7BCF, 0x8430, 0x8410, 0x528A, 0x6B6D, 0x39E7, 0x2945, 0x528A,
  0xB596, 0x7BEF, 0x94B2, 0x83F0, 0x6B4D, 0x39C7, 0x39A7, 0x9472, 0x4248, 0xA535, 0x6B6D, 0xAD75,
  0x39E8, 0x4208, 0x8430, 0x2124, 0x8410, 0x2104, 0x0000, 0x0020, 0x0000, 0x2124, 0x2124, 0x2965,
  0x1081, 0x2104, 0x2945, 0x31A7, 0x39E8, 0x4208, 0x31A7, 0x4208, 0x4208, 0x2965, 0x0841, 0x2945,
  0x2965, 0x1082, 0x31A6, 0x0020, 0x0000, 0x0000, 0x0000, 0x0000, 0x0000, 0x0000, 0x0000, 0x0000,
  0x0000, 0x0000, 0x0000, 0x0000, 0x0000, 0x0000, 0x0000, 0x0000, 0x0000, 0x0000, 0x0000, 0x0000,
  0x0000, 0x0000, 0x0000, 0x0000, 0x0000, 0x0000, 0x0000, 0x0000, 0x0000, 0x0020, 0x0000, 0x18C3,
  0x31A6, 0x18C3, 0x3186, 0x18E3, 0x31A6, 0x2965, 0x18E3, 0x2965, 0x2945, 0x39E8, 0x2125, 0x4A49,
  0x18C4, 0x20E4, 0x2945, 0x31A6, 0x3186, 0x18E3, 0x2104, 0x0000, 0x0020, 0x0000, 0x0000, 0x0000,
  0x0000, 0x0000, 0x0000, 0x0000, 0x0000, 0x0000, 0x0000, 0x0000, 0x0000, 0x0000, 0x0000, 0x0000,
  0x0000, 0x0000, 0x0000, 0x0000, 0x0861, 0x39C7, 0x31A6, 0x2124, 0x3186, 0x18E3, 0x0841, 0x4208,
  0x18C3, 0x18C3, 0x2124, 0x10A2, 0x2965, 0x2945, 0x18E3, 0x31A6, 0x2124, 0x39C7, 0x18E3, 0x2124,
  0x3186, 0x0000, 0x0020, 0x0000, 0x0000, 0x0000, 0x0000, 0x0000, 0x0000, 0x0000, 0x0000, 0x0000,
  0x0000, 0x0000, 0x0000, 0x0000, 0x0000, 0x0000, 0x0000, 0x0000, 0x0000, 0x0000, 0x0000, 0x0000,
  0x0000, 0x0000, 0x0000, 0x0000, 0x0000, 0x0000, 0x0000, 0x18C3, 0x31A6, 0x2124, 0x2945, 0x2965,
  0x39C7, 0x2124, 0x31A6, 0x39C7, 0x3186, 0x2965, 0x18E3, 0x18E3, 0x2104, 0x39E7, 0x2104, 0x0000,
  0x0020, 0x0000, 0x0000, 0x0000, 0x0000, 0x0020, 0x0000, 0x0841, 0xE73C, 0xB5B6, 0x0000, 0xDEDB,
  0xFFDF, 0x632C, 0x8C71, 0xFFFF, 0xEF7D, 0x2965, 0xBDF7, 0xFFFF, 0x9CF3, 0x630C, 0xF79E, 0xFFFF,
  0x632C, 0x738E, 0xFFFF, 0xC638, 0x6B4D, 0xDEDB, 0xF7BE, 0x5B0C, 0x31A6, 0xFFDF, 0xCE79, 0x632C,
  0xC638, 0xFFFF, 0xA534, 0x2124, 0xEF3E, 0xEF5E, 0xAD75, 0x4208, 0x0841, 0xA514, 0x5ACB, 0x52AA,
  0x5ACB, 0x4A49, 0x2945, 0x52AA, 0xB5B6, 0x8C71, 0x31A6, 0x4228, 0xCE79, 0x10A2, 0x0000, 0x0841,
  0x0000, 0x5ACB, 0xFFFF, 0xDEDB, 0x630C, 0x8410, 0xFFFF, 0x8410, 0x1082, 0xF79E, 0xE71C, 0x73AE,
  0x73AE, 0x7BAF, 0x7BCF, 0x0861, 0xBDF7, 0xFFFF, 0xA514, 0x738E, 0x8C51, 0x8C51, 0x2925, 0x6B4D,
  0xFFFF, 0x9CF3, 0x6B4D, 0x94B3, 0x94B3, 0x6B6E, 0x2945, 0xFFDF, 0xCE79, 0x632C, 0x8C51, 0x528A,
  0x1082, 0x0000, 0x0842, 0x0001, 0x3186, 0x31A6, 0x31A7, 0x2125, 0x0842, 0x2104, 0x3186, 0x4208,
  0x1083, 0x18C3, 0x2104, 0x1082, 0x31A6, 0x39C7, 0x39C7, 0x3186, 0x39E7, 0x1082, 0x0020, 0x0000,
  0x0000, 0x0000, 0x0020, 0x0841, 0x0000, 0x0000, 0x0000, 0x0000, 0x0000, 0x0000, 0x0000, 0x0000,
  0x0000, 0x0000, 0x0000, 0x0020, 0x0020, 0x0000, 0x0000, 0x0000, 0x0000, 0x0000, 0x0000, 0x0000,
  0x0000, 0x0000, 0x0000, 0x0020, 0x0000, 0x18C3, 0x2945, 0x39C7, 0x18E3, 0x3186, 0x31A6, 0x2104,
  0x39E7, 0x2945, 0x18C3, 0x10A3, 0x1062, 0x10A3, 0x2124, 0x39E7, 0x3186, 0x3185, 0x3186, 0x2965,
  0x2945, 0x0000, 0x0020, 0x0000, 0x0000, 0x0000, 0x0000, 0x0000, 0x0000, 0x0000, 0x0000, 0x0000,
  0x0000, 0x0000, 0x0000, 0x0000, 0x0000, 0x0000, 0x0000, 0x0000, 0x0020, 0x0000, 0x2104, 0x31A6,
  0x2965, 0x2124, 0x39C7, 0x18C3, 0x3186, 0x31A6, 0x18E3, 0x2945, 0x18C3, 0x3186, 0x4208, 0x39E7,
  0x31A6, 0x3186, 0x2965, 0x39C7, 0x2945, 0x0000, 0x0841, 0x0000, 0x0000, 0x0000, 0x0000, 0x0000,
  0x0000, 0x0000, 0x0000, 0x0000, 0x0000, 0x0000, 0x0000, 0x0000, 0x0000, 0x0000, 0x0000, 0x0000,
  0x0000, 0x0000, 0x0000, 0x0000, 0x0000, 0x0000, 0x0000, 0x0000, 0x0000, 0x0000, 0x0000, 0x0020,
  0x0000, 0x2945, 0x2965, 0x2124, 0x3186, 0x39E7, 0x18E3, 0x10A2, 0x10A2, 0x0861, 0x0861, 0x2124,
  0x18C3, 0x2965, 0x3186, 0x2124, 0x18C3, 0x0000, 0x0020, 0x0000, 0x0000, 0x0000, 0x0000, 0x0000,
  0x0000, 0x0020, 0x7BCF, 0x18E3, 0x8410, 0xD6BA, 0x738E, 0x8430, 0xFFFF, 0xE73C, 0x31A6, 0x528A,
  0xF7BE, 0x738E, 0x738E, 0xFFFF, 0xEF5D, 0x632C, 0x2965, 0xDEFB, 0xB596, 0x738E, 0xFFDF, 0xEF5D,
  0x73AE, 0x10A2, 0x9CD3, 0xEF5D, 0x8C51, 0xCE59, 0xFFFF, 0xAD55, 0x4A49, 0x9D13, 0xDEDB, 0x8C51,
  0x9CD2, 0x5AEB, 0x0000, 0x0000, 0x2124, 0xFFFF, 0xFFFF, 0xAD75, 0x9CF3, 0xFFFF, 0xE6FC, 0x39C7,
  0xBDF7, 0x630C, 0x632C, 0x0862, 0x0020, 0x0000, 0x2965, 0xC638, 0xC638, 0x840F, 0x9CD2, 0x8410,
  0x9CD3, 0x2945, 0x7BCF, 0xDEFB, 0x73AE, 0x8431, 0x738E, 0x94B3, 0x5AEC, 0x630C, 0xCE79, 0x8C51,
  0x7BCF, 0x8411, 0x9492, 0x528A, 0x52AA, 0xD6BA, 0x8C92, 0x632C, 0x8C51, 0x9492, 0x632D, 0x2104,
  0x8C31, 0x8410, 0x6B6D, 0x94B3, 0x7BCF, 0x9472, 0x10A3, 0x0000, 0x0021, 0x0021, 0x0861, 0x0021,
  0x10A3, 0x1082, 0x0000, 0x0000, 0x0000, 0x0021, 0x0020, 0x0020, 0x0000, 0x0000, 0x2104, 0x18E3,
  0x18E3, 0x18E3, 0x2104, 0x31A6, 0x18E3, 0x0000, 0x0020, 0x0000, 0x0000, 0x0861, 0x0000, 0x0000,
  0x0000, 0x0000, 0x0000, 0x0000, 0x0000, 0x0000, 0x0000, 0x0000, 0x0000, 0x0841, 0x0841, 0x0000,
  0x0000, 0x0000, 0x0000, 0x0000, 0x0000, 0x0000, 0x0000, 0x0000, 0x0000, 0x0020, 0x0000, 0x18E3,
  0x3186, 0x3186, 0x2104, 0x39C7, 0x2966, 0x31A6, 0x31A6, 0x39C7, 0x4208, 0x2104, 0x31A6, 0x18C3,
  0x18C3, 0x2945, 0x39E7, 0x18C3, 0x3186, 0x2945, 0x0841, 0x0000, 0x0000, 0x0000, 0x0000, 0x0000,
  0x0000, 0x0000, 0x0000, 0x0000, 0x0000, 0x0000, 0x0000, 0x0000, 0x0000, 0x0000, 0x0000, 0x0000,
  0x0000, 0x0000, 0x0020, 0x0000, 0x18C3, 0x3186, 0x3186, 0x31A6, 0x31A6, 0x2945, 0x3186, 0x2104,
  0x3186, 0x2124, 0x0861, 0x2965, 0x18C3, 0x1082, 0x2945, 0x3186, 0x39C7, 0x3186, 0x31A6, 0x0000,
  0x0000, 0x0000, 0x0000, 0x0000, 0x0000, 0x0000, 0x0000, 0x0000, 0x0000, 0x0000, 0x0000, 0x0000,
  0x0000, 0x0000, 0x0000, 0x0000, 0x0000, 0x0000, 0x0000, 0x0000, 0x0000, 0x0000, 0x0000, 0x0000,
  0x0000, 0x0000, 0x0000, 0x0000, 0x0000, 0x0000, 0x0020, 0x39C7, 0x2945, 0x39E7, 0x3186, 0x2104,
  0x2124, 0x31A6, 0x2124, 0x18C3, 0x2104, 0x1082, 0x2945, 0x3186, 0x2965, 0x10A2, 0x0040, 0x0000,
  0x0000, 0x0000, 0x0000, 0x0000, 0x0000, 0x0000, 0x0020, 0x0000, 0x0000, 0x73AE, 0x8C51, 0x6B4D,
  0x8C71, 0xFFFF, 0xEF7D, 0x39E7, 0x528A, 0x94B2, 0x6B6D, 0x8430, 0xEF5D, 0xF79E, 0x52AA, 0x2104,
  0xA534, 0x7BEF, 0x8C51, 0xEF5D, 0xFFDF, 0x630C, 0x0000, 0x630C, 0x73AE, 0x8C71, 0x8C51, 0xCE79,
  0xAD75, 0x18C3, 0x8C71, 0x8C51, 0x6B4D, 0x9492, 0x9CD3, 0x5ACB, 0x0000, 0x0020, 0x0861, 0x7BCF,
  0x6B4D, 0x10A3, 0x7BEF, 0x8410, 0x4208, 0x0000, 0x4208, 0x18C3, 0x0000, 0x0000, 0x0020, 0x0000,
  0x3186, 0x7C10, 0x8C72, 0xA514, 0x8410, 0x630C, 0x0000, 0x4A49, 0x6B6E, 0x6B4D, 0x94B2, 0x6B4D,
  0x73AF, 0x18E4, 0x4228, 0x7BEF, 0x526A, 0x6B6E, 0x83F0, 0x738E, 0x39E7, 0x31A7, 0x9CB3, 0x8410,
  0x7BEF, 0x7BCF, 0x8C71, 0x738E, 0x10A3, 0x8C71, 0x7BEF, 0x9472, 0x8430, 0x83F0, 0x738E, 0x18C3,
  0x6B4D, 0x10A2, 0x0000, 0x0020, 0x0000, 0x0000, 0x0000, 0x0000, 0x0000, 0x0020, 0x0020, 0x0000,
  0x0000, 0x0000, 0x0000, 0x0000, 0x0000, 0x0000, 0x0000, 0x2104, 0x31A6, 0x39C7, 0x0020, 0x0000,
  0x0000, 0x0000, 0x0000, 0x0000, 0x0000, 0x0000, 0x0000, 0x0000, 0x0000, 0x0000, 0x0000, 0x0000,
  0x0000, 0x0000, 0x0000, 0x0000, 0x0000, 0x0000, 0x0000, 0x0000, 0x0000, 0x0000, 0x0000, 0x0000,
  0x0000, 0x0000, 0x0000, 0x0020, 0x0000, 0x1082, 0x2104, 0x2103, 0x31A6, 0x31A6, 0x2104, 0x3186,
  0x10A2, 0x18E4, 0x2125, 0x5ACB, 0x2965, 0x4A69, 0x2104, 0x4A49, 0x2965, 0x3186, 0x31A6, 0x4228,
  0x2945, 0x0000, 0x0020, 0x0000, 0x0000, 0x0000, 0x0000, 0x0000, 0x0000, 0x0000, 0x0000, 0x0000,
  0x0000, 0x0000, 0x0000, 0x0000, 0x0000, 0x0000, 0x0000, 0x0000, 0x0020, 0x0000, 0x3186, 0x31A6,
  0x18E3, 0x0861, 0x2945, 0x18C3, 0x31A6, 0x3186, 0x2965, 0x1082, 0x2945, 0x4208, 0x31A6, 0x3186,
  0x2124, 0x31A6, 0x2945, 0x3186, 0x2104, 0x0000, 0x0020, 0x0000, 0x0000, 0x0000, 0x0000, 0x0000,
  0x0000, 0x0000, 0x0000, 0x0000, 0x0000, 0x0000, 0x0000, 0x0000, 0x0000, 0x0000, 0x0000, 0x0000,
  0x0000, 0x0000, 0x0000, 0x0000, 0x0000, 0x0000, 0x0000, 0x0000, 0x0000, 0x0000, 0x0000, 0x0000,
  0x2965, 0x31A6, 0x39C7, 0x2104, 0x2945, 0x4208, 0x2124, 0x10A2, 0x10A2, 0x0841, 0x0841, 0x0841,
  0x2124, 0x0861, 0x0861, 0x0000, 0x0000, 0x0000, 0x0000, 0x0000, 0x0000, 0x0000, 0x0000, 0x0000,
  0x0020, 0x0000, 0x4A69, 0x738E, 0x4A69, 0x94B2, 0xFFFF, 0xD6BA, 0x39E7, 0x3186, 0xA534, 0x8430,
  0x5AEB, 0x8C51, 0xDEDB, 0x52AA, 0x2124, 0x73AE, 0x738E, 0x5AEB, 0x8430, 0xDEFB, 0x7BEF, 0x18E3,
  0x6B6D, 0x7BCF, 0x5ACB, 0x738E, 0x7BEF, 0x7BEF, 0x18E3, 0x7BAF, 0xA514, 0x52AA, 0x8C51, 0x8410,
  0x632C, 0x6B4D, 0x0020, 0x0020, 0x0000, 0x0000, 0x0000, 0x0000, 0x0000, 0x0000, 0x0000, 0x0841,
  0x0000, 0x0000, 0x0020, 0x0000, 0x0020, 0x0020, 0x2945, 0x6B6E, 0x6B4D, 0x630C, 0xA514, 0x2944,
  0x5ACB, 0x632C, 0x5AEB, 0x6B6D, 0x6B4C, 0x8430, 0x3166, 0x4208, 0x7BEF, 0x632C, 0x62EC, 0x630C,
  0x8C51, 0x8430, 0x3186, 0x7BAF, 0x5ACB, 0x5AEB, 0x738E, 0x738E, 0x73AF, 0x1082, 0x8431, 0x94B2,
  0x52AA, 0x738E, 0x6B6D, 0x7BEF, 0x2124, 0x6B6D, 0x6B6E, 0x1082, 0x0000, 0x0000, 0x0020, 0x0000,
  0x0020, 0x0000, 0x0020, 0x0000, 0x0000, 0x0020, 0x0020, 0x0020, 0x0020, 0x0020, 0x0020, 0x0020,
  0x0020, 0x0861, 0x1082, 0x0861, 0x0020, 0x0000, 0x0000, 0x0000, 0x0000, 0x0000, 0x0000, 0x0000,
  0x0000, 0x0000, 0x0000, 0x0000, 0x0000, 0x0000, 0x0000, 0x0000, 0x0000, 0x0000, 0x0000, 0x0000,
  0x0000, 0x0000, 0x0000, 0x0000, 0x0000, 0x0000, 0x0000, 0x0000, 0x0000, 0x0000, 0x0020, 0x0000,
  0x2104, 0x4207, 0x2104, 0x2965, 0x3186, 0x31A6, 0x3186, 0x2945, 0x1082, 0x2966, 0x528A, 0x2124,
  0x2965, 0x2104, 0x39C7, 0x2945, 0x18C3, 0x2124, 0x31A6, 0x0000, 0x0020, 0x0000, 0x0000, 0x0000,
  0x0000, 0x0000, 0x0000, 0x0000, 0x0000, 0x0000, 0x0000, 0x0000, 0x0000, 0x0000, 0x0000, 0x0000,
  0x0000, 0x0000, 0x0000, 0x0841, 0x39C7, 0x31A6, 0x2104, 0x39E7, 0x3186, 0x4A49, 0x2965, 0x2945,
  0x4228, 0x2945, 0x2104, 0x0861, 0x2104, 0x2104, 0x10A2, 0x3186, 0x2104, 0x3186, 0x0000, 0x0020,
  0x0000, 0x0000, 0x0000, 0x0000, 0x0000, 0x0000, 0x0000, 0x0000, 0x0000, 0x0000, 0x0000, 0x0000,
  0x0000, 0x0000, 0x0000, 0x0000, 0x0000, 0x0000, 0x0000, 0x0000, 0x0000, 0x0000, 0x0000, 0x0000,
  0x0000, 0x0000, 0x0000, 0x0000, 0x0000, 0x0841, 0x39C7, 0x31A6, 0x10A2, 0x10A2, 0x0861, 0x2104,
  0x18E3, 0x0020, 0x0000, 0x0000, 0x0000, 0x0000, 0x0020, 0x0000, 0x0000, 0x0020, 0x0000, 0x0000,
  0x0000, 0x0000, 0x0000, 0x0000, 0x0000, 0x0020, 0x0000, 0x7BEF, 0x738E, 0x738E, 0x4A69, 0x8C71,
  0xD6BA, 0x2945, 0x2965, 0x8430, 0x9492, 0x6B4D, 0x4228, 0x8C92, 0x4208, 0x0861, 0x9CD3, 0x7BCF,
  0x8C51, 0x4228, 0x9CF3, 0x6B4D, 0x0020, 0x8430, 0x630C, 0x8C51, 0x4228, 0x7BEF, 0x9CD3, 0x4208,
  0x73AE, 0x62EC, 0x9492, 0x7C0F, 0x7BEF, 0xD6BA, 0x5ACA, 0x6B2D, 0x630C, 0x0000, 0x0020, 0x0020,
  0x0020, 0x0020, 0x0020, 0x0020, 0x0020, 0x0000, 0x0020, 0x0020, 0x0020, 0x0020, 0x0000, 0x2925,
  0xCE39, 0x8410, 0xA534, 0x8C71, 0x0861, 0x5AEB, 0x7BEF, 0x8430, 0x4228, 0x52AA, 0x8C71, 0x10A3,
  0x4A6A, 0x630C, 0x4A69, 0x4208, 0xCE59, 0xBDB7, 0x4249, 0x5ACB, 0x9CD3, 0x736E, 0x632C, 0xA534,
  0xBDD7, 0x6B4D, 0x10A3, 0x83F0, 0x738E, 0x9492, 0x39E8, 0x8C71, 0x8431, 0x0000, 0x7BCF, 0x6B6E,
  0x9492, 0x0000, 0x41E8, 0x632C, 0x0000, 0x4A49, 0x2124, 0x526A, 0x18A3, 0x632C, 0x18C3, 0x0000,
  0x0000, 0x0000, 0x0000, 0x0000, 0x0000, 0x0020, 0x0020, 0x0000, 0x0000, 0x0000, 0x0000, 0x0000,
  0x0000, 0x0000, 0x0000, 0x0000, 0x0000, 0x0000, 0x0000, 0x0000, 0x0000, 0x0000, 0x0000, 0x0000,
  0x0000, 0x0000, 0x0000, 0x0000, 0x0000, 0x0000, 0x0000, 0x0000, 0x0000, 0x0000, 0x0000, 0x0000,
  0x0000, 0x0000, 0x0000, 0x0000, 0x0000, 0x0000, 0x0841, 0x2104, 0x18C3, 0x39C7, 0x18E3, 0x3186,
  0x39C7, 0x2966, 0x10A2, 0x10C3, 0x2125, 0x39C7, 0x18E3, 0x2945, 0x0841, 0x2104, 0x52AA, 0x2965,
  0x3186, 0x10A2, 0x0020, 0x0020, 0x0000, 0x0000, 0x0000, 0x0000, 0x0000, 0x0000, 0x0000, 0x0000,
  0x0000, 0x0000, 0x0000, 0x0000, 0x0000, 0x0000, 0x0000, 0x0020, 0x0000, 0x18C3, 0x39C7, 0x3186,
  0x1082, 0x39E7, 0x2945, 0x1082, 0x2965, 0x3186, 0x3186, 0x2965, 0x2945, 0x2965, 0x2965, 0x2965,
  0x2965, 0x2965, 0x2965, 0x18E3, 0x0000, 0x0020, 0x0000, 0x0000, 0x0000, 0x0000, 0x0000, 0x0000,
  0x0000, 0x0000, 0x0000, 0x0000, 0x0000, 0x0000, 0x0000, 0x0000, 0x0000, 0x0000, 0x0000, 0x0000,
  0x0000, 0x0000, 0x0000, 0x0000, 0x0000, 0x0000, 0x0000, 0x0000, 0x0000, 0x0020, 0x0000, 0x18E3,
  0x39C7, 0x3186, 0x18E3, 0x4208, 0x0841, 0x2965, 0x39C7, 0x0841, 0x0000, 0x0020, 0x0000, 0x0000,
  0x0000, 0x0000, 0x0000, 0x0000, 0x0000, 0x0000, 0x0000, 0x0000, 0x0000, 0x0000, 0x0020, 0x0000,
  0x4A49, 0x9CF3, 0x8C51, 0x9492, 0x8410, 0x8430, 0x6B4D, 0x1082, 0x8430, 0x9492, 0x9492, 0x8430,
  0x8430, 0x7BCF, 0x18E3, 0x8430, 0x6B6D, 0x8C51, 0x9492, 0x7BCF, 0x9492, 0x3185, 0x738D, 0x7BCF,
  0x7BCF, 0x6B6D, 0x7BCF, 0x8C71, 0x39E7, 0x4A69, 0x8410, 0x7BEF, 0x6B6D, 0x8430, 0x7C0F, 0x6B6D,
  0x4A6A, 0xC618, 0xBDD7, 0x4208, 0x0021, 0x0000, 0x0020, 0x0020, 0x0020, 0x0020, 0x0020, 0x0000,
  0x0000, 0x0000, 0x0000, 0x0000, 0x3186, 0xAD55, 0xAD55, 0x7BEF, 0x9472, 0x2965, 0x630B, 0x7BEF,
  0x73AF, 0x73AE, 0x738E, 0x8430, 0x528A, 0x4A69, 0x7BEF, 0x73AF, 0x632D, 0x738E, 0xB576, 0x7BF0,
  0x2945, 0x7BEF, 0x7BEF, 0x73AF, 0x6B4D, 0xB596, 0x9CD3, 0x2103, 0x632C, 0x9492, 0x9492, 0x8C71,
  0x9492, 0x9CF3, 0x18A3, 0x52AA, 0x736E, 0x6B2D, 0x8430, 0x8C51, 0xAD34, 0x4A69, 0x5AEB, 0x7BCF,
  0x8C51, 0x6B6D, 0x6B6D, 0xD69A, 0x0861, 0x39E7, 0x4A69, 0x5289, 0x39C7, 0x52AA, 0x39C7, 0x0000,
  0x0000, 0x0000, 0x0000, 0x0000, 0x0000, 0x0020, 0x0020, 0x0020, 0x0000, 0x0000, 0x0000, 0x0000,
  0x0000, 0x0000, 0x0000, 0x0000, 0x0000, 0x0000, 0x0000, 0x0000, 0x0000, 0x0000, 0x0000, 0x0000,
  0x0000, 0x0000, 0x0000, 0x0000, 0x0000, 0x0000, 0x0000, 0x0000, 0x0000, 0x0000, 0x0000, 0x0000,
  0x0861, 0x4A69, 0x39C7, 0x18C3, 0x39C7, 0x31A6, 0x2104, 0x18C3, 0x10A3, 0x18C3, 0x18C4, 0x31A7,
  0x18C3, 0x3186, 0x31A7, 0x3187, 0x0841, 0x31A6, 0x2104, 0x39E7, 0x0020, 0x0000, 0x0000, 0x0000,
  0x0000, 0x0000, 0x0000, 0x0000, 0x0000, 0x0000, 0x0000, 0x0000, 0x0000, 0x0000, 0x0000, 0x0000,
  0x0000, 0x0020, 0x0000, 0x2965, 0x31A6, 0x2965, 0x3186, 0x3186, 0x2124, 0x31A6, 0x31A6, 0x18C3,
  0x39C7, 0x2104, 0x39C7, 0x2124, 0x31A6, 0x10A2, 0x2945, 0x31A6, 0x31A6, 0x31A6, 0x0020, 0x0000,
  0x0000, 0x0000, 0x0000, 0x0000, 0x0000, 0x0000, 0x0000, 0x0000, 0x0000, 0x0000, 0x0000, 0x0000,
  0x0000, 0x0000, 0x0000, 0x0000, 0x0000, 0x0000, 0x0000, 0x0000, 0x0000, 0x0000, 0x0000, 0x0000,
  0x0000, 0x0000, 0x0000, 0x0000, 0x0861, 0x39C7, 0x3186, 0x31A6, 0x2104, 0x1082, 0x18C3, 0x3186,
  0x31A6, 0x18E3, 0x0000, 0x0020, 0x0000, 0x0000, 0x0000, 0x0000, 0x0000, 0x0000, 0x0000, 0x0000,
  0x0000, 0x0000, 0x0000, 0x0000, 0x0000, 0x0000, 0x2124, 0x8C71, 0x73AF, 0x8C71, 0x6B4D, 0x31A6,
  0x1082, 0x7BEF, 0x630C, 0x8C71, 0x9492, 0x8C51, 0x52AA, 0x0841, 0x6B6D, 0x4A69, 0x73AE, 0x7BEF,
  0x8430, 0x5ACB, 0x10A3, 0x73AF, 0x5ACB, 0x73AE, 0x5AEB, 0x8C51, 0x4A69, 0x2945, 0x5AEC, 0x8431,
  0x8C71, 0x738E, 0x738E, 0x5AEC, 0x4A29, 0x3166, 0xCE59, 0xAD75, 0xAD75, 0xBDD7, 0x39E7, 0x0841,
  0x0000, 0x0000, 0x0000, 0x0000, 0x0000, 0x0020, 0x0040, 0x0861, 0x0862, 0x2125, 0xB576, 0x94B2,
  0xBDF7, 0x52AA, 0x2124, 0x5ACB, 0x73AF, 0x52AA, 0x4A6A, 0x5ACB, 0x52AA, 0x3186, 0x4A49, 0xA514,
  0x7BEF, 0x6B6D, 0x632D, 0x632D, 0x4228, 0x18E3, 0xA534, 0x738E, 0x8431, 0x6B6D, 0x8410, 0x4A49,
  0x0841, 0x738E, 0x52AA, 0x7BCF, 0x7BEF, 0x9492, 0x6B6D, 0x18E3, 0x4A69, 0x4A49, 0x7BEF, 0x630C,
  0x9492, 0x52AA, 0x39C7, 0x6B4D, 0x738E, 0x6B4D, 0x528A, 0x6B6D, 0x4228, 0x18E3, 0x39C7, 0x9CF3,
  0x94B2, 0x73AE, 0x6B4D, 0x6B4D, 0x2104, 0x10A2, 0xA514, 0x18E3, 0x0861, 0x0862, 0x0841, 0x0000,
  0x0000, 0x0000, 0x0020, 0x0020, 0x0020, 0x0000, 0x0000, 0x0000, 0x0000, 0x0000, 0x0000, 0x0000,
  0x0000, 0x0000, 0x0000, 0x0000, 0x0000, 0x0000, 0x0000, 0x0000, 0x0020, 0x0020, 0x0000, 0x0000,
  0x0000, 0x0000, 0x0000, 0x0000, 0x0000, 0x0000, 0x0000, 0x0021, 0x39A7, 0x2965, 0x31A6, 0x3185,
  0x2965, 0x2104, 0x39E8, 0x31A6, 0x39E7, 0x2945, 0x18C3, 0x2965, 0x2946, 0x2967, 0x3186, 0x2946,
  0x2104, 0x2944, 0x0000, 0x0020, 0x0000, 0x0000, 0x0000, 0x0000, 0x0000, 0x0000, 0x0000, 0x0000,
  0x0000, 0x0000, 0x0000, 0x0000, 0x0000, 0x0000, 0x0000, 0x0020, 0x0000, 0x2965, 0x2124, 0x2104,
  0x31A6, 0x31A6, 0x31A6, 0x3186, 0x2104, 0x39E7, 0x2104, 0x31A6, 0x39C7, 0x2945, 0x2986, 0x3186,
  0x39C7, 0x31A6, 0x2945, 0x2104, 0x0020, 0x0000, 0x0000, 0x0000, 0x0000, 0x0000, 0x0000, 0x0000,
  0x0000, 0x0000, 0x0000, 0x0000, 0x0000, 0x0000, 0x0000, 0x0000, 0x0000, 0x0000, 0x0000, 0x0000,
  0x0000, 0x0000, 0x0000, 0x0000, 0x0000, 0x0000, 0x0000, 0x0000, 0x0020, 0x0000, 0x2124, 0x31A6,
  0x31A6, 0x39C7, 0x3186, 0x2945, 0x2965, 0x2124, 0x3186, 0x10A2, 0x0000, 0x0000, 0x0000, 0x0000,
  0x0000, 0x0000, 0x0020, 0x0000, 0x0000, 0x0000, 0x0000, 0x0000, 0x0000, 0x0020, 0x0841, 0x5ACB,
  0x5AEC, 0xB596, 0x6B6D, 0x94B3, 0x18E3, 0x6B4D, 0x5AEB, 0x8C51, 0x7BCF, 0x94B2, 0xA534, 0x4A69,
  0x6B4D, 0x6B2D, 0xA534, 0x4A49, 0x8C51, 0x73AE, 0x94B2, 0x630C, 0x73AE, 0xB596, 0x5AEB, 0x8411,
  0x39E7, 0x8C51, 0x3166, 0x6B6E, 0x9CD3, 0x738E, 0x9CF3, 0x4A69, 0x632D, 0x0862, 0x736E, 0x6B4D,
  0x9CD3, 0x8410, 0x9492, 0xB596, 0x4228, 0xA514, 0x3186, 0x0841, 0x18E3, 0x0861, 0x2104, 0x0000,
  0x8410, 0x6B6D, 0xAD55, 0x4A49, 0x8410, 0x4A69, 0xA535, 0x4208, 0x7BCE, 0x8C51, 0x4A49, 0x8C51,
  0x2966, 0x736F, 0x10A2, 0xBDD7, 0xEF7D, 0x7BEF, 0x8C51, 0xD6BA, 0xC5F8, 0x10A3, 0x8C72, 0xDEFB,
  0xBDD7, 0x6B6D, 0xEF5D, 0xD69A, 0x39E7, 0x632C, 0xE71C, 0xB5B6, 0x4A69, 0xBDD7, 0x7BEF, 0xAD55,
  0x4228, 0x5AEB, 0x9CF3, 0x39E7, 0x8C71, 0x4A69, 0xBDF7, 0x31A6, 0xC638, 0xFFFF, 0x632C, 0x8430,
  0xDEFB, 0xDEDB, 0x18C3, 0xA514, 0xF79E, 0x94B2, 0x8C51, 0xEF7D, 0xD6BA, 0x18C3, 0x73AE, 0xEF5D,
  0xE71C, 0x630C, 0xCE79, 0xE71C, 0x6B6D, 0x0000, 0x2965, 0x10A2, 0x0000, 0x0000, 0x0000, 0x0020,
  0x0000, 0x0000, 0x0000, 0x0000, 0x0000, 0x0020, 0x0020, 0x0000, 0x0000, 0x0000, 0x0020, 0x0020,
  0x0020, 0x0020, 0x0000, 0x0000, 0x0020, 0x0000, 0x0000, 0x0000, 0x0000, 0x0000, 0x0000, 0x0020,
  0x0000, 0x39C7, 0x2925, 0x39C7, 0x2104, 0x2104, 0x39C7, 0x20E4, 0x2104, 0x2104, 0x18E3, 0x18C3,
  0x2966, 0x2104, 0x2965, 0x31A8, 0x2987, 0x2966, 0x39C7, 0x3986, 0x18E3, 0x0000, 0x0020, 0x0000,
  0x0000, 0x0000, 0x0000, 0x0000, 0x0000, 0x0000, 0x0000, 0x0000, 0x0000, 0x0000, 0x0000, 0x0000,
  0x0020, 0x0000, 0x10A2, 0x3186, 0x4208, 0x3186, 0x2965, 0x10A2, 0x39C7, 0x31A6, 0x31A6, 0x3186,
  0x39C7, 0x3186, 0x3186, 0x2965, 0x39E7, 0x31A6, 0x2965, 0x2945, 0x31A6, 0x2124, 0x0000, 0x0020,
  0x0000, 0x0000, 0x0000, 0x0000, 0x0000, 0x0000, 0x0000, 0x0000, 0x0000, 0x0000, 0x0000, 0x0000,
  0x0000, 0x0000, 0x0000, 0x0000, 0x0000, 0x0000, 0x0000, 0x0000, 0x0000, 0x0000, 0x0000, 0x0000,
  0x0000, 0x0000, 0x0000, 0x0000, 0x1082, 0x31A6, 0x2104, 0x10A2, 0x18C3, 0x1082, 0x0841, 0x0861,
  0x0861, 0x0020, 0x0000, 0x0000, 0x0000, 0x0000, 0x0000, 0x0020, 0x0020, 0x0020, 0x0020, 0x0000,
  0x0000, 0x0000, 0x0020, 0x0000, 0x4228, 0xA514, 0x9492, 0x8C71, 0xA513, 0x31A6, 0x4208, 0x8C71,
  0x9CD3, 0x632C, 0x9CF3, 0xA514, 0x73AE, 0x3186, 0x738E, 0xA534, 0x7BCF, 0x94B2, 0x73AE, 0xA514,
  0x2104, 0x5AEB, 0xA4F3, 0x8430, 0xA534, 0x738E, 0xC618, 0x2965, 0x4208, 0x8C51, 0x9492, 0x9CD3,
  0x7BCF, 0xA554, 0x4A49, 0x4A28, 0x630C, 0x94B2, 0x8C51, 0x9492, 0xBDD7, 0x6B4D, 0x31A6, 0x8410,
  0xC638, 0x73AF, 0x9CD3, 0x8C71, 0x8430, 0x18C3, 0x632C, 0xB5B6, 0x9CB3, 0x8C51, 0x73CF, 0xB5B6,
  0x31A7, 0x4A69, 0xAD75, 0x7BCF, 0x94B3, 0x8C51, 0xB596, 0x4A49, 0x4A69, 0xFFFF, 0x8C71, 0x8410,
  0xFFDF, 0xFFBF, 0x630C, 0x4228, 0xDEDC, 0xCE59, 0x6B6E, 0xEF7D, 0xFFFF, 0x73AE, 0x2124, 0xCE59,
  0xD6BA, 0x528A, 0xCE59, 0xFFFF, 0xA534, 0x2104, 0x5ACB, 0xA534, 0x6B4D, 0x9CD3, 0x6B6D, 0xA514,
  0x3185, 0x73AE, 0xFFFF, 0x94B2, 0xAD55, 0xFFFF, 0xF7BE, 0x4208, 0x3186, 0xFFFF, 0xBDD7, 0x8410,
  0xF7BE, 0xF7BE, 0x73AF, 0x39C6, 0xAD75, 0xDEDB, 0x8410, 0x9CD3, 0x9CD3, 0xAD75, 0x3186, 0x8C71,
  0xCE79, 0x73AE, 0x0021, 0x39E7, 0x10A2, 0x0000, 0x0020, 0x0020, 0x0020, 0x0020, 0x0000, 0x0020,
  0x0020, 0x0000, 0x0000, 0x0020, 0x0000, 0x0000, 0x0000, 0x0000, 0x2945, 0x4208, 0x0000, 0x0000,
  0x0020, 0x0000, 0x0000, 0x0000, 0x0000, 0x0000, 0x0000, 0x0000, 0x18C3, 0x18E3, 0x31A7, 0x39C9,
  0x18E4, 0x2926, 0x2925, 0x3187, 0x2945, 0x2966, 0x4A29, 0x1062, 0x4208, 0x2946, 0x2985, 0x2965,
  0x18E3, 0x18C3, 0x1082, 0x0000, 0x0000, 0x0000, 0x0000, 0x0000, 0x0000, 0x0000, 0x0000, 0x0000,
  0x0000, 0x0000, 0x0000, 0x0000, 0x0000, 0x0000, 0x0020, 0x0000, 0x2104, 0x31A6, 0x2124, 0x2965,
  0x2945, 0x2945, 0x31A6, 0x3186, 0x2965, 0x4208, 0x2965, 0x3186, 0x10A2, 0x3186, 0x4A49, 0x3185,
  0x3186, 0x2124, 0x10A2, 0x0861, 0x0000, 0x0000, 0x0000, 0x0000, 0x0000, 0x0000, 0x0000, 0x0000,
  0x0000, 0x0000, 0x0000, 0x0000, 0x0000, 0x0000, 0x0000, 0x0000, 0x0000, 0x0000, 0x0000, 0x0000,
  0x0000, 0x0000, 0x0000, 0x0000, 0x0000, 0x0000, 0x0000, 0x0000, 0x0000, 0x0020, 0x0000, 0x2945,
  0x1082, 0x0000, 0x0000, 0x0000, 0x0000, 0x0000, 0x0000, 0x0000, 0x0000, 0x0000, 0x0000, 0x0000,
  0x0000, 0x0000, 0x0000, 0x0000, 0x0000, 0x0000, 0x0000, 0x0000, 0x0020, 0x0000, 0x18C3, 0x8C51,
  0x8410, 0x9CF3, 0x4208, 0x528A, 0xB596, 0x9CF3, 0x6B6D, 0x7C10, 0x94B2, 0x840F, 0x3186, 0xA514,
  0xAD75, 0x632C, 0x73AE, 0x6B6D, 0x73AE, 0x18C3, 0x8410, 0xB5B6, 0x8410, 0x9492, 0x73AE, 0x7BCE,
  0x0841, 0x528A, 0xAD55, 0x9CD3, 0x8C71, 0x6B6D, 0xA535, 0x2104, 0x4A69, 0xB596, 0x9492, 0x7BEF,
  0x9CD3, 0x9CF3, 0x630C, 0x31A7, 0xCE59, 0xB596, 0x7BCF, 0x94B2, 0x8C71, 0x9CD3, 0x2965, 0xAD55,
  0xBDD7, 0x7BCF, 0x73AF, 0x6B6D, 0x9471, 0x1082, 0x736F, 0xC618, 0x8C71, 0xA514, 0x94B2, 0x73AF,
  0x18E3, 0x4A6A, 0xA534, 0x8C71, 0x9492, 0xF79E, 0xC619, 0x2125, 0x39C7, 0x9CF3, 0x8431, 0x5AEC,
  0xE71C, 0xF79E, 0x6B6E, 0x39C7, 0xAD34, 0xA535, 0x528A, 0xCE59, 0xFFFF, 0xB5B6, 0x1082, 0x8C51,
  0xBDF7, 0x73CF, 0x7BEF, 0x6B2D, 0x8C51, 0x2104, 0x5A8A, 0xBDF7, 0x9492, 0x9CD3, 0xFFFF, 0xE71C,
  0x2104, 0x3186, 0xA514, 0xB596, 0x7BEF, 0xFFDF, 0xFFDF, 0x4228, 0x18C3, 0xA514, 0x9CD3, 0x632C,
  0x9CF3, 0x8C51, 0x7BEF, 0x18C3, 0x94B2, 0xBDD7, 0x73AE, 0x8410, 0x632C, 0xB596, 0x2965, 0x39E7,
  0x0000, 0x0000, 0x0000, 0x0000, 0x0020, 0x0000, 0x0000, 0x0020, 0x0020, 0x0000, 0x2124, 0x528A,
  0x4A69, 0x52AA, 0x9CD3, 0xEF5D, 0x6B4D, 0x0000, 0x0000, 0x0000, 0x0000, 0x0000, 0x0000, 0x0000,
  0x0000, 0x0020, 0x1042, 0x2925, 0x31A7, 0x2966, 0x0882, 0x4229, 0x2125, 0x2124, 0x2104, 0x2924,
  0x1082, 0x2124, 0x39C7, 0x2104, 0x2125, 0x2945, 0x4228, 0x4A49, 0x10A2, 0x0000, 0x0020, 0x0000,
  0x0000, 0x0000, 0x0000, 0x0000, 0x0000, 0x0000, 0x0000, 0x0000, 0x0000, 0x0000, 0x0000, 0x0000,
  0x0000, 0x0000, 0x0020, 0x39C7, 0x18E3, 0x39C7, 0x2104, 0x39C7, 0x2945, 0x4A29, 0x39E7, 0x39C7,
  0x3186, 0x3186, 0x39E7, 0x31A6, 0x3186, 0x39E7, 0x10A2, 0x4228, 0x18E3, 0x0000, 0x0020, 0x0000,
  0x0000, 0x0000, 0x0000, 0x0000, 0x0000, 0x0000, 0x0000, 0x0000, 0x0000, 0x0000, 0x0000, 0x0000,
  0x0000, 0x0000, 0x0000, 0x0000, 0x0000, 0x0000, 0x0000, 0x0000, 0x0000, 0x0000, 0x0000, 0x0000,
  0x0000, 0x0000, 0x0000, 0x0000, 0x0020, 0x0000, 0x0000, 0x0020, 0x0020, 0x0020, 0x0020, 0x0020,
  0x0000, 0x0000, 0x0000, 0x0000, 0x0000, 0x0000, 0x0000, 0x0020, 0x2945, 0x2965, 0x0861, 0x0000,
  0x0020, 0x0020, 0x0000, 0x18C3, 0x73AE, 0x9CF3, 0xA534, 0x39E7, 0x52AA, 0xAD55, 0x738E, 0x8430,
  0x9492, 0x7BEF, 0x7BEF, 0x3186, 0x94B2, 0x7BEF, 0x7BCF, 0x7BEF, 0x8410, 0x8C51, 0x0841, 0x9492,
  0x9CF3, 0x7BEF, 0x9492, 0x7BCF, 0x94B3, 0x18C3, 0x630C, 0x8C31, 0x6B6D, 0x8C71, 0x9492, 0x6B4D,
  0x2125, 0x52AB, 0x6B6D, 0x736E, 0x73AE, 0x83F0, 0x9CD3, 0x5ACB, 0x4228, 0xAD76, 0x2945, 0x6B4D,
  0x94B2, 0x632C, 0x8C71, 0x2104, 0xB5B6, 0x632C, 0x4A49, 0x9CF3, 0x7BCF, 0xAD55, 0x10A2, 0x83D0,
  0x83D0, 0x39C7, 0xA534, 0x73AF, 0x9492, 0x39E7, 0x5ACB, 0x7BEF, 0x5AEB, 0x8410, 0xEF7D, 0xBDF7,
  0x41E8, 0x4A6A, 0x7BEF, 0x6B4D, 0x5AEC, 0xDEBB, 0xF79D, 0x6B4D, 0x2966, 0x9CD3, 0x8C51, 0x73AE,
  0xFFDF, 0xFFDF, 0xAD55, 0x2104, 0x8C71, 0x738E, 0x4228, 0x9492, 0x738E, 0x9CF4, 0x10A3, 0x5A8C,
  0xA474, 0x734D, 0xA514, 0xFFFF, 0xDEFB, 0x2945, 0x4208, 0x8C51, 0x738E, 0x7BEF, 0xB5B6, 0xFFDF,
  0x5AEC, 0x39E7, 0x8430, 0x6B6D, 0x73AE, 0x9492, 0xA513, 0x9492, 0x2124, 0x94B2, 0x9CD3, 0x7BCF,
  0x9492, 0x5AEB, 0x9CF3, 0x2124, 0x6B4D, 0xA514, 0x6B6D, 0x528A, 0x4A49, 0x18C3, 0x0000, 0x0020,
  0x0020, 0x0000, 0x0020, 0x39E7, 0xBDF7, 0xFFFF, 0xFFFF, 0xBDD7, 0x630B, 0xCE79, 0xFFFF, 0x528A,
  0x0000, 0x0020, 0x0020, 0x0000, 0x0000, 0x0000, 0x0020, 0x0000, 0x18E3, 0x2104, 0x39C7, 0x2124,
  0x4229, 0x20E4, 0x1082, 0x10A2, 0x18C3, 0x3166, 0x1082, 0x3185, 0x1082, 0x39A8, 0x2124, 0x18E3,
  0x2945, 0x18A3, 0x2945, 0x1082, 0x0000, 0x0000, 0x0000, 0x0000, 0x0000, 0x0000, 0x0000, 0x0000,
  0x0000, 0x0000, 0x0000, 0x0000, 0x0000, 0x0000, 0x0000, 0x0000, 0x31A6, 0x18C3, 0x1082, 0x2104,
  0x31A6, 0x39C7, 0x2104, 0x4A49, 0x18C3, 0x2965, 0x18C3, 0x39C7, 0x18E3, 0x2965, 0x2965, 0x4A49,
  0x31A6, 0x3186, 0x10A2, 0x0000, 0x0000, 0x0000, 0x0000, 0x0000, 0x0000, 0x0000, 0x0000, 0x0000,
  0x0000, 0x0000, 0x0000, 0x0000, 0x0000, 0x0000, 0x0000, 0x0000, 0x0000, 0x0000, 0x0000, 0x0000,
  0x0000, 0x0000, 0x0000, 0x0000, 0x0000, 0x0000, 0x0000, 0x0000, 0x0000, 0x0000, 0x0000, 0x0020,
  0x0000, 0x0020, 0x0000, 0x0000, 0x0000, 0x0000, 0x0020, 0x0000, 0x0000, 0x0000, 0x0000, 0x0020,
  0x0861, 0x4208, 0x2965, 0x39C7, 0x2945, 0x0020, 0x0000, 0x0020, 0x0000, 0x10A2, 0x8430, 0xA514,
  0x528A, 0x630C, 0xA534, 0x8C51, 0x9CD3, 0x8C71, 0x9CD3, 0x528A, 0x2965, 0xB596, 0x94B2, 0x7BCF,
  0x8C51, 0x8C51, 0x6B4D, 0x0000, 0x6B6D, 0xA514, 0x9CD3, 0x8430, 0x8430, 0x94B2, 0x0841, 0x632D,
  0x8411, 0x18E4, 0x73AF, 0x7BEF, 0x73AE, 0x4A69, 0x6B4D, 0x8431, 0x18C4, 0x7BCF, 0x7BF0, 0x8C51,
  0x4A49, 0x4208, 0xBDD7, 0x2945, 0x0000, 0x5AEB, 0x738E, 0x630C, 0x18C3, 0xA534, 0x632C, 0x0000,
  0x632C, 0x9492, 0x630C, 0x0841, 0x6B6D, 0x9492, 0x0000, 0x39C7, 0xA514, 0x8410, 0x18C3, 0x52AA,
  0x8C51, 0x6B6E, 0x8430, 0xFFDF, 0xD67A, 0x52CB, 0x39C6, 0x9CF3, 0x73AE, 0x738E, 0xE73C, 0xF79E,
  0x73AF, 0x528A, 0x94B2, 0x8C51, 0x8C51, 0xCE7A, 0xFFFF, 0x8410, 0x0021, 0x94B2, 0xA534, 0x528A,
  0x4A69, 0x9CB3, 0x83F0, 0x1082, 0x52AA, 0x9C53, 0x9452, 0xAD56, 0xFFFF, 0xD6BA, 0x2104, 0x39C7,
  0x7BCF, 0x6B4D, 0x8C51, 0x9492, 0x9CF3, 0x5AEB, 0x18E3, 0x8C51, 0x738E, 0x73AF, 0x8430, 0x6B4D,
  0x8C51, 0x2945, 0x9CD3, 0x8C71, 0x8C71, 0x8C72, 0x9492, 0xA534, 0x2104, 0x7BEF, 0x9CD3, 0x94B2,
  0x7BEF, 0xCE59, 0xCE58, 0x73AE, 0x8410, 0x0020, 0x0020, 0x8430, 0xAD75, 0xFFDF, 0xFFFF, 0xFFFF,
  0x9CD3, 0x5AEB, 0xD69A, 0xFFFF, 0xFFFF, 0xD67A, 0x0000, 0x0000, 0x0000, 0x0020, 0x0000, 0x0000,
  0x0000, 0x0000, 0x0841, 0x18C3, 0x18E4, 0x4208, 0x18E3, 0x18E3, 0x18E4, 0x3186, 0x39C7, 0x4208,
  0x1904, 0x0861, 0x31A6, 0x2125, 0x39C7, 0x39E8, 0x4A49, 0x2965, 0x3166, 0x0861, 0x0000, 0x0000,
  0x0000, 0x0000, 0x0000, 0x0000, 0x0000, 0x0020, 0x0000, 0x0000, 0x0000, 0x0000, 0x0000, 0x0000,
  0x0000, 0x0000, 0x2965, 0x2104, 0x4228, 0x39C7, 0x3186, 0x3186, 0x31A6, 0x2944, 0x2945, 0x2124,
  0x31A6, 0x31A6, 0x2965, 0x31A6, 0x4208, 0x3186, 0x31A6, 0x39E7, 0x1082, 0x0000, 0x0000, 0x0000,
  0x0000, 0x0000, 0x0000, 0x0000, 0x0000, 0x0000, 0x0000, 0x0000, 0x0000, 0x0000, 0x0000, 0x0000,
  0x0000, 0x0000, 0x0000, 0x0000, 0x0000, 0x0000, 0x0000, 0x0000, 0x0000, 0x0000, 0x0000, 0x0000,
  0x0000, 0x0000, 0x0020, 0x0020, 0x0020, 0x0020, 0x0020, 0x0000, 0x2124, 0x31A6, 0x18C3, 0x39C7,
  0x0000, 0x0020, 0x0020, 0x0020, 0x0000, 0x0000, 0x0020, 0x1082, 0x1082, 0x3186, 0x3186, 0x0841,
  0x0020, 0x0000, 0x31A6, 0x738E, 0x8430, 0x52AA, 0x10A2, 0x9492, 0x8410, 0x6B4D, 0x630C, 0x7BEF,
  0x738E, 0x0861, 0x8430, 0x39C7, 0x4208, 0x738E, 0x528A, 0x6B4D, 0x18E3, 0x7BEF, 0x528A, 0x2124,
  0x6B6D, 0x4A69, 0x9492, 0x1903, 0x630C, 0x6B6D, 0x0000, 0x18E3, 0x526B, 0x7BF0, 0x4A69, 0x31A7,
  0x73AE, 0x0862, 0x0821, 0x52AB, 0x6B4E, 0x6B6E, 0x10A3, 0x8431, 0x4229, 0x0000, 0x4229, 0x630C,
  0x6B4D, 0x10A2, 0x6B6D, 0x5AEB, 0x0000, 0x31A7, 0x5ACB, 0x6B6D, 0x2104, 0x528A, 0x6B6D, 0x0000,
  0x2965, 0x630C, 0x8C51, 0x31A6, 0x5ACB, 0x6B4D, 0x632D, 0x738E, 0x7BCF, 0xE73C, 0x6B4D, 0x2945,
  0x632C, 0x5ACB, 0x5AEB, 0x52AB, 0xC639, 0xA514, 0x18C3, 0x7BEF, 0x8C51, 0x6B4D, 0x632D, 0xBDF8,
  0x83F0, 0x0861, 0x5ACB, 0x738E, 0x73AE, 0x4A69, 0x18E3, 0x8431, 0x39C7, 0x0000, 0x52AB, 0x18E3,
  0x6B6E, 0x8451, 0xDEFC, 0x3186, 0x39E7, 0x8410, 0x62EC, 0x62EC, 0x5ACB, 0x5AEB, 0x5AEB, 0x10A2,
  0x5AEC, 0x630C, 0x6B6D, 0x630C, 0x5ACB, 0x7BEF, 0x1082, 0x5ACB, 0x7BF0, 0x6B4D, 0x6B6E, 0x526A,
  0x8430, 0x39C7, 0x4A49, 0x8410, 0x6B6D, 0x94B2, 0x632C, 0x7BEF, 0x3186, 0xAD75, 0xD69A, 0x4A69,
  0x2945, 0xF7BE, 0xFFFF, 0xFFFF, 0xFFFF, 0xDEBB, 0x632D, 0xC658, 0xFFFF, 0xFFFF, 0xFFFF, 0xE71C,
  0x3186, 0x18E4, 0x2104, 0x0000, 0x0020, 0x0000, 0x0000, 0x0000, 0x0020, 0x39C7, 0x31A6, 0x39A7,
  0x2124, 0x1903, 0x41E8, 0x2125, 0x18C3, 0x1062, 0x0841, 0x18C3, 0x3186, 0x2965, 0x2967, 0x2966,
  0x18E3, 0x2104, 0x31A6, 0x0000, 0x0020, 0x0000, 0x0000, 0x0000, 0x0000, 0x0000, 0x0000, 0x0000,
  0x0000, 0x0000, 0x0000, 0x0000, 0x0000, 0x0000, 0x0000, 0x0020, 0x1082, 0x2124, 0x39C7, 0x2945,
  0x18C3, 0x3186, 0x2124, 0x3186, 0x1082, 0x10A2, 0x2104, 0x3186, 0x2124, 0x39E7, 0x2124, 0x2104,
  0x39C7, 0x3186, 0x0000, 0x0020, 0x0000, 0x0000, 0x0000, 0x0000, 0x0000, 0x0000, 0x0000, 0x0000,
  0x0000, 0x0000, 0x0000, 0x0000, 0x0000, 0x0000, 0x0000, 0x0000, 0x0000, 0x0000, 0x0000, 0x0000,
  0x0000, 0x0000, 0x0000, 0x0000, 0x0000, 0x0000, 0x0000, 0x0020, 0x0000, 0x0000, 0x0000, 0x0000,
  0x0000, 0x0861, 0x6B4D, 0x6B4D, 0x632C, 0x738E, 0x4A69, 0x0000, 0x0000, 0x0000, 0x0000, 0x0000,
  0x0000, 0x0000, 0x0000, 0x0000, 0x0000, 0x0000, 0x0020, 0x0000, 0x18C3, 0x528A, 0x2965, 0x4A49,
  0x9CF3, 0x0861, 0x39C7, 0x8410, 0x632C, 0x3186, 0x18C3, 0xAD75, 0x31A6, 0x0000, 0x528A, 0x632C,
  0x39E7, 0x0020, 0x632C, 0x528A, 0x0000, 0x4228, 0x9492, 0x528A, 0x2104, 0x7BCF, 0x630C, 0x0000,
  0x18C3, 0x8430, 0x5ACB, 0x39E7, 0x738E, 0x9CD3, 0x1082, 0x0861, 0x6B4D, 0x630C, 0x39C7, 0x3186,
  0x8C30, 0x9472, 0x4A49, 0x52AB, 0x6B6D, 0x3186, 0x0000, 0x8C72, 0x5AEC, 0x0000, 0x526A, 0x8410,
  0x4A49, 0x0862, 0x6B6E, 0x52AA, 0x0000, 0x0000, 0x1082, 0x5ACB, 0x18C3, 0x526A, 0x738E, 0x4A6A,
  0x4A69, 0x6B6D, 0x7BEF, 0x5ACB, 0x31A6, 0x8410, 0x738E, 0x6B4D, 0x6B6D, 0x9CB3, 0x632C, 0x2124,
  0xAD55, 0x8430, 0x7BEF, 0x5AEB, 0x8410, 0x4A49, 0x0000, 0x7BAF, 0x73AE, 0x9492, 0x83F0, 0x6B4D,
  0x2104, 0x10A2, 0x0000, 0x0020, 0x0000, 0x18C3, 0x8430, 0x5AEB, 0x18C3, 0x4208, 0x8410, 0x52AB,
  0x6B4E, 0x83F0, 0x6B6D, 0x39E7, 0x18E3, 0x7BCF, 0x630C, 0x738E, 0x526A, 0x5AEC, 0x52AA, 0x18E3,
  0x8431, 0x8410, 0x94B3, 0x6B4D, 0x738E, 0x5AEC, 0x0000, 0x6B4D, 0x8410, 0x94B2, 0x7BCF, 0x8451,
  0x5AEB, 0x18C3, 0x3186, 0x52AA, 0x632D, 0x5ACB, 0x83F0, 0x6B2D, 0xF79D, 0xFFFF, 0x9D14, 0x3186,
  0xDEDB, 0xFFFF, 0x6B6D, 0xC638, 0xFFFF, 0xD69A, 0x4228, 0xBDF7, 0xC638, 0x2945, 0x0000, 0x0020,
  0x0000, 0x0000, 0x0020, 0x39C7, 0x18E3, 0x3186, 0x31A6, 0x10A2, 0x10A3, 0x0841, 0x2925, 0x1062,
  0x4A4A, 0x18E4, 0x18C3, 0x2965, 0x2966, 0x3186, 0x2124, 0x3987, 0x18C3, 0x0000, 0x0020, 0x0000,
  0x0000, 0x0000, 0x0000, 0x0000, 0x0000, 0x0000, 0x0000, 0x0000, 0x0000, 0x0000, 0x0000, 0x0000,
  0x0000, 0x0841, 0x39E7, 0x3186, 0x3186, 0x2124, 0x18E3, 0x3186, 0x18E3, 0x18C3, 0x39C7, 0x2124,
  0x4228, 0x0841, 0x31A6, 0x2965, 0x2965, 0x3186, 0x3186, 0x0020, 0x0000, 0x0000, 0x0000, 0x0000,
  0x0000, 0x0000, 0x0000, 0x0000, 0x0000, 0x0000, 0x0000, 0x0000, 0x0000, 0x0000, 0x0000, 0x0000,
  0x0000, 0x0000, 0x0000, 0x0000, 0x0000, 0x0000, 0x0000, 0x0000, 0x0000, 0x0000, 0x0000, 0x0020,
  0x0020, 0x0000, 0x4228, 0x9CD3, 0x8C51, 0x2945, 0x6B4D, 0xB596, 0x8430, 0x3186, 0xD69A, 0xC618,
  0x7BEF, 0x632C, 0x2965, 0x52AA, 0x0861, 0x0000, 0x0000, 0x0020, 0x0000, 0x0020, 0x0020, 0x0000,
  0x0000, 0x0020, 0x0000, 0x10A2, 0x2965, 0x7BCF, 0x9CD3, 0x4A29, 0x39E7, 0xBDD7, 0x18E3, 0x31A6,
  0x39C7, 0x9CF3, 0x2945, 0x39E7, 0xAD55, 0x630C, 0x4A49, 0x4A49, 0x9CD3, 0x0841, 0x4208, 0x632C,
  0x9CD3, 0x4228, 0x39E7, 0xAD75, 0x31A6, 0x39E7, 0x3186, 0x8C31, 0x10A3, 0x4208, 0x9CD3, 0x7BCF,
  0x52AA, 0x31A7, 0xA535, 0x0021, 0x632C, 0xBDD7, 0x9492, 0x7BEF, 0xCE59, 0xD6BA, 0x3186, 0x4A69,
  0x9CF3, 0x9CF4, 0x18C3, 0x8430, 0xC618, 0x6B6E, 0x31A6, 0x2124, 0x9CF3, 0x1062, 0x4A49, 0x2945,
  0x6B4D, 0x2124, 0x738E, 0xDEDB, 0x39E8, 0xA4F4, 0x9CD3, 0xAD75, 0x2104, 0x6B6E, 0xC618, 0x8C51,
  0x9492, 0xB5B6, 0xB5B6, 0x31A7, 0x5AEB, 0x9CF3, 0xB5B6, 0x630C, 0xCE79, 0xC639, 0x632C, 0x4208,
  0x9492, 0xBDF8, 0x39C7, 0x9CF3, 0x630C, 0xC5F8, 0x31A7, 0x2945, 0x39E7, 0x18C3, 0x5ACB, 0x39C7,
  0xD69A, 0x39C7, 0x8430, 0xDEFB, 0x5ACB, 0x73AE, 0x39C7, 0x9492, 0x4209, 0x528A, 0x632C, 0xA514,
  0x6B6D, 0x6B6E, 0x738F, 0x4229, 0x31C7, 0x2966, 0xBDD7, 0x52AB, 0xAD35, 0x738E, 0x9472, 0x3186,
  0x2966, 0x8410, 0x4208, 0xB596, 0x5AAB, 0xB5B6, 0x2965, 0x8C51, 0xCE59, 0xA535, 0xD699, 0xBDD7,
  0xCE3A, 0xAD35, 0xF79E, 0xFFDF, 0xA514, 0xC618, 0xFFFF, 0xF7BE, 0x9492, 0xDEDB, 0xFFFF, 0xDEDB,
  0xA4F3, 0xFFFF, 0xFFFF, 0x62EC, 0x0000, 0x0020, 0x0000, 0x0000, 0x0020, 0x2965, 0x2124, 0x2945,
  0x2945, 0x2104, 0x18E3, 0x10A3, 0x39E8, 0x2925, 0x2946, 0x1082, 0x4228, 0x39E7, 0x2125, 0x2945,
  0x3186, 0x3166, 0x3186, 0x0000, 0x0000, 0x0000, 0x0000, 0x0000, 0x0000, 0x0000, 0x0020, 0x0020,
  0x0000, 0x0000, 0x0000, 0x0000, 0x0000, 0x0020, 0x0000, 0x18E3, 0x39C7, 0x3186, 0x39C7, 0x2124,
  0x39C7, 0x3186, 0x2124, 0x2945, 0x2945, 0x4208, 0x10A2, 0x3186, 0x39C7, 0x3186, 0x2124, 0x3186,
  0x31A6, 0x18C3, 0x0000, 0x0020, 0x0000, 0x0000, 0x0000, 0x0000, 0x0000, 0x0000, 0x0000, 0x0000,
  0x0000, 0x0000, 0x0000, 0x0000, 0x0000, 0x0000, 0x0000, 0x0000, 0x0000, 0x0000, 0x0000, 0x0000,
  0x0000, 0x0000, 0x0020, 0x0000, 0x0020, 0x0000, 0x0020, 0x39E7, 0xDEFB, 0xFFFF, 0x738E, 0x18C3,
  0xFFFF, 0xDEFB, 0x73AE, 0xBDF7, 0xFFFF, 0xB5B6, 0x0000, 0xCE59, 0xCE59, 0x7BEF, 0x9CD3, 0x0020,
  0x0000, 0x0000, 0x0000, 0x0000, 0x0000, 0x0000, 0x0020, 0x0020, 0x0841, 0x18E3, 0x8410, 0x94B2,
  0x738E, 0x9492, 0xAD55, 0x6B4D, 0x0861, 0x5AEB, 0x9492, 0x5AEB, 0x9492, 0x7BEF, 0x8430, 0x18C3,
  0x39C7, 0xB596, 0x73AE, 0x9CF3, 0x6B4D, 0xAD55, 0x2945, 0x2965, 0x9CD3, 0x738E, 0x9CF3, 0x73AF,
  0xAD55, 0x39C8, 0x2104, 0x8C51, 0x73AE, 0x73AF, 0xF79E, 0xC618, 0x4A8A, 0x2945, 0xFFDF, 0xCE59,
  0x52CB, 0xCE79, 0xFFFF, 0x8410, 0x1082, 0xBDF7, 0xFFFF, 0x4A49, 0xAD55, 0xFFFF, 0xB5B6, 0x0862,
  0x3186, 0x9CF3, 0x7C10, 0xAD76, 0x738E, 0xB596, 0x31A6, 0x7BCF, 0xFFFF, 0x7BF0, 0x8410, 0xF7BE,
  0xFFFF, 0x5ACB, 0x2925, 0xFFFF, 0xC618, 0x7BAF, 0xDEDB, 0xFFFF, 0x8430, 0x1082, 0xDEFC, 0xF7BF,
  0x52AA, 0xCE7A, 0xFFFF, 0x9CD3, 0x0000, 0xA514, 0xFFFF, 0x6B6E, 0x9CD3, 0x738E, 0xAD55, 0x39E7,
  0x2104, 0x9CD3, 0x73AE, 0x8451, 0x630D, 0x94B2, 0x4228, 0x4A49, 0xFFFF, 0x9CD3, 0x8C51, 0x7BAF,
  0xA514, 0x6B2D, 0x1062, 0x632C, 0xA534, 0x9472, 0x94B3, 0x9492, 0x9CD3, 0x18C3, 0x31A7, 0x9CF4,
  0x73AF, 0x9CD3, 0x7BEF, 0xAD55, 0x2945, 0x31A6, 0xA534, 0x5ACB, 0x9CD3, 0x5ACB, 0x9CF4, 0x4208,
  0x5AAB, 0xFFFF, 0xFFFF, 0xFFFF, 0xFFFF, 0xFFFF, 0xF7BE, 0x73AE, 0xE71C, 0xF79F, 0xF79F, 0xFFFF,
  0xFFFF, 0xFFFF, 0xFFFF, 0xFFFF, 0xFFFF, 0xFFFF, 0xFFFF, 0xFFDF, 0xFFFF, 0xDEDB, 0x5ACB, 0x0000,
  0x0020, 0x0020, 0x0000, 0x18E3, 0x39C7, 0x2945, 0x2124, 0x2945, 0x39C7, 0x3166, 0x2945, 0x2124,
  0x18C3, 0x31A6, 0x18C3, 0x18E3, 0x18C3, 0x2125, 0x39E7, 0x2945, 0x2124, 0x0000, 0x0020, 0x0000,
  0x0000, 0x0000, 0x0000, 0x0000, 0x0000, 0x0000, 0x0000, 0x0000, 0x0000, 0x0000, 0x0000, 0x0020,
  0x0000, 0x18E3, 0x2945, 0x3186, 0x18E3, 0x2945, 0x3186, 0x3186, 0x10A2, 0x2965, 0x0861, 0x2104,
  0x2945, 0x31A6, 0x2124, 0x2124, 0x31A6, 0x2945, 0x31A6, 0x18C3, 0x0000, 0x0020, 0x0000, 0x0000,
  0x0000, 0x0000, 0x0000, 0x0000, 0x0000, 0x0000, 0x0000, 0x0000, 0x0000, 0x0000, 0x0000, 0x0000,
  0x0000, 0x0000, 0x0000, 0x0000, 0x0000, 0x0000, 0x0000, 0x0020, 0x0000, 0x0020, 0x0000, 0x52AA,
  0xCE79, 0xDEFB, 0xFFFF, 0x94B2, 0x10A2, 0xA534, 0xD6BA, 0x5AEB, 0xD69A, 0xFFFF, 0x8430, 0x2945,
  0x73AE, 0xE73C, 0x8430, 0x9CD3, 0x8C51, 0x73AF, 0x0000, 0x0841, 0x0000, 0x0000, 0x0000, 0x0000,
  0x0000, 0x0000, 0x4208, 0xB5B6, 0x738E, 0x8C71, 0x9492, 0x9CF3, 0x6B6D, 0x31A6, 0xC618, 0x8C71,
  0x6B4D, 0x6B6D, 0x7BEF, 0x9CF3, 0x2104, 0x8430, 0xBDD7, 0x738E, 0x94B2, 0x738E, 0x8C71, 0x39E7,
  0x630C, 0xBDF7, 0x7BEF, 0xA534, 0x7BCF, 0x8C51, 0x39C7, 0x39E8, 0xC618, 0x8C31, 0x8430, 0xEF7D,
  0xF77E, 0x5ACB, 0x3166, 0xAD75, 0xAD55, 0x52AA, 0xD6BA, 0xFFFF, 0x738E, 0x10A2, 0x9CD4, 0xD67A,
  0x52AB, 0xAD55, 0xFFFF, 0xAD55, 0x18E3, 0x6B6D, 0xBDD7, 0x73AE, 0x9CD3, 0x6B6D, 0x9CD3, 0x52AB,
  0x0000, 0x632C, 0xA534, 0x9472, 0xFFDF, 0xEF7D, 0x39C7, 0x1082, 0xAD55, 0xB5B6, 0x6B4E, 0xDEFC,
  0xFFFF, 0x5AEB, 0x10A2, 0x9CF3, 0xB5B7, 0x738E, 0x9CD3, 0xAD35, 0xAD55, 0x18E3, 0x73CF, 0xD69A,
  0x632C, 0x7BAF, 0x738E, 0xA534, 0x4208, 0x0000, 0x5AAB, 0x8430, 0x8C31, 0x6B2C, 0x7BCF, 0x4A49,
  0x2124, 0xC658, 0xBDD7, 0x8C31, 0x8C51, 0x8430, 0x5AEB, 0x1904, 0x94B3, 0xAD75, 0x8430, 0x9492,
  0x9CD3, 0x7BEF, 0x18E3, 0x83F0, 0xAD56, 0x6B4D, 0xA4F4, 0x8430, 0xA534, 0x2965, 0x6B4D, 0xBDF8,
  0x5ACB, 0x6B6E, 0x7BEF, 0xA535, 0x5269, 0x3166, 0xAD35, 0xEF7E, 0xFFFF, 0xFFDF, 0xFFFF, 0xEF5D,
  0x738E, 0x9492, 0xEF3D, 0xF79F, 0xD67B, 0xF79E, 0xFFFF, 0xFFFF, 0xEF7D, 0xFFDF, 0xFFFF, 0xFFFF,
  0xFFFF, 0xFFFF, 0xFFFF, 0xFFDF, 0x630C, 0x0000, 0x0020, 0x0000, 0x0000, 0x0861, 0x39E7, 0x31A6,
  0x31A6, 0x2965, 0x39C7, 0x2945, 0x3166, 0x2945, 0x20E3, 0x2945, 0x18C3, 0x1082, 0x10A2, 0x2946,
  0x2104, 0x39E7, 0x2104, 0x0841, 0x0000, 0x0000, 0x0000, 0x0000, 0x0000, 0x0000, 0x0000, 0x0000,
  0x0000, 0x0000, 0x0000, 0x0000, 0x0000, 0x0020, 0x0000, 0x2945, 0x3186, 0x2104, 0x2965, 0x31A6,
  0x39C7, 0x0861, 0x39E7, 0x10A2, 0x39E7, 0x31A6, 0x2945, 0x3186, 0x39C7, 0x39C7, 0x2965, 0x2104,
  0x2945, 0x0000, 0x0020, 0x0000, 0x0000, 0x0000, 0x0000, 0x0000, 0x0000, 0x0000, 0x0000, 0x0000,
  0x0000, 0x0000, 0x0000, 0x0000, 0x0020, 0x0020, 0x0000, 0x0000, 0x0020, 0x0020, 0x0020, 0x0020,
  0x0020, 0x0000, 0x2104, 0x0020, 0x2965, 0xE71C, 0xFFFF, 0xFFFF, 0xF7BE, 0x6B4D, 0x7BEF, 0x6B6D,
  0x5AEB, 0xE71C, 0xFFFF, 0x9CF3, 0x0861, 0x7BCF, 0x9CD3, 0x5AEB, 0xA514, 0x8430, 0xA534, 0x2945,
  0x528A, 0x738E, 0x0000, 0x0020, 0x0000, 0x0000, 0x0841, 0x31A7, 0x632D, 0x3186, 0x6B6D, 0x9492,
  0x94B2, 0x7BEF, 0x3186, 0xA514, 0x4208, 0x73AE, 0x9492, 0x73AE, 0x94B2, 0x10A2, 0x73AE, 0x632C,
  0x630C, 0x9CF3, 0x8410, 0xA514, 0x18E3, 0x4208, 0x94B2, 0x4208, 0xAD75, 0x8C71, 0x9CD3, 0x2966,
  0x31A6, 0x8411, 0x4A49, 0x8431, 0xE73C, 0xDEDB, 0x5AAB, 0x2125, 0x9492, 0x4A49, 0x52AA, 0xCE79,
  0xFFFF, 0x94B3, 0x18E3, 0x9CF4, 0x738E, 0x5AAB, 0xC618, 0xFFFF, 0xC618, 0x10A2, 0x6B6D, 0x7BEF,
  0x4A49, 0x9492, 0x8410, 0x9471, 0x2104, 0x0000, 0x1082, 0x3186, 0x73AF, 0xFFDF, 0xF7BE, 0x4A49,
  0x2966, 0x7BF0, 0x5ACB, 0x630C, 0xDEDB, 0xFFFF, 0x6B4D, 0x18C3, 0x7BCF, 0x630C, 0x52AA, 0x94B3,
  0x8410, 0x9CD3, 0x18E3, 0x8431, 0x8C71, 0x5AEB, 0xA514, 0x738E, 0x9CF3, 0x2965, 0x52AA, 0x7BEF,
  0x2124, 0xAD55, 0x526A, 0x0000, 0x1082, 0x2945, 0xA535, 0x632D, 0x8430, 0x8C71, 0xAD34, 0x6B4D,
  0x2104, 0x8C30, 0x6B4D, 0x738E, 0x9CF3, 0x8C51, 0x8C72, 0x2104, 0x738E, 0x7BAF, 0x5ACB, 0x9CF3,
  0x8C51, 0xA534, 0x2104, 0x738E, 0x9CD4, 0x630C, 0xB596, 0x6B6D, 0xA534, 0x4A49, 0x3186, 0x9CD3,
  0x94B3, 0xFFFF, 0xFFDF, 0xFFFF, 0xCE39, 0x528A, 0x9491, 0x8431, 0xDEDC, 0xEF3D, 0xDEBB, 0x630C,
  0x7C10, 0xE71C, 0x5AEB, 0xC618, 0xFFFF, 0xFFFF, 0xFFFF, 0xFFFF, 0xEF7E, 0x5AEC, 0x18E3, 0x0020,
  0x0000, 0x0020, 0x0000, 0x0020, 0x0020, 0x2104, 0x2986, 0x2104, 0x2945, 0x3186, 0x18E3, 0x2124,
  0x3186, 0x2965, 0x39E7, 0x39A7, 0x3186, 0x4A49, 0x2925, 0x2124, 0x3186, 0x18C3, 0x0000, 0x0000,
  0x0000, 0x0000, 0x0000, 0x0000, 0x0000, 0x0000, 0x0000, 0x0000, 0x0000, 0x0000, 0x0000, 0x0000,
  0x0000, 0x3186, 0x2945, 0x39C7, 0x39C7, 0x2945, 0x2945, 0x3186, 0x31A6, 0x2945, 0x4228, 0x2945,
  0x1082, 0x2965, 0x2104, 0x31A6, 0x3186, 0x39E7, 0x2965, 0x0000, 0x0020, 0x0000, 0x0000, 0x0020,
  0x0020, 0x0000, 0x0000, 0x0000, 0x0000, 0x0000, 0x0000, 0x0000, 0x0000, 0x0020, 0x0000, 0x0000,
  0x0020, 0x0020, 0x0000, 0x0000, 0x0000, 0x0000, 0x0000, 0x4A49, 0xA534, 0x73AE, 0xBDD7, 0xF7BE,
  0xFFFF, 0xDEFB, 0x9492, 0x9492, 0x8410, 0x94B2, 0xE71C, 0xFFFF, 0x8410, 0x1082, 0x8410, 0xAD55,
  0x8C71, 0xAD75, 0x8410, 0xAD55, 0x2124, 0x5ACB, 0xAD55, 0x1082, 0x0000, 0x0000, 0x0020, 0x0000,
  0x2965, 0x9CD3, 0x0021, 0x2104, 0x7BEF, 0x9492, 0x8430, 0x0861, 0x9CF3, 0x39E7, 0x0861, 0x8410,
  0x7BCF, 0x9492, 0x18C3, 0x0020, 0x10A2, 0x0861, 0x8C71, 0x7BEF, 0x6B6D, 0x18E3, 0x0000, 0x2965,
  0x31A6, 0x7BCF, 0xFFFF, 0xD6BA, 0x2104, 0x4A49, 0x9492, 0x6B4D, 0xB5B6, 0xF79E, 0xEF7D, 0x4208,
  0x31A6, 0x9CD3, 0x7C10, 0xA534, 0xEF5D, 0xCE59, 0x6B4D, 0x2965, 0x9CF3, 0x8C51, 0x9CF3, 0xD6BB,
  0xFFFF, 0x8C51, 0x1082, 0x8410, 0x8C71, 0x73AE, 0xCE59, 0x7BF0, 0x738E, 0x2104, 0x0000, 0x0000,
  0x39C7, 0xCE79, 0xEF7E, 0xE73D, 0x39E7, 0x2945, 0x9492, 0x6B4D, 0x9CF3, 0x9CF3, 0xA4F4, 0x6B6E,
  0x2945, 0xB596, 0x5ACB, 0x9CD3, 0xB596, 0x73AF, 0xA534, 0x2124, 0x83F0, 0x9492, 0x9492, 0xB596,
  0x630C, 0x9CD3, 0x3186, 0x4A6A, 0xAD75, 0x39E7, 0x73AE, 0x6B4D, 0x0000, 0x0000, 0x3185, 0x9CB3,
  0x738F, 0x9CF4, 0x8C72, 0x94B2, 0x528A, 0x2124, 0x9CD3, 0x73AE, 0x94B2, 0xAD55, 0x9472, 0x9472,
  0x2124, 0xAD55, 0x9CD3, 0x9492, 0xA534, 0x6B6D, 0xB596, 0x3186, 0x6B6D, 0xA514, 0x8C71, 0xB576,
  0x6B4E, 0xA534, 0x4A49, 0x39E7, 0xA514, 0x9472, 0xBE18, 0xFFFF, 0xFFFF, 0xCE79, 0x630C, 0x94B2,
  0x8C71, 0x7BCF, 0xCE3A, 0xAD56, 0x8C51, 0x2945, 0x0862, 0x2966, 0x8C51, 0xDEFC, 0xFFFF, 0xFFDF,
  0xFFFF, 0xEF5D, 0x736D, 0xAD55, 0xF79E, 0x6B6D, 0x0861, 0x0000, 0x0020, 0x0000, 0x0000, 0x18E4,
  0x3187, 0x2986, 0x18C3, 0x20E3, 0x1082, 0x3186, 0x3166, 0x31A6, 0x4229, 0x20E4, 0x18C3, 0x3186,
  0x2104, 0x2124, 0x4A69, 0x3186, 0x0000, 0x0020, 0x0000, 0x0000, 0x0000, 0x0000, 0x0000, 0x0000,
  0x0000, 0x0000, 0x0000, 0x0000, 0x0000, 0x0020, 0x0000, 0x31A6, 0x10A2, 0x39E7, 0x18E3, 0x39C7,
  0x18E3, 0x3186, 0x39C7, 0x3186, 0x3186, 0x2965, 0x31A6, 0x3186, 0x39C7, 0x2104, 0x3186, 0x39E7,
  0x18C3, 0x0000, 0x0020, 0x0000, 0x0000, 0x0000, 0x0000, 0x0020, 0x0020, 0x0000, 0x0000, 0x0000,
  0x0000, 0x0000, 0x0020, 0x0000, 0x2965, 0x41E8, 0x0000, 0x0000, 0x2945, 0x5AEB, 0x4A49, 0x39E7,
  0x4A49, 0xAD55, 0x9492, 0xA534, 0x8410, 0xEF7D, 0xD6BA, 0x738E, 0x8430, 0x9CF3, 0x9CF3, 0x94B2,
  0xFFDF, 0x8410, 0x18C3, 0x6B6D, 0x7BCF, 0x8C51, 0x9492, 0x73AE, 0xA514, 0x2965, 0x632C, 0x6B6D,
  0x0000, 0x10A2, 0x632C, 0x2945, 0x0000, 0x0020, 0x0020, 0x0020, 0x0000, 0x2104, 0x94B2, 0x8C71,
  0x0861, 0x0020, 0x0841, 0x0000, 0x1082, 0x73AE, 0x9492, 0x1082, 0x0000, 0x0020, 0x0000, 0x0000,
  0x630C, 0xAD55, 0x0861, 0x0000, 0x2104, 0x8430, 0x8C51, 0xC638, 0xD69A, 0x3186, 0x5ACB, 0x8C72,
  0x73AE, 0x7BEF, 0x9CF3, 0xDEFB, 0x5AEC, 0x4229, 0xA534, 0x7BCF, 0x738E, 0x6B6D, 0xCE79, 0x9CD3,
  0x2104, 0x8C51, 0x94B2, 0x9CF3, 0x8410, 0xDEFC, 0x9CD3, 0x0862, 0x83EF, 0x94B2, 0x8C71, 0x8410,
  0xDEDB, 0xC638, 0x20E4, 0x0000, 0x0840, 0x0000, 0x10A2, 0xBDF7, 0xEF5D, 0x39C7, 0x39E7, 0x736E,
  0x630C, 0x73AF, 0x7BCF, 0x9CD3, 0x738F, 0x2924, 0xBDF7, 0x4A29, 0x1062, 0x0841, 0x10A3, 0x8410,
  0x2965, 0x8C71, 0x9492, 0x94B2, 0x8C51, 0x7BCF, 0xB596, 0x3186, 0x6B6E, 0x9CD3, 0x8431, 0x5AEC,
  0x0020, 0x0020, 0x0000, 0x4208, 0x8410, 0x8410, 0x9472, 0x6B4D, 0x94B2, 0x528A, 0x4208, 0x73AE,
  0x73AF, 0x6B4D, 0x6B6D, 0x8410, 0x8410, 0x18A3, 0x9CD3, 0x52CB, 0x4A69, 0x9472, 0x7BEF, 0x9CD3,
  0x3186, 0x7BCF, 0xA514, 0x94B2, 0x94B2, 0x7BEF, 0xB5B7, 0x4208, 0x4228, 0x9492, 0x8C51, 0x8C31,
  0x8410, 0xCE39, 0x94B2, 0x6B4D, 0x8C50, 0x9492, 0x8C51, 0x73AF, 0x8C51, 0x94B3, 0x39C7, 0x8C31,
  0x8C51, 0x52AA, 0x39A7, 0xD69A, 0xFFFF, 0xF7BE, 0xDEFC, 0x7BCF, 0x9CD3, 0xFFFF, 0xFFFF, 0xFFFF,
  0x9CD3, 0x1082, 0x0000, 0x0020, 0x0000, 0x18C3, 0x2124, 0x31A7, 0x3187, 0x4A49, 0x3146, 0x3167,
  0x2105, 0x2946, 0x3166, 0x0862, 0x10A3, 0x18C3, 0x20E3, 0x2945, 0x2124, 0x3166, 0x0020, 0x0000,
  0x0000, 0x0000, 0x0000, 0x0000, 0x0000, 0x0000, 0x0000, 0x0000, 0x0000, 0x0000, 0x0020, 0x0000,
  0x10A2, 0x39C7, 0x3186, 0x31A6, 0x3186, 0x2965, 0x18E3, 0x39C7, 0x2965, 0x3186, 0x2124, 0x3186,
  0x3186, 0x2104, 0x31A6, 0x18E3, 0x3186, 0x31A6, 0x18C3, 0x0000, 0x0000, 0x0020, 0x0000, 0x5ACB,
  0x3186, 0x0000, 0x0000, 0x0020, 0x0020, 0x0000, 0x0000, 0x0020, 0x0000, 0x5ACB, 0xE71C, 0x8C51,
  0x6B6D, 0x73AE, 0x8C71, 0xA555, 0xFFFF, 0xFFDF, 0xB596, 0x7BEF, 0x9492, 0x6B6D, 0xA514, 0xBDD7,
  0x6B6D, 0x738E, 0x8430, 0x9492, 0x8C51, 0xAD55, 0x6B6D, 0x0000, 0x630C, 0x6B6D, 0x73AE, 0x94B2,
  0x9492, 0x9CD3, 0x18E3, 0x630C, 0x73AE, 0x0000, 0x18C3, 0x6B6D, 0x9CD3, 0x4228, 0x0000, 0x0000,
  0x0020, 0x0020, 0x0000, 0x2945, 0x5AEB, 0x0000, 0x0000, 0x0000, 0x0000, 0x0000, 0x10A2, 0x52AA,
  0x0841, 0x0000, 0x0020, 0x0000, 0x3186, 0x2124, 0x6B4D, 0x10A2, 0x0000, 0x0000, 0x2104, 0x94B2,
  0x83F0, 0x9472, 0x20E4, 0x4A69, 0x8C51, 0x6B2D, 0x8C51, 0x630C, 0x8430, 0x5AEB, 0x39E7, 0xA534,
  0x8430, 0x73AE, 0x632C, 0x9CD3, 0x52AB, 0x31A6, 0x7BCF, 0x94B2, 0x8C71, 0x7BCF, 0x94B2, 0x6B4D,
  0x0000, 0x52AA, 0x8C51, 0x7BEF, 0x7BCF, 0x8430, 0x9492, 0x1082, 0x0000, 0x0020, 0x0000, 0x18E3,
  0x8430, 0x9CD3, 0x39C7, 0x2124, 0x8C71, 0x5AEB, 0x94D2, 0x738E, 0xA535, 0x738E, 0x2124, 0xA534,
  0x4208, 0x0000, 0x0021, 0x0000, 0x0000, 0x1082, 0x7BEF, 0x94B2, 0x9492, 0x8410, 0x94B3, 0x8431,
  0x0861, 0x4208, 0x8C51, 0x8410, 0x9CD4, 0x5AEC, 0x0000, 0x0000, 0x0000, 0x5AEC, 0x630C, 0x8430,
  0x8C51, 0xA4F4, 0x630C, 0x2124, 0xA514, 0x738D, 0x9492, 0x7BCF, 0x8C51, 0x83F0, 0x2945, 0x94B3,
  0x528A, 0x0000, 0x2945, 0x9472, 0x9492, 0x2124, 0x6B2D, 0xA534, 0x7BEF, 0x8C51, 0x8C72, 0x9CF4,
  0x2104, 0x3186, 0x8410, 0x83F0, 0x9492, 0x738E, 0x9492, 0x4228, 0x10A3, 0x94B3, 0x8C51, 0x8C71,
  0x83F0, 0x9493, 0x6B8E, 0x4228, 0xA534, 0x6B4D, 0x7BF0, 0x6B4D, 0x9CD4, 0xDEFC, 0xFFFF, 0xE71C,
  0x73AE, 0xB596, 0xFFFF, 0x9CF3, 0xB5B6, 0xFFFF, 0xFFFF, 0x39C7, 0x0000, 0x0020, 0x0000, 0x0000,
  0x4208, 0x2945, 0x41E9, 0x4209, 0x3186, 0x1883, 0x18C4, 0x1083, 0x3186, 0x3186, 0x31A6, 0x10A2,
  0x3166, 0x31A6, 0x2124, 0x3186, 0x18E3, 0x0020, 0x0000, 0x0000, 0x0000, 0x0000, 0x0000, 0x0000,
  0x0000, 0x0000, 0x0000, 0x0000, 0x0020, 0x0000, 0x18C3, 0x3186, 0x2945, 0x2965, 0x18E3, 0x3186,
  0x3186, 0x2965, 0x2104, 0x39E7, 0x18E3, 0x2104, 0x2104, 0x10A2, 0x2124, 0x31A6, 0x2965, 0x39E7,
  0x2965, 0x0000, 0x0020, 0x0020, 0x0000, 0xB596, 0xAD75, 0x4A69, 0x39E7, 0x0000, 0x0000, 0x0020,
  0x0020, 0x0020, 0x2104, 0xDEFB, 0xFFFF, 0x7BCF, 0xFFFF, 0xFFFF, 0xA534, 0x7BEF, 0xFFFF, 0xFFFF,
  0x8430, 0xC618, 0x8C51, 0xC617, 0x8430, 0xA514, 0xA514, 0x9CF3, 0xA514, 0x9CD3, 0xCE59, 0x39E7,
  0x2124, 0x8410, 0x8C71, 0x39C7, 0x73AE, 0x73AE, 0x8C71, 0x2124, 0x2124, 0xBDD7, 0x2945, 0x2144,
  0x39E8, 0x8430, 0x18C3, 0x2104, 0x39C7, 0x2104, 0x0000, 0x0000, 0x18E3, 0x1082, 0x2965, 0x2104,
  0x2965, 0x3186, 0x2104, 0x31A6, 0x10A2, 0x2104, 0x10A2, 0x2945, 0x2104, 0x4228, 0xCE59, 0x6B6D,
  0x2124, 0x1082, 0x2965, 0x0000, 0x39E7, 0x9CB3, 0xB596, 0x10A3, 0x62EC, 0xE71B, 0x3186, 0x8C72,
  0x7BEF, 0xBDD7, 0x1082, 0x4A49, 0xB5B6, 0x6B2C, 0x9CD3, 0x632D, 0xAD55, 0x2965, 0x4A49, 0x9CF3,
  0xA534, 0x6B8E, 0x9CD3, 0xC639, 0x4228, 0x2104, 0x738F, 0xAD54, 0x39C7, 0xCE59, 0x9CF3, 0x8410,
  0x10A2, 0x4A49, 0x528A, 0x0841, 0x2966, 0x528A, 0xD6BA, 0x18C3, 0x4208, 0xCE59, 0x39C7, 0x8430,
  0x18E4, 0xA514, 0x18E3, 0x39C7, 0xAD75, 0x8C51, 0x18E3, 0x2945, 0x0000, 0x0841, 0x2945, 0x2124,
  0xBDF8, 0x6B6D, 0x8C72, 0x8431, 0x7BAF, 0x2124, 0x10A2, 0x9CF3, 0x39E7, 0xCE59, 0x2945, 0x5AEC,
  0x3186, 0x2945, 0x0000, 0x0000, 0xA514, 0x39C7, 0xDEDB, 0x3186, 0x18C3, 0x8410, 0x52AA, 0x5ACC,
  0x31A7, 0x9492, 0x31A7, 0x2104, 0x630C, 0xBDF7, 0x18C3, 0x2945, 0x738E, 0x39C7, 0x10A2, 0x10C3,
  0xC638, 0x630C, 0xAD76, 0x630C, 0x94B3, 0x18E3, 0x0020, 0x8C71, 0x31A6, 0xB576, 0x4A49, 0x8430,
  0x2966, 0x18C3, 0x630C, 0x4209, 0x8C72, 0x4208, 0xAD96, 0x4A69, 0x2124, 0x73AE, 0x8C51, 0x4A69,
  0x4A49, 0x630C, 0xCE39, 0xC618, 0xFFFF, 0xCE79, 0x7BCF, 0xFFFF, 0xFFDF, 0x7BEF, 0x9CF4, 0xFFFF,
  0xFFFF, 0x31A6, 0x0000, 0x0000, 0x31A7, 0x39C8, 0x2945, 0x526A, 0x2946, 0x2124, 0x18E3, 0x2906,
  0x39A8, 0x1082, 0x3186, 0x39C7, 0x2124, 0x39C7, 0x3166, 0x3186, 0x2965, 0x3186, 0x31A6, 0x0841,
  0x0000, 0x0000, 0x0000, 0x0000, 0x0000, 0x0000, 0x0000, 0x0000, 0x0000, 0x0000, 0x0020, 0x0000,
  0x2104, 0x3186, 0x18E3, 0x4208, 0x31A6, 0x3186, 0x3186, 0x2965, 0x31A6, 0x2965, 0x2965, 0x2104,
  0x2124, 0x39C7, 0x2124, 0x1082, 0x31A6, 0x3186, 0x0841, 0x0000, 0x0000, 0x0020, 0x0000, 0xB596,
  0x94B2, 0xE71C, 0xFFDF, 0x9492, 0x52AA, 0x0000, 0x0000, 0x0000, 0x8410, 0xFFFF, 0xFFDF, 0xFFFF,
  0xFFFF, 0xFFDF, 0xFFFF, 0xFFFF, 0xFFFF, 0xFFFF, 0xFFFF, 0xFFFF, 0xFFFF, 0xE71C, 0x528A, 0xF79E,
  0xFFFF, 0xFFFF, 0xFFFF, 0xFFFF, 0x8C51, 0x0020, 0xF7BE, 0xE73C, 0x632C, 0x9CD3, 0x6B6D, 0x9492,
  0x2104, 0x4208, 0xA514, 0x632C, 0xA534, 0x6B8E, 0x9CF4, 0x2945, 0x18C3, 0x8C51, 0x7BEF, 0x7BCF,
  0x3186, 0x9CD3, 0x4208, 0x0861, 0x630C, 0x8C71, 0x632C, 0x738E, 0x9492, 0x738E, 0x10A2, 0xCE59,
  0xAD75, 0x4208, 0xA534, 0xFFFF, 0xAD55, 0x1082, 0xBDD7, 0x31A6, 0x5ACB, 0xA535, 0x9CD3, 0xEF7D,
  0x2945, 0x8412, 0xFFFF, 0x8450, 0xAD55, 0xF79E, 0xFFFF, 0x4249, 0x4208, 0xFFFF, 0xAD36, 0x6B4E,
  0xEF5D, 0xFFFF, 0x9CD3, 0x18C3, 0xDEFB, 0xD6BA, 0x738E, 0xBDD7, 0xFFFF, 0x9472, 0x0862, 0xBDF8,
  0xFFFF, 0x7BCF, 0x8C51, 0x9492, 0xD69A, 0x10A2, 0x9CF3, 0xFFFF, 0x9492, 0x9492, 0x630C, 0x2105,
  0x31A7, 0x632C, 0xFFFF, 0x9CD3, 0x9CF4, 0x7BCF, 0xA514, 0x52AB, 0x0020, 0x8410, 0xC5F8, 0x738E,
  0x8431, 0x18E4, 0x0000, 0x0020, 0x3A08, 0x8C31, 0x7BEF, 0x8C71, 0x7BEF, 0x8C72, 0x18C3, 0x4228,
  0xA534, 0x73AE, 0x8C71, 0x73AE, 0x738E, 0x0000, 0x39C7, 0x2945, 0x0000, 0x8430, 0x73AF, 0x9CF3,
  0x632D, 0x18C3, 0x8C51, 0x7BEF, 0x9472, 0x8410, 0xA514, 0x7BCF, 0x0821, 0x630C, 0x9492, 0x6B4D,
  0x7BCF, 0x8C51, 0x8C72, 0x0021, 0x2945, 0x9CD3, 0x73AE, 0x8C51, 0x736E, 0x9CD4, 0x2925, 0x2966,
  0xA514, 0x73AE, 0x8410, 0x5ACB, 0x1062, 0x0000, 0x18C3, 0x73AE, 0x8C71, 0x4208, 0x7BCF, 0x9CF4,
  0x6B4D, 0x10A2, 0x73AE, 0x9492, 0x8410, 0x8C71, 0x8431, 0x7BF0, 0x4A49, 0xBDF7, 0xFFFF, 0xFFFF,
  0xFFDF, 0xFFFF, 0xFFFF, 0xFFFF, 0xFFFF, 0xFFFF, 0xFFFF, 0x31A6, 0x0000, 0x0000, 0x18E4, 0x31C7,
  0x31A7, 0x18C3, 0x39C7, 0x31A6, 0x31A7, 0x3167, 0x18A4, 0x3186, 0x39C7, 0x2104, 0x3166, 0x31A6,
  0x18C3, 0x31A6, 0x1082, 0x39E7, 0x0020, 0x0000, 0x0000, 0x0000, 0x0000, 0x0000, 0x0000, 0x0000,
  0x0000, 0x0000, 0x0000, 0x0000, 0x0020, 0x0000, 0x2945, 0x2945, 0x3186, 0x3186, 0x2945, 0x39C7,
  0x1082, 0x39E7, 0x1082, 0x1082, 0x0020, 0x10A2, 0x1082, 0x39C7, 0x2104, 0x18C3, 0x31A6, 0x39C7,
  0x2965, 0x0000, 0x0020, 0x0020, 0x0000, 0x632C, 0x8C71, 0xE73C, 0xFFFF, 0xFFFF, 0xE71C, 0x8C51,
  0x39C7, 0x2945, 0xCE59, 0xFFFF, 0xFFFF, 0xFFFF, 0xFFFF, 0xFFFF, 0xFFFF, 0xFFDF, 0xFFFF, 0xFFFF,
  0xFFFF, 0xFFFF, 0xE73C, 0x9492, 0x8C51, 0xEF7D, 0xFFFF, 0xFFDF, 0xFFDF, 0xC638, 0x2124, 0x7BEF,
  0xDEDB, 0x7BCF, 0x7BEF, 0x7BEF, 0x7BCF, 0x52AA, 0x4228, 0x8C71, 0x9492, 0x8C71, 0x7BCF, 0x6B8D,
  0x6B6D, 0x0000, 0x31A6, 0x9CD3, 0x8C51, 0x8430, 0x31A6, 0x7BEF, 0x0000, 0x2104, 0x7BCF, 0x7BCF,
  0xBDF7, 0xBDD7, 0x8C51, 0x18C3, 0x94B2, 0xDEFB, 0x7BCF, 0x9CF3, 0xFFFF, 0xCE59, 0x3186, 0x5ACB,
  0xD69A, 0x3186, 0x738E, 0x7BEF, 0x31A6, 0x6B4D, 0x2945, 0xD69A, 0xB596, 0x6B6D, 0xFFDF, 0xE73D,
  0x630C, 0x18E3, 0xAD55, 0xCE7A, 0x632D, 0xC659, 0xFFFF, 0x9492, 0x31A6, 0x9492, 0xD67A, 0x8430,
  0xA534, 0xFFDF, 0xBD97, 0x20C4, 0x73AF, 0xDEDB, 0x7BEF, 0x6B4D, 0x8430, 0x9C93, 0x4A69, 0x4A29,
  0xD6BA, 0x8C71, 0x6B4D, 0x8C51, 0x18E3, 0x0000, 0x18C3, 0xBE17, 0xBDD7, 0x738E, 0x8430, 0x6B4E,
  0x8410, 0x2945, 0x7BF0, 0x8C51, 0x8430, 0xA514, 0x4A49, 0x0000, 0x0020, 0x0000, 0x0041, 0x7BEF,
  0x8C71, 0x9492, 0x9CB3, 0x4208, 0x52AA, 0x94B2, 0x8C71, 0x7BCF, 0x8410, 0x8C51, 0x738E, 0x0021,
  0x0000, 0x0000, 0x4208, 0x9CD3, 0x6B6E, 0x7BCF, 0x2925, 0x8410, 0x94B2, 0x8C71, 0x8C72, 0x7BF0,
  0x8431, 0x3166, 0x6B4D, 0x8430, 0x9492, 0x9492, 0x8C51, 0x9492, 0x39C7, 0x528A, 0x7BEF, 0x8C30,
  0x9492, 0x8C51, 0x9CD3, 0x5AEB, 0x4208, 0x8430, 0x6B6D, 0x6B6D, 0x7BEF, 0x8C71, 0x0861, 0x2104,
  0x8C71, 0x8430, 0x8410, 0x7BD0, 0x73AE, 0x9CF4, 0x2125, 0x6B6D, 0x9492, 0x94B2, 0x9CD3, 0x8430,
  0x8410, 0x528A, 0x4208, 0xC618, 0xFFFF, 0xF79E, 0xF7BE, 0xC618, 0x9492, 0xFFFF, 0xFFFF, 0xFFFF,
  0xFFFF, 0x31A6, 0x0000, 0x0000, 0x10A3, 0x39C8, 0x31A7, 0x39C7, 0x31A6, 0x31A6, 0x3186, 0x2965,
  0x2965, 0x3186, 0x2966, 0x2945, 0x31A6, 0x31A6, 0x3186, 0x3186, 0x2965, 0x31A6, 0x2124, 0x0000,
  0x0020, 0x0000, 0x0000, 0x0000, 0x0000, 0x0000, 0x0000, 0x0000, 0x0000, 0x0000, 0x0020, 0x0000,
  0x2965, 0x10A2, 0x3186, 0x10A2, 0x4228, 0x4208, 0x18E3, 0x39E7, 0x2965, 0x18C3, 0x2965, 0x18E3,
  0x2945, 0x2124, 0x10A2, 0x3186, 0x2124, 0x31A6, 0x1082, 0x0000, 0x0020, 0x0000, 0x0020, 0x0000,
  0x4A49, 0xEF5D, 0xFFFF, 0xFFDF, 0xFFFF, 0xA534, 0x632C, 0x4A49, 0x9CF3, 0xFFFF, 0xFFFF, 0xFFFF,
  0xFFFF, 0xFFFF, 0x9492, 0x6B6D, 0xFFFF, 0xFFFF, 0xFFFF, 0xFFFF, 0x632C, 0x9CD3, 0x5AEB, 0xEF7D,
  0xFFFF, 0xFFFF, 0xAD55, 0x0841, 0x7BEF, 0x7BCF, 0x5AEB, 0xA514, 0x8C51, 0xB596, 0x18E3, 0x4A69,
  0x94B2, 0x528A, 0x9CD3, 0x738E, 0x9CF3, 0x4208, 0x0000, 0x0000, 0x18E3, 0x8C51, 0x8430, 0x7BEF,
  0x2124, 0x0841, 0x52AA, 0x1082, 0x5ACB, 0xBDD7, 0xFFFF, 0x9CD3, 0x0861, 0x9492, 0x632C, 0x4A69,
  0xB5B6, 0xFFFF, 0xBDF7, 0x0020, 0x73AE, 0x7BCF, 0x3186, 0x9CD3, 0x52AA, 0x0000, 0x0861, 0x5289,
  0x9492, 0x39E7, 0x7BEF, 0xE73C, 0xFFFF, 0x4A69, 0x0861, 0x8410, 0x52AA, 0x5AEC, 0xBDF8, 0xDEDB,
  0x73AF, 0x0000, 0x73AE, 0x5AEC, 0x52AB, 0x8C72, 0x9472, 0xAD55, 0x0862, 0x8C32, 0x6B6E, 0x4A6A,
  0x8C51, 0x7BEF, 0x9472, 0x2965, 0x5AEB, 0x9CF3, 0x39C7, 0x9492, 0x630D, 0x0000, 0x0000, 0x3186,
  0xAD55, 0x4228, 0x7BF0, 0x7BCF, 0x94B2, 0x738E, 0x0000, 0x7BAF, 0x4A29, 0x6B6D, 0xA514, 0x31A6,
  0x0000, 0x0020, 0x0000, 0x0000, 0x0841, 0x8430, 0x6B2D, 0xA514, 0x2945, 0x6B2D, 0x8410, 0x5AAB,
  0xA534, 0x7BCF, 0x9CD3, 0x5AAB, 0x0000, 0x0020, 0x0000, 0x738F, 0x738E, 0x8C51, 0x528A, 0x0841,
  0xA514, 0x4A49, 0x7BCF, 0x8410, 0x8C51, 0x8C51, 0x0000, 0x6B4E, 0x5AAB, 0x52AA, 0x8C73, 0x8C31,
  0x9493, 0x18C3, 0x528A, 0x738E, 0x528A, 0x0001, 0x5ACB, 0xBDF7, 0x39C7, 0x4229, 0x8C72, 0x4229,
  0x9CF3, 0x8431, 0x9492, 0x632C, 0x18C3, 0xA535, 0x528A, 0x73AE, 0x8431, 0xA535, 0x8C51, 0x0000,
  0x9492, 0x632D, 0x6B4D, 0x9CD3, 0x6B4D, 0x9492, 0x0861, 0x39E8, 0x738E, 0xBDF8, 0xFFFF, 0xFFFF,
  0xE71C, 0x18E4, 0x4A4A, 0x8411, 0x8410, 0xFFFF, 0xFFFF, 0x39A6, 0x0000, 0x0000, 0x10A3, 0x2966,
  0x2145, 0x2105, 0x2104, 0x39A7, 0x2945, 0x2125, 0x41E8, 0x2945, 0x18A2, 0x39C7, 0x2124, 0x2965,
  0x31A6, 0x31A6, 0x18E3, 0x2965, 0x31A6, 0x10A2, 0x0000, 0x0020, 0x0000, 0x0000, 0x0000, 0x0000,
  0x0000, 0x0000, 0x0000, 0x0000, 0x0000, 0x1082, 0x39C7, 0x18E3, 0x31A6, 0x31A6, 0x18C3, 0x31A6,
  0x2104, 0x18E3, 0x2104, 0x4208, 0x4228, 0x39E7, 0x18E3, 0x2124, 0x0861, 0x18C3, 0x18E3, 0x3186,
  0x0000, 0x0020, 0x0020, 0x0000, 0x0020, 0x0000, 0x630C, 0xD69A, 0xFFFF, 0xFFDF, 0xE73C, 0xD6BA,
  0x6B6D, 0x7BCF, 0xD6BA, 0xFFFF, 0xFFFF, 0xFFFF, 0xFFFF, 0xC618, 0x630C, 0xAD75, 0xFFFF, 0xF7BE,
  0xF79E, 0x8C51, 0x94B2, 0x8C51, 0x9CD3, 0xE73C, 0xFFFF, 0x9CF3, 0x2965, 0x7BCF, 0x9492, 0xA514,
  0x9CD3, 0x8C71, 0x8C51, 0x39E7, 0x4A49, 0x8C71, 0x2945, 0x738E, 0x8430, 0x9CD3, 0x4A69, 0x4208,
  0x7BCF, 0x4229, 0xB596, 0xDEFB, 0xBDF7, 0x52AA, 0x4228, 0x9492, 0x6B4D, 0xAD55, 0xD69A, 0xEF5D,
  0xA534, 0x2945, 0x94B2, 0x9CD3, 0xA514, 0xBDF7, 0xFFFF, 0xAD75, 0x31A6, 0x632C, 0xAD55, 0x8410,
  0xAD75, 0xE73C, 0x1082, 0x0020, 0x0000, 0x3186, 0x8C72, 0xAD55, 0xFFDE, 0xFFFF, 0x5AEC, 0x39C7,
  0x9CD3, 0x73AE, 0x9CD3, 0xB5B6, 0xFFDF, 0x94B2, 0x2104, 0x9CF3, 0x6B6D, 0xA514, 0x8410, 0x6B6D,
  0x9492, 0x3166, 0x7BF0, 0x94D3, 0xA515, 0x9492, 0x632C, 0x8C51, 0x526A, 0x52AA, 0xA534, 0x94B2,
  0xAD55, 0x83F0, 0x7BCF, 0x1082, 0x0000, 0x18E3, 0x8410, 0xB596, 0x94B2, 0x9CF4, 0x7BEF, 0x18E3,
  0x94B3, 0x6B6E, 0x94B3, 0x9CD3, 0x9CD3, 0x630C, 0x0000, 0x18C3, 0x0841, 0x0840, 0x8410, 0x73AE,
  0xBDD7, 0x4208, 0x6B4D, 0xA514, 0x1082, 0x6B6D, 0x632D, 0x0021, 0x5ACB, 0x1082, 0x0861, 0x0000,
  0x738E, 0x94B3, 0x8410, 0x5AEB, 0x10A2, 0x94B2, 0x8431, 0xB596, 0x9CD3, 0x8C71, 0x8C51, 0x18E3,
  0x8431, 0x7BAF, 0x0821, 0xA514, 0x5AEC, 0x2945, 0x4208, 0x0000, 0x39E7, 0x10A2, 0x0000, 0x0000,
  0x1082, 0x4A69, 0x4228, 0xAD75, 0x9CD3, 0xB5B6, 0x7BCF, 0x738E, 0x6B4D, 0x2986, 0x9CF3, 0x8C51,
  0xAD75, 0x7BCF, 0x630D, 0x8C51, 0x2124, 0x7BCF, 0x94B3, 0x2925, 0xA534, 0x6B8E, 0x8C31, 0x3186,
  0x738E, 0x8C51, 0x8C92, 0xC638, 0xEF7D, 0xFFFF, 0x9CD3, 0x4A69, 0x8431, 0x7BCF, 0xD69A, 0xFFFF,
  0xFFFF, 0x3166, 0x0000, 0x0020, 0x0000, 0x0020, 0x10A2, 0x0021, 0x0821, 0x2925, 0x2945, 0x18E4,
  0x1884, 0x20C4, 0x3186, 0x4A49, 0x2925, 0x2945, 0x31A6, 0x3186, 0x39C7, 0x3186, 0x2124, 0x18E3,
  0x0000, 0x0020, 0x0000, 0x0000, 0x0000, 0x0000, 0x0000, 0x0000, 0x0000, 0x0000, 0x0000, 0x0861,
  0x39E7, 0x18E3, 0x39E7, 0x2124, 0x39C7, 0x39E7, 0x2945, 0x3186, 0x2965, 0x39E7, 0x31A6, 0x3186,
  0x18E3, 0x0841, 0x4208, 0x4A49, 0x31A6, 0x31A6, 0x1082, 0x0000, 0x0000, 0x0000, 0x0020, 0x0000,
  0x2965, 0xCE59, 0xF79E, 0xB596, 0x6B6D, 0x9492, 0x630C, 0xEF5D, 0xFFDF, 0xFFFF, 0xFFFF, 0xFFFF,
  0xC618, 0x630C, 0x73AE, 0x7BCF, 0xFFDF, 0x8410, 0x39C7, 0x9CF3, 0x8430, 0x8C51, 0x8C51, 0xE73C,
  0x8C71, 0x10A2, 0x7BEF, 0x9CD3, 0x9CF3, 0x7BCF, 0x738E, 0x8C51, 0x3186, 0x4A49, 0x8430, 0x8410,
  0x6B4D, 0xD6BA, 0xDEDB, 0x4228, 0x2124, 0x738E, 0x6B6D, 0x7BEF, 0xAD55, 0xF7BE, 0x6B6D, 0x39C7,
  0x9CD3, 0x7BEF, 0x5ACB, 0x73AE, 0xF7BE, 0xB5B6, 0x2104, 0x94B2, 0xA514, 0xA534, 0x73AE, 0xEF7E,
  0xC639, 0x10A2, 0x5ACB, 0x9492, 0x8C71, 0x83F0, 0xEF7E, 0xE73D, 0x2104, 0x0000, 0x0000, 0x4208,
  0x9492, 0xCE59, 0xFFFF, 0x5AEC, 0x18E3, 0x7BEF, 0x6B4D, 0x8C51, 0x630C, 0x9492, 0x8410, 0x39C7,
  0x9492, 0x8C31, 0x6B4D, 0x5AEC, 0x6B2D, 0x9CF4, 0x3186, 0x7BEF, 0x9CD3, 0x9492, 0x7BCF, 0x8410,
  0xAD75, 0x2966, 0x4228, 0xA514, 0x8C71, 0x9492, 0x6B6D, 0xB596, 0x5AEC, 0x0000, 0x0000, 0x3186,
  0xA535, 0x6B6D, 0xA534, 0x7BD0, 0x2124, 0x632D, 0x738E, 0x73AE, 0x630C, 0x8C51, 0x9CF3, 0x39C7,
  0x18C3, 0x0841, 0x0000, 0x0841, 0x2124, 0x0020, 0x4208, 0x0021, 0x3186, 0x2104, 0x0000, 0x39E7,
  0x0020, 0x0000, 0x0000, 0x0000, 0x0000, 0x0000, 0x20E4, 0xA514, 0x6B2D, 0x2104, 0x8430, 0x73AE,
  0xA4F4, 0x738E, 0xA514, 0x94B2, 0x2124, 0x630C, 0x630C, 0x7BAF, 0x2966, 0x39C7, 0x0020, 0x0000,
  0x0000, 0x0020, 0x0000, 0x0000, 0x0020, 0x0020, 0x0000, 0x0000, 0x2104, 0x2104, 0x2104, 0x5AEB,
  0xA514, 0x6B4D, 0x18E4, 0xAD55, 0x83F0, 0xA514, 0x6B6D, 0x9492, 0x8C51, 0x2104, 0x8C51, 0x52AB,
  0x0000, 0x31A6, 0x9492, 0xA534, 0x31A6, 0x630C, 0x73AE, 0x6B4D, 0x6B6D, 0xCE59, 0xE73D, 0xB597,
  0x7BEF, 0x94B2, 0x630C, 0x6B6E, 0xAD55, 0xFFFF, 0xFFFF, 0x5ACB, 0x0841, 0x0020, 0x0000, 0x0000,
  0x2104, 0x2124, 0x20E4, 0x2946, 0x18C4, 0x2104, 0x18A3, 0x31A7, 0x2125, 0x2104, 0x3186, 0x3186,
  0x2945, 0x2104, 0x3186, 0x2945, 0x2965, 0x0020, 0x0000, 0x0000, 0x0000, 0x0000, 0x0000, 0x0000,
  0x0000, 0x0000, 0x0000, 0x0000, 0x0020, 0x0000, 0x2965, 0x18E3, 0x2965, 0x3186, 0x18E3, 0x0000,
  0x2965, 0x18C3, 0x39C7, 0x18E3, 0x2945, 0x2945, 0x2124, 0x31A6, 0x39E7, 0x3186, 0x39C7, 0x2965,
  0x0000, 0x0020, 0x0000, 0x0000, 0x0020, 0x0000, 0x0020, 0x9492, 0x8C51, 0x8410, 0x8C71, 0x9492,
  0xF7BE, 0xC618, 0xDEDB, 0xFFFF, 0xFFDF, 0xB596, 0x6B6D, 0xAD55, 0x738E, 0xAD55, 0x8C71, 0x2124,
  0x8430, 0x7BCF, 0x9CF3, 0x5AEB, 0x9492, 0x8C71, 0x0861, 0x73AE, 0x738E, 0x8430, 0x6B4D, 0x9CF3,
  0xA514, 0x18E3, 0x5AEB, 0xA534, 0x7BCF, 0x9CF3, 0x9CF3, 0xCE79, 0x39C7, 0x528A, 0xAD75, 0x8410,
  0x9CF3, 0x73AE, 0xAD55, 0x6B6E, 0x31A6, 0xAD75, 0x8430, 0x9CF3, 0x738E, 0xBDD7, 0x8430, 0x2966,
  0x9CD3, 0xA534, 0x9CF4, 0x8430, 0xCE59, 0x9CD3, 0x0861, 0x5AAB, 0xA535, 0x8412, 0x7BF0, 0x9492,
  0xBDF7, 0x2965, 0x0000, 0x0020, 0x0000, 0x0861, 0x73CE, 0xC639, 0x4A4A, 0x31A6, 0xBDD7, 0x6B4D,
  0xA534, 0x6B6E, 0xB5B7, 0x8C51, 0x39E7, 0x9CF3, 0x8C51, 0xAD76, 0x6B2D, 0xB5B6, 0x94B2, 0x2965,
  0x7BEF, 0xAD55, 0x9CD3, 0x7BEF, 0xAD35, 0xAD55, 0x2945, 0x4A69, 0xB596, 0x8C72, 0x9CD3, 0x9492,
  0xBDF7, 0x4208, 0x18E4, 0x0861, 0x0000, 0x18C3, 0x8410, 0xBDD7, 0x6B4C, 0x2945, 0xAD55, 0x6B6E,
  0xB5B7, 0x738E, 0xB5B6, 0x9CD3, 0x2945, 0x9492, 0x5AEB, 0x0000, 0x0020, 0x0000, 0x0000, 0x0000,
  0x0000, 0x0020, 0x0000, 0x0000, 0x0020, 0x0000, 0x0000, 0x0020, 0x0000, 0x0000, 0x0000, 0x0020,
  0x0000, 0x18E3, 0x39A7, 0xA514, 0x6B6E, 0xAD75, 0x7BEF, 0xC618, 0x9492, 0x2965, 0xAD75, 0x9492,
  0x9CB3, 0x4A49, 0x0020, 0x0000, 0x0020, 0x0020, 0x0020, 0x0000, 0x0020, 0x0020, 0x0000, 0x0000,
  0x0000, 0x0020, 0x0000, 0x0000, 0x0000, 0x52AA, 0x5ACB, 0x2945, 0xAD55, 0x8C51, 0xAD15, 0x8C11,
  0xC618, 0x736E, 0x2145, 0xA514, 0x736E, 0x0000, 0x39E7, 0xC5F8, 0xA534, 0x3186, 0x8C30, 0x8C51,
  0xA4F4, 0x7BCF, 0x630C, 0xC618, 0x4A49, 0x5AEC, 0x9492, 0x0821, 0x2104, 0xA535, 0xD69A, 0xFFFF,
  0xFFFF, 0xD6BA, 0x10A2, 0x0000, 0x0020, 0x0000, 0x0000, 0x1083, 0x2966, 0x2104, 0x2925, 0x2966,
  0x18C3, 0x2925, 0x18C3, 0x2945, 0x1062, 0x39A7, 0x2965, 0x39C7, 0x2965, 0x2104, 0x39C7, 0x0841,
  0x0000, 0x0000, 0x0000, 0x0000, 0x0000, 0x0000, 0x0000, 0x0000, 0x0000, 0x0000, 0x0020, 0x0000,
  0x2124, 0x2965, 0x2965, 0x3186, 0x2965, 0x2945, 0x3186, 0x2945, 0x2965, 0x39E7, 0x39E7, 0x3186,
  0x31A6, 0x39E7, 0x39E7, 0x2104, 0x39C7, 0x3186, 0x0861, 0x0000, 0x0000, 0x0000, 0x0000, 0x0020,
  0x0000, 0x0861, 0x8410, 0xCE59, 0x73CF, 0xF7BE, 0xFFFF, 0x7BEF, 0xB596, 0xFFFF, 0xEF7D, 0x8410,
  0xAD55, 0x94B2, 0x8410, 0x2124, 0x6B4D, 0xD69A, 0x73AE, 0xAD55, 0x9CD3, 0xBDB7, 0x3186, 0x4208,
  0x8430, 0x8C51, 0x0000, 0x0841, 0x1082, 0x2104, 0x18C3, 0x39C7, 0x7BCF, 0x39E7, 0x8C51, 0x7BEF,
  0x9CD3, 0x4208, 0x6B6D, 0xCE79, 0x39C7, 0xA534, 0x8C71, 0x9CD3, 0x3186, 0x6B4D, 0xCE79, 0x632C,
  0xB596, 0x8C71, 0x9CD3, 0x3185, 0x5ACB, 0x9CF4, 0x9491, 0x9CD2, 0xAD75, 0xD69A, 0x3165, 0x39E8,
  0x7BCF, 0x94B3, 0x5AEB, 0xC618, 0xC618, 0x6B4D, 0x2925, 0x5ACB, 0x4208, 0x0020, 0x4208, 0x0000,
  0x0020, 0x4229, 0x630C, 0xD69A, 0x4A49, 0x8410, 0x18E3, 0xA535, 0x2966, 0x4A69, 0xAD35, 0x6B6D,
  0x9492, 0x39C7, 0x8C72, 0x4208, 0x39E7, 0x4249, 0xB596, 0x8430, 0x7BCF, 0x9CF3, 0x52AA, 0x39E8,
  0x1082, 0x9CF4, 0x62EC, 0xAD55, 0x7BCF, 0x8C72, 0x39C7, 0x18C3, 0x9492, 0x2104, 0x39C7, 0x4A6A,
  0xCE79, 0x4229, 0x2966, 0xB576, 0x4A49, 0x8410, 0x2944, 0xAD55, 0x4228, 0x4A49, 0x73AE, 0xA534,
  0x2124, 0x1082, 0x0000, 0x0020, 0x0020, 0x0000, 0x0020, 0x0000, 0x0020, 0x0020, 0x0000, 0x2965,
  0x1082, 0x0000, 0x18C3, 0x52AA, 0x0020, 0x0000, 0x2945, 0x0841, 0x73AF, 0x2124, 0x9492, 0x4208,
  0xCE59, 0x4A69, 0x39E7, 0x9492, 0x738E, 0x73AF, 0x5ACC, 0x1042, 0x0020, 0x0820, 0x0020, 0x0020,
  0x0000, 0x0000, 0x0000, 0x0000, 0x0000, 0x0000, 0x0000, 0x0000, 0x0020, 0x0020, 0x0000, 0x1062,
  0x0000, 0x8C71, 0x4A6A, 0xBDD7, 0x4A49, 0x9CF3, 0x39C7, 0x2946, 0x630C, 0x52AB, 0x3186, 0x0862,
  0xCE59, 0x5ACB, 0x39E8, 0x736E, 0x9492, 0x5AEB, 0x5AAB, 0x6B6E, 0x5B0C, 0x52AB, 0x39C7, 0xBDD7,
  0x2125, 0x39A8, 0x528B, 0xA514, 0xAD75, 0xFFFF, 0xFFFF, 0x39E7, 0x5ACB, 0x0000, 0x0000, 0x0020,
  0x0000, 0x0841, 0x18A3, 0x0862, 0x0862, 0x0862, 0x39C8, 0x2905, 0x2925, 0x18E3, 0x31A7, 0x2104,
  0x39C7, 0x18A2, 0x2965, 0x39C7, 0x3166, 0x0040, 0x0000, 0x0000, 0x0000, 0x0000, 0x0000, 0x0000,
  0x0000, 0x0000, 0x0000, 0x0000, 0x0020, 0x0000, 0x2965, 0x2104, 0x18E3, 0x31A6, 0x2104, 0x3186,
  0x2965, 0x2965, 0x2104, 0x1082, 0x18E4, 0x1082, 0x18C3, 0x4A49, 0x31A6, 0x4208, 0x2945, 0x39C7,
  0x0841, 0x0000, 0x0000, 0x0000, 0x0000, 0x0020, 0x0000, 0x2965, 0xF79E, 0xFFFF, 0xFFFF, 0xFFFF,
  0xFFFF, 0xFFFF, 0xFFFF, 0xFFFF, 0xFFFF, 0xFFFF, 0xFFFF, 0xE71C, 0x2965, 0x4228, 0xFFFF, 0xC638,
  0x738E, 0xDEFB, 0xFFDF, 0x9CD3, 0x2945, 0xEF5D, 0xE73C, 0x52AA, 0x7BEF, 0x2965, 0x0000, 0x0020,
  0x0000, 0x2104, 0x8430, 0x7BCF, 0x6B4D, 0xA514, 0x4A49, 0xBDD7, 0xFFFF, 0x9CD3, 0x7BEF, 0xF7BE,
  0xDEFB, 0x39C6, 0x630C, 0xFFFF, 0xB5B6, 0x8410, 0xDEFB, 0xFFFF, 0x52AA, 0x18C3, 0xFFFF, 0xD6BA,
  0x7BCF, 0xCE59, 0xFFBF, 0x9492, 0x10A3, 0xDEDB, 0xF7BE, 0x7BCF, 0x738E, 0xC5F8, 0xDEFC, 0x2945,
  0xAD55, 0xFFFF, 0x9CF3, 0x73AE, 0x632D, 0x0841, 0x0000, 0x9CF3, 0xFFFF, 0xB5B6, 0x8430, 0x83F0,
  0x8C51, 0x4208, 0x39C7, 0xFFFF, 0xAD75, 0x6B6D, 0x73AE, 0x8431, 0x7BF0, 0x1082, 0x7BF0, 0x9CD3,
  0x8430, 0x8C51, 0x8C71, 0x8C51, 0x3186, 0x528B, 0x8410, 0x630D, 0x7BEF, 0x8C51, 0x9492, 0x4208,
  0x4A69, 0x94B2, 0x8431, 0x7BCF, 0x6B4D, 0x39C7, 0x6B6E, 0x3186, 0xAD35, 0x8C71, 0x9492, 0x6B6E,
  0x8C51, 0x73AE, 0x18C3, 0x8C71, 0x9CD3, 0x8C51, 0x7BF0, 0x9492, 0x2945, 0x0000, 0x0020, 0x0000,
  0x0000, 0x0000, 0x0000, 0x0020, 0x0000, 0x4A69, 0x2104, 0x0000, 0x18C3, 0x7BEF, 0x0841, 0x0000,
  0x4A49, 0x9492, 0x7BF0, 0x7C10, 0x8430, 0x8C51, 0x8C51, 0x3186, 0x9492, 0x8410, 0x8410, 0x6B4D,
  0x2124, 0x0001, 0x0000, 0x0000, 0x0000, 0x0000, 0x0020, 0x0000, 0x0020, 0x0020, 0x0000, 0x0000,
  0x0000, 0x0000, 0x0000, 0x0000, 0x0020, 0x0000, 0x630C, 0x8430, 0x738E, 0x83F0, 0x8C51, 0x632C,
  0x2925, 0x94B3, 0x73AF, 0x7BCF, 0x6B4E, 0x73AE, 0x9CD3, 0x3186, 0x8431, 0x8C51, 0x8C31, 0x840F,
  0x7BAF, 0x738E, 0x18C4, 0x5ACB, 0x9492, 0x8C51, 0x8430, 0x7BCF, 0xAD55, 0xC618, 0xC638, 0xFFFF,
  0xFFFF, 0xAD55, 0xA534, 0x7BEF, 0x0020, 0x0000, 0x0000, 0x0861, 0x18E3, 0x31A7, 0x2104, 0x2905,
  0x3166, 0x2104, 0x3186, 0x31A6, 0x2965, 0x39E7, 0x2124, 0x31A6, 0x2965, 0x2966, 0x2104, 0x0000,
  0x0020, 0x0000, 0x0000, 0x0000, 0x0000, 0x0000, 0x0000, 0x0000, 0x0000, 0x0000, 0x0020, 0x0000,
  0x2965, 0x3186, 0x31A6, 0x3186, 0x2124, 0x2124, 0x18E3, 0x3186, 0x3186, 0x31A6, 0x2945, 0x18E3,
  0x3186, 0x3186, 0x39C7, 0x4208, 0x2945, 0x2965, 0x0000, 0x0020, 0x0000, 0x0000, 0x0000, 0x0020,
  0x0000, 0x10A2, 0x9492, 0xEF7D, 0xF79E, 0xFFFF, 0xFFFF, 0xEF7D, 0xFFFF, 0xAD55, 0xE71C, 0xFFFF,
  0xFFFF, 0xB5B6, 0x18C3, 0x8430, 0xC638, 0x630C, 0xBDD7, 0xFFDF, 0x7BEF, 0x18C3, 0x9492, 0xBDF7,
  0x7BCF, 0xA514, 0xFFFF, 0x738E, 0x0000, 0x0020, 0x0020, 0x0000, 0x39E7, 0x8C51, 0x7C10, 0x5ACB,
  0x2104, 0xEF5D, 0x9CF4, 0x6B4D, 0xFFFF, 0xDEDA, 0x4A69, 0x10A2, 0xA555, 0xC659, 0x632C, 0xE73C,
  0xF7BE, 0x73AE, 0x2945, 0x73AE, 0xD6BA, 0x52AA, 0x8C71, 0xFFFF, 0xAD55, 0x0841, 0x73AE, 0xD6BA,
  0x6B4D, 0x738E, 0x738E, 0x6B6D, 0x2945, 0x39E7, 0xE71C, 0x8410, 0x5ACB, 0x8431, 0x20C5, 0x0001,
  0x2124, 0xC638, 0xAD55, 0x6B6D, 0x8C72, 0x5AEC, 0x6B6E, 0x10A2, 0x8430, 0xDEDB, 0x8C51, 0x8431,
  0x8410, 0x7BEF, 0x39E7, 0x4208, 0x20E4, 0x8410, 0x6B6E, 0x9492, 0xA534, 0x2124, 0x4228, 0x5AEB,
  0x738E, 0x6B6D, 0x6B4D, 0x73AF, 0x630C, 0x2104, 0x528A, 0x73AF, 0x6B4D, 0x8431, 0x18C3, 0x0000,
  0x0861, 0x4A69, 0x8430, 0x632C, 0x7BCF, 0x73AE, 0x8C72, 0x10A2, 0x4A49, 0x630C, 0x8C51, 0x7BEF,
  0x73AE, 0x8410, 0x2125, 0x0000, 0x0020, 0x0000, 0x0020, 0x0000, 0x0000, 0x0000, 0x0000, 0x0000,
  0x0000, 0x0000, 0x0000, 0x0000, 0x0000, 0x0020, 0x2965, 0x8431, 0x738F, 0x73AE, 0x73AE, 0x8430,
  0x18E4, 0x528A, 0x7BEF, 0x8410, 0x7BEF, 0x6B4D, 0x10A2, 0x0000, 0x4228, 0x526A, 0x18E4, 0x39E8,
  0x0000, 0x0020, 0x0000, 0x0000, 0x0020, 0x0020, 0x0020, 0x0000, 0x0000, 0x0020, 0x0000, 0x2104,
  0x7BCF, 0x6B8E, 0x8430, 0x7BCF, 0x8C51, 0x4228, 0x4A69, 0x7BCF, 0x7BEF, 0x7BCF, 0x73AF, 0x8C51,
  0x3146, 0x528B, 0x7BF0, 0x8430, 0x738F, 0x7BF0, 0x7BCF, 0x39C7, 0x39C7, 0x630C, 0x8410, 0x738E,
  0x6B6E, 0x9CF3, 0xDEDB, 0x4A69, 0xA535, 0xFFFF, 0xFFFF, 0xB596, 0x8C32, 0x8C31, 0x0000, 0x0000,
  0x0000, 0x0861, 0x2124, 0x18E4, 0x2945, 0x3186, 0x3186, 0x0821, 0x2125, 0x3186, 0x39C7, 0x2104,
  0x2104, 0x2965, 0x3186, 0x2945, 0x3186, 0x0020, 0x0000, 0x0000, 0x0000, 0x0000, 0x0000, 0x0000,
  0x0000, 0x0000, 0x0000, 0x0000, 0x0000, 0x0020, 0x31A6, 0x2104, 0x39C7, 0x2965, 0x4208, 0x3186,
  0x39E7, 0x3186, 0x2104, 0x2965, 0x39E7, 0x39C7, 0x4229, 0x4208, 0x4228, 0x31A6, 0x2124, 0x39C7,
  0x0861, 0x0000, 0x0020, 0x0000, 0x0000, 0x0000, 0x0020, 0x0000, 0x2124, 0xEF7D, 0xE71C, 0xFFFF,
  0xFFDF, 0xA514, 0xB5B6, 0xAD75, 0xDEDB, 0xFFFF, 0xD6BA, 0x4A69, 0x6B6D, 0x7BAF, 0x738E, 0xC638,
  0xEF5D, 0x8410, 0x0861, 0x8410, 0x6B4D, 0x4228, 0xAD75, 0xDEFB, 0xBDD7, 0x2104, 0x5AEB, 0x10A2,
  0x0000, 0x0020, 0x0000, 0x2985, 0x31C7, 0x3186, 0x8C51, 0x4A69, 0x8C71, 0xF7BE, 0xE73C, 0x4A69,
  0x2965, 0x9492, 0x6B6D, 0x52AA, 0xD6BA, 0xE71C, 0x6B4D, 0x0020, 0x632C, 0x5ACB, 0x9492, 0x7BCF,
  0xA534, 0xB5B6, 0x1904, 0x6B6E, 0x6B4D, 0x632C, 0x9CD2, 0x630C, 0x7BCF, 0x31A6, 0x4A49, 0x7BCF,
  0x528A, 0x9CB3, 0x528A, 0x0000, 0x0823, 0x0000, 0x39C6, 0x4A69, 0x73AE, 0x7BCF, 0x9CD3, 0x632D,
  0x0861, 0x9CD2, 0x632C, 0x8410, 0x8C72, 0x8431, 0x73AE, 0x0000, 0x5ACB, 0x5269, 0x18C3, 0x8411,
  0x4208, 0x39C7, 0x2124, 0x5AAB, 0x738F, 0x6B4D, 0xB5B6, 0x6B6D, 0x8430, 0x4A49, 0x39C8, 0x83F0,
  0x4208, 0x8C72, 0x6B4D, 0x0000, 0x0000, 0x2945, 0x9CD3, 0x5ACB, 0x7BEF, 0x8410, 0x94B2, 0x8410,
  0x0000, 0x8410, 0x6B4D, 0x6B2D, 0x8410, 0x8410, 0x9CF3, 0x0841, 0x4208, 0x0021, 0x0000, 0x0020,
  0x0000, 0x0000, 0x0000, 0x0000, 0x0000, 0x0020, 0x0000, 0x0000, 0x0020, 0x0020, 0x0020, 0x0000,
  0x31A6, 0x83F0, 0x7BF0, 0x8C51, 0x7BCF, 0x1062, 0x7BAF, 0x6B4D, 0x7BCF, 0x8C71, 0x8C51, 0x94B3,
  0x0862, 0x52AB, 0x83F0, 0x6B4E, 0x7BF0, 0x8C51, 0x738F, 0x0000, 0x31C6, 0x2925, 0x0000, 0x0000,
  0x0000, 0x0000, 0x0000, 0x0020, 0x0000, 0x2104, 0x9CF3, 0x738E, 0x6B6D, 0x73AE, 0x0862, 0x7BCF,
  0x632C, 0x8410, 0x8C51, 0x8C31, 0x9472, 0x1082, 0x6B4D, 0x83F0, 0x632D, 0x9CF4, 0x39C7, 0x3166,
  0x18C3, 0x5ACB, 0x94B2, 0x5AEC, 0x8431, 0x6B4D, 0xBDF7, 0xBE18, 0x52AB, 0x738E, 0xA534, 0xFFFF,
  0x94B2, 0x7BEF, 0x630C, 0x20E4, 0x5AEB, 0x0000, 0x0020, 0x0000, 0x2945, 0x2966, 0x2966, 0x1062,
  0x2926, 0x2946, 0x2925, 0x39C7, 0x3186, 0x2124, 0x31A6, 0x39C7, 0x0881, 0x3186, 0x3186, 0x18C3,
  0x0000, 0x0020, 0x0000, 0x0000, 0x0000, 0x0000, 0x0000, 0x0000, 0x0000, 0x0000, 0x0000, 0x1082,
  0x39C7, 0x39E7, 0x2104, 0x31A6, 0x0841, 0x2104, 0x2124, 0x18E3, 0x0861, 0x10A2, 0x2945, 0x2965,
  0x39C7, 0x39E7, 0x4A69, 0x3186, 0x39C7, 0x18E3, 0x0000, 0x0020, 0x0000, 0x0000, 0x0000, 0x0000,
  0x0020, 0x0020, 0x10A2, 0x9CF3, 0xE71C, 0xF7BE, 0xE71C, 0x630C, 0xB596, 0xFFFF, 0xFFFF, 0xDEDB,
  0x9492, 0x632C, 0x7BEF, 0x2945, 0x8C71, 0xFFDF, 0xA514, 0x2124, 0x6B6D, 0x8410, 0x632C, 0x9CF3,
  0xFFDF, 0xAD75, 0x39E7, 0x39C7, 0x94B2, 0x8410, 0x0020, 0x0000, 0x0020, 0x0000, 0x2124, 0x9492,
  0x4A49, 0x528A, 0xF7BE, 0xEF7D, 0x630C, 0x2124, 0x8430, 0x7BCE, 0x5AEB, 0xBDF7, 0xF7BE, 0xA514,
  0x10A2, 0x6B4D, 0x6B4D, 0x6B6D, 0x7BCF, 0x7BEF, 0x8C51, 0x39E7, 0x52AB, 0x8C51, 0x738E, 0x7BCF,
  0x6B6D, 0x632D, 0x6B4D, 0x2965, 0xA4F4, 0x738E, 0x6B4D, 0x9CF3, 0x528A, 0x0020, 0x0020, 0x0020,
  0x0000, 0x4208, 0x9CF3, 0x8C51, 0x9492, 0x10A2, 0x7BCF, 0x73AE, 0x630C, 0x8410, 0x7BCF, 0x9493,
  0x2924, 0x630C, 0x6B4D, 0x1062, 0x630C, 0x7BEF, 0x0000, 0x0000, 0x4A49, 0x9492, 0x6B4D, 0x630C,
  0x8410, 0x5AEC, 0x7BF0, 0x18C3, 0x8C72, 0x8C52, 0x6B6D, 0x9492, 0x632C, 0x0841, 0x0000, 0x2104,
  0x9492, 0x738E, 0x94B2, 0x9492, 0x9CF4, 0x3186, 0x630C, 0x632C, 0x62ED, 0x738F, 0x9492, 0xA534,
  0x4A49, 0x4A49, 0x6B2D, 0x73AF, 0x5AEC, 0x18E3, 0x5ACB, 0x0841, 0x0000, 0x0000, 0x0000, 0x0000,
  0x0000, 0x0000, 0x0000, 0x0000, 0x0020, 0x0000, 0x3186, 0x9CD3, 0x738E, 0x8C51, 0x18C3, 0x62EC,
  0x94B3, 0x2104, 0x9492, 0x8C51, 0x9492, 0x31A6, 0x528A, 0x7BF0, 0x18C3, 0x52CA, 0x8C51, 0x9492,
  0x5ACB, 0x39C8, 0x7BD0, 0x2925, 0x4A29, 0x2124, 0x630C, 0x18E4, 0x0000, 0x0020, 0x0000, 0x31A6,
  0x9CF3, 0x5AEC, 0x738F, 0x18A3, 0x7BCF, 0x736E, 0x18E3, 0x8C72, 0x630C, 0x73AE, 0x2965, 0x4229,
  0x9CB3, 0x2104, 0x8410, 0x736E, 0x0000, 0x0020, 0x0000, 0x52AA, 0x2946, 0x4A49, 0x9492, 0x73AE,
  0x9CD3, 0x7BF0, 0x8430, 0x632C, 0xA514, 0xA514, 0x738E, 0x9472, 0x10A2, 0x8430, 0x736E, 0x0000,
  0x0020, 0x0000, 0x1082, 0x10A2, 0x0862, 0x2945, 0x10A2, 0x2965, 0x2945, 0x2945, 0x2965, 0x2124,
  0x39E7, 0x2965, 0x2945, 0x2965, 0x39C7, 0x18C3, 0x0000, 0x0020, 0x0000, 0x0000, 0x0000, 0x0000,
  0x0000, 0x0000, 0x0000, 0x0000, 0x0000, 0x0861, 0x3186, 0x10A2, 0x31A6, 0x31A6, 0x39E7, 0x10A2,
  0x10A2, 0x18E3, 0x39E7, 0x2945, 0x3186, 0x2965, 0x3186, 0x18E3, 0x1082, 0x1082, 0x3186, 0x3186,
  0x0861, 0x0000, 0x0020, 0x0000, 0x0000, 0x0000, 0x0020, 0x0020, 0x0000, 0x2124, 0xAD75, 0xA534,
  0x630C, 0x52AA, 0x9CF3, 0xFFFF, 0xE73C, 0x528A, 0x73AE, 0x738E, 0x7BCF, 0x2965, 0xCE79, 0xB5B6,
  0x39C7, 0x73AE, 0x7BEF, 0x7BEF, 0x7BCF, 0xEF7D, 0xB5B6, 0x2965, 0x528A, 0x73AE, 0x73AE, 0x94B2,
  0x8410, 0x0861, 0x0000, 0x2965, 0x9CD3, 0x2124, 0x0000, 0x630C, 0xE73D, 0x528A, 0x0861, 0x738E,
  0x632C, 0x632C, 0x9CF3, 0xFFFF, 0x8C71, 0x39E7, 0x6B6D, 0x6B6D, 0x738E, 0x632C, 0x6B4D, 0x8C51,
  0x3186, 0x632C, 0x8410, 0x8430, 0x738E, 0x738E, 0x9492, 0x3166, 0x3186, 0x9CD3, 0x8C52, 0x7BF0,
  0x630C, 0x9CD3, 0x5ACB, 0x0000, 0x0020, 0x0020, 0x0000, 0x5AEB, 0xA534, 0x7BEF, 0x0861, 0x632D,
  0x52AB, 0x7BCF, 0x52AB, 0x6B6E, 0x9492, 0x2966, 0x630C, 0x738E, 0x528A, 0x2104, 0x4208, 0x0000,
  0x0000, 0x632C, 0x94B2, 0x8430, 0x738E, 0x5ACB, 0x94B3, 0x4A4A, 0x2104, 0x8C51, 0x7BF0, 0x9CD4,
  0x630C, 0x8C71, 0x738E, 0x0020, 0x0000, 0x2104, 0x7BCF, 0x630C, 0x8430, 0x9492, 0x0882, 0x4A89,
  0x630C, 0x630C, 0x4A6A, 0x6B2D, 0xAD55, 0x4208, 0x526A, 0x8C52, 0x632C, 0x4208, 0x5ACB, 0xA514,
  0x52AA, 0x0000, 0x0000, 0x0020, 0x0020, 0x0020, 0x0000, 0x0000, 0x0000, 0x0000, 0x0020, 0x0000,
  0x3166, 0x8C72, 0x83F0, 0x0821, 0x7BAF, 0x528A, 0x0000, 0x18E3, 0x8C51, 0x94B3, 0x10A3, 0x4209,
  0x7BF0, 0x0841, 0x0000, 0x632C, 0xAD55, 0x52AB, 0x4228, 0x9493, 0x18C3, 0x0000, 0x39E7, 0xA514,
  0x7BEF, 0x0841, 0x0000, 0x0020, 0x0000, 0x3186, 0x8430, 0x630C, 0x0821, 0x9493, 0x630C, 0x0000,
  0x2925, 0x8410, 0x8430, 0x10A2, 0x5AAB, 0x630C, 0x0000, 0x18A3, 0x738E, 0x0000, 0x0020, 0x0020,
  0x0020, 0x0000, 0x0020, 0x4A69, 0x9CD3, 0x5ACB, 0x2124, 0x9CF4, 0x39E8, 0x18E3, 0x4A6A, 0x7BEF,
  0x8C31, 0x1062, 0x94B3, 0x52AA, 0x0000, 0x0020, 0x0000, 0x0000, 0x0000, 0x0000, 0x2125, 0x18E3,
  0x2944, 0x0861, 0x39A7, 0x3146, 0x2945, 0x2945, 0x31A6, 0x2124, 0x31A6, 0x2965, 0x31A6, 0x0000,
  0x0000, 0x0000, 0x0000, 0x0000, 0x0000, 0x0000, 0x0000, 0x0000, 0x0000, 0x0000, 0x0000, 0x1082,
  0x31A6, 0x3186, 0x2124, 0x2965, 0x18E3, 0x2104, 0x2124, 0x18E3, 0x18C3, 0x3186, 0x3186, 0x31A6,
  0x31A6, 0x31C6, 0x2104, 0x31A7, 0x2965, 0x10A2, 0x0841, 0x0000, 0x0000, 0x0000, 0x0000, 0x0000,
  0x0000, 0x0000, 0x0020, 0x0000, 0x18E3, 0x7BEF, 0x6B6D, 0x6B4D, 0xC618, 0x8410, 0x5ACB, 0x9CD3,
  0x6B4D, 0x8430, 0x7BCF, 0x6B6D, 0x8430, 0x4A49, 0x73AE, 0x8C71, 0x94B2, 0x6B4D, 0x8410, 0x9CD3,
  0x39E7, 0x5AEB, 0x9CF3, 0x9492, 0x8C51, 0xA514, 0xB596, 0x1082, 0x0861, 0x18E3, 0x39E7, 0x0000,
  0x0020, 0x8C51, 0x73AE, 0x3186, 0x9CD3, 0x73AE, 0x8C71, 0x630C, 0xAD75, 0xA514, 0x4A48, 0x738E,
  0x738E, 0x9CD3, 0x738E, 0xA534, 0x94B2, 0x528A, 0x5ACB, 0x8C71, 0x94B2, 0x7BCF, 0x9CD3, 0x8C71,
  0x528A, 0x4228, 0x94B2, 0x9472, 0x9CD3, 0x94B2, 0xAD55, 0x630C, 0x3186, 0x94B3, 0x0861, 0x0000,
  0x0000, 0x6B4D, 0x94B2, 0x3186, 0x8C71, 0x7BF0, 0xA514, 0x738E, 0xA4F4, 0x94B2, 0x4208, 0x7BCF,
  0x83F0, 0x8C72, 0x39E8, 0x0000, 0x0000, 0x0040, 0x0000, 0x4208, 0xA514, 0x8410, 0x9CD3, 0xAD75,
  0x6B6D, 0x2945, 0xAD55, 0x9492, 0x9D13, 0x8C71, 0x9CD3, 0x738E, 0x0020, 0x0020, 0x0000, 0x18E3,
  0x8430, 0x9CF3, 0x9492, 0x2125, 0x8C51, 0x7BCF, 0xA534, 0x630C, 0x9493, 0xAD75, 0x4208, 0x738E,
  0x9CD3, 0x9492, 0x8410, 0x9CF3, 0x9CD3, 0x5AEC, 0x39C7, 0x8C51, 0x0000, 0x0000, 0x0000, 0x0000,
  0x0000, 0x0000, 0x0000, 0x0020, 0x0000, 0x4228, 0xB5B6, 0x8430, 0x2125, 0x8410, 0x6B6E, 0x0020,
  0x2104, 0xBDF7, 0xAD75, 0x31A7, 0x7BCF, 0x73CF, 0x10A2, 0x0841, 0x94B2, 0xBDF7, 0x4A69, 0x4A49,
  0xAD55, 0x2104, 0x0000, 0x9CF3, 0xAD75, 0x6B4D, 0x10A2, 0x0000, 0x0020, 0x0020, 0x6B4D, 0xB5B6,
  0x73AE, 0x2124, 0x8410, 0x6B4E, 0x0000, 0x39C7, 0xBDF7, 0x7BF0, 0x4208, 0x7BCF, 0x630C, 0x10A3,
  0x0842, 0x0021, 0x0000, 0x0020, 0x0020, 0x0000, 0x0000, 0x0000, 0x7BEF, 0xAD76, 0x630C, 0x2966,
  0xAD75, 0x2965, 0x0000, 0x0000, 0x4208, 0x738E, 0x10C2, 0x8C51, 0x5AEB, 0x0000, 0x0000, 0x39C7,
  0x4228, 0x0000, 0x0020, 0x0000, 0x0861, 0x10A3, 0x0862, 0x2104, 0x39A7, 0x2104, 0x3166, 0x3186,
  0x2124, 0x1082, 0x39A7, 0x2925, 0x2124, 0x18C3, 0x0000, 0x0020, 0x0000, 0x0000, 0x0000, 0x0000,
  0x0000, 0x0000, 0x0000, 0x0000, 0x0000, 0x1082, 0x39E7, 0x18E3, 0x2965, 0x2965, 0x31A6, 0x2124,
  0x2104, 0x2124, 0x2104, 0x10A2, 0x2104, 0x4A49, 0x3166, 0x31A7, 0x39E7, 0x4A69, 0x2144, 0x39C7,
  0x0861, 0x0000, 0x0000, 0x0000, 0x0000, 0x0000, 0x0000, 0x0000, 0x0020, 0x0000, 0x2104, 0x6B6D,
  0x7BCF, 0x9492, 0xAD75, 0x6B4D, 0x738E, 0x6B4D, 0x94B2, 0x73AE, 0x7BCF, 0x2965, 0x18E3, 0x8410,
  0x8C51, 0x8C51, 0x73AE, 0xA514, 0x528A, 0x31A6, 0x5AEB, 0x8410, 0x73AE, 0x8C51, 0xA534, 0x630C,
  0x18E3, 0x3186, 0x630C, 0x0000, 0x0861, 0x1082, 0x2124, 0x31A6, 0x2104, 0xAD75, 0x630C, 0x73AE,
  0x39E7, 0x94B2, 0x528A, 0x3186, 0xA513, 0x7BEF, 0xAD55, 0x52AA, 0x73AE, 0x5ACB, 0x3186, 0x5AEB,
  0x94B2, 0x94B2, 0x8430, 0x7BEF, 0x52AA, 0x41E8, 0x2925, 0x8C51, 0x6B4D, 0x9492, 0x9CF3, 0x8410,
  0x528A, 0x18A3, 0x7BF0, 0x2945, 0x10A2, 0x0000, 0x0000, 0x3186, 0x1082, 0xA534, 0x6B6D, 0x83F0,
  0x4A69, 0x8C51, 0x5ACB, 0x31A7, 0x738E, 0x8C71, 0x9492, 0x5AEC, 0x6B6D, 0x0861, 0x0020, 0x0020,
  0x0020, 0x0000, 0x2103, 0x9CD3, 0x738E, 0x4A69, 0x0021, 0x7BEF, 0x738E, 0xA4F4, 0x8C51, 0x9472,
  0x5AEB, 0x0841, 0x7BEF, 0x18C3, 0x0000, 0x0000, 0x0841, 0x630B, 0x2144, 0x9492, 0x73AE, 0x7BAF,
  0x528A, 0x8451, 0x632D, 0x4228, 0x4A49, 0xA534, 0x9CD3, 0x6B6D, 0x6B4D, 0x632C, 0x526A, 0x18E3,
  0xAD55, 0x9492, 0x8410, 0x0020, 0x18E3, 0x1082, 0x0841, 0x0000, 0x0020, 0x0000, 0x0861, 0x3186,
  0x5AEB, 0x10A3, 0x52AB, 0x4228, 0x18A3, 0x18C3, 0xA534, 0x6B6D, 0x39C7, 0x738E, 0x8C51, 0x18E3,
  0x0000, 0x7C0F, 0x738E, 0x4A69, 0x31A6, 0xB5B6, 0x31A7, 0x0000, 0x634C, 0x7BAE, 0x5ACB, 0x0841,
  0x0000, 0x0841, 0x0000, 0x5AEB, 0x94B2, 0x5ACB, 0x0020, 0x630C, 0x52AB, 0x10A3, 0x2965, 0xBDD6,
  0x630C, 0x2966, 0x4A6A, 0x52AA, 0x7BAF, 0x4A49, 0x7BF0, 0x2125, 0x0000, 0x0020, 0x0000, 0x0842,
  0x1082, 0x1061, 0x4A28, 0x5AEB, 0x2104, 0xAD56, 0x39C7, 0x18C3, 0x0841, 0x0020, 0x3186, 0x0841,
  0x9452, 0x62CB, 0x1082, 0x0020, 0x10A2, 0x2945, 0x2925, 0x0000, 0x0020, 0x0000, 0x0821, 0x3987,
  0x18A3, 0x39E8, 0x3166, 0x2925, 0x39A7, 0x2945, 0x2124, 0x41E7, 0x3186, 0x18C3, 0x2104, 0x1082,
  0x0000, 0x0000, 0x0000, 0x0000, 0x0000, 0x0000, 0x0000, 0x0000, 0x0000, 0x0000, 0x0000, 0x1082,
  0x39C7, 0x2965, 0x2945, 0x2945, 0x2965, 0x2965, 0x2965, 0x2124, 0x31A6, 0x2965, 0x10A2, 0x10A2,
  0x2945, 0x2104, 0x18C3, 0x3185, 0x2986, 0x3186, 0x0000, 0x0020, 0x0000, 0x0000, 0x0000, 0x0000,
  0x0000, 0x0000, 0x0020, 0x0000, 0x39E7, 0xD6BA, 0xD6BA, 0xC618, 0xE71C, 0xFFFF, 0xBDF7, 0x4229,
  0xE71C, 0xEF5D, 0x630C, 0x2124, 0xE73C, 0xEF7D, 0x5AEB, 0xC618, 0xDEFB, 0x9CD3, 0x2965, 0xCE59,
  0xCE59, 0x5AEB, 0x7BEF, 0xF79E, 0xD69A, 0x31A6, 0xCE79, 0xF79E, 0x8430, 0x630C, 0x6B4D, 0x7BEF,
  0x6B4D, 0x0000, 0x18C3, 0xB5B6, 0x528A, 0x7BEF, 0x5AEB, 0x5ACB, 0x4A48, 0xFFDF, 0xD6BA, 0x5ACB,
  0x9492, 0x52AA, 0x630C, 0x18C3, 0x7BCF, 0x8431, 0x73AE, 0x9492, 0x7BD0, 0x738E, 0x0841, 0x73CE,
  0x5AEC, 0x738E, 0x630C, 0x7BEF, 0xA513, 0x4228, 0x632D, 0x5AEB, 0x8410, 0x5ACB, 0x6B4D, 0x0000,
  0x0020, 0x0000, 0x2965, 0xA514, 0x6B2D, 0x8C51, 0x5ACB, 0x8431, 0x2965, 0x7BEF, 0x8C71, 0x73AF,
  0x8C71, 0x4A69, 0x52AC, 0x0020, 0x0000, 0x0020, 0x0000, 0x0020, 0x2124, 0xA534, 0x2966, 0x52AB,
  0x5ACB, 0x8C51, 0x6B4D, 0xA534, 0x73AE, 0x528A, 0x630C, 0x7BF0, 0x7BEF, 0x18C3, 0x0000, 0x0841,
  0x0000, 0x4A6A, 0x8C51, 0xA534, 0x6B4D, 0x8430, 0x528A, 0x8410, 0x10C3, 0x8410, 0x9493, 0x8C51,
  0x8430, 0x62EC, 0x7BAF, 0x18C3, 0x6B4D, 0x738E, 0xA514, 0x73AE, 0x9CD3, 0x8431, 0x528A, 0x5AAB,
  0x2966, 0x0000, 0x0020, 0x0000, 0x52AB, 0x7BCF, 0x528A, 0x7BCF, 0x8430, 0x5AEB, 0x738E, 0x4A6A,
  0xAD55, 0x3186, 0x9471, 0x9472, 0x73AF, 0x632D, 0x5AEB, 0x8C51, 0x2104, 0x5AEB, 0x7BEF, 0x9CF3,
  0x7BF0, 0x6B6E, 0x7BEF, 0x3167, 0x5AAC, 0x3186, 0x0000, 0x0000, 0x0821, 0x9452, 0x5AEB, 0x39C7,
  0x6B4D, 0x8C72, 0x634D, 0xA514, 0x7BCF, 0x8C71, 0x39E8, 0x7BEF, 0x73AF, 0x632C, 0x7BAF, 0x6B6E,
  0x2945, 0x0020, 0x0020, 0x0000, 0x18E3, 0x62EC, 0x62EC, 0x73AF, 0x2945, 0x73AE, 0x7BEF, 0x9CD3,
  0x6B6D, 0x9CD3, 0x5AEC, 0x31A7, 0x528A, 0x738E, 0xACD5, 0x736E, 0x94B2, 0x7BAE, 0x8410, 0x4208,
  0x4A69, 0x0000, 0x0020, 0x0000, 0x2925, 0x2925, 0x2104, 0x2925, 0x20E4, 0x2124, 0x39A7, 0x18E4,
  0x39C7, 0x2144, 0x31A6, 0x2124, 0x4228, 0x0000, 0x0020, 0x0000, 0x0000, 0x0000, 0x0000, 0x0000,
  0x0000, 0x0000, 0x0000, 0x0020, 0x0000, 0x1082, 0x31A6, 0x2124, 0x39C7, 0x3186, 0x3186, 0x39C7,
  0x2945, 0x39C7, 0x31A6, 0x18E3, 0x10A2, 0x18C3, 0x18E3, 0x18E3, 0x2945, 0x1082, 0x2965, 0x18C3,
  0x0000, 0x0020, 0x0000, 0x0000, 0x0000, 0x0000, 0x0000, 0x0000, 0x0000, 0x0020, 0x0841, 0x6B6D,
  0x73AE, 0x2104, 0xE73C, 0xD69A, 0x5AEB, 0xB5B7, 0xFFFF, 0x738E, 0x1082, 0x9492, 0xEF5D, 0x7BCF,
  0xAD75, 0xFFFF, 0xB5B6, 0x2945, 0x6B6D, 0xE73C, 0x9492, 0x738E, 0xCE7A, 0xEF7D, 0x39C7, 0x5ACB,
  0xFFDF, 0x8C71, 0x738E, 0x9CD3, 0x738E, 0x8410, 0x0020, 0x0020, 0x0000, 0x2965, 0x8C51, 0x8430,
  0x9CF3, 0x0841, 0x9CF3, 0xD6BA, 0x632C, 0x8410, 0x73AE, 0xB5B6, 0x4A69, 0x5ACB, 0x7BCF, 0x8C71,
  0x94B2, 0x8C51, 0xA535, 0x6B6E, 0x5ACB, 0x8410, 0x9CD2, 0x632D, 0x7BCF, 0x8431, 0x52AB, 0x4209,
  0x73AF, 0x8C71, 0x5AAB, 0xA514, 0x0861, 0x0000, 0x0020, 0x0000, 0x7BEF, 0x8C71, 0x9492, 0x7BCF,
  0xBDD7, 0x2966, 0x52AB, 0x8C51, 0x7BCF, 0x8431, 0x6B2D, 0xA514, 0x4A6A, 0x39E8, 0x0841, 0x0000,
  0x0020, 0x0000, 0x7BCF, 0x31C7, 0x4228, 0x738E, 0x9CD3, 0x73AF, 0x8C51, 0x7BF0, 0x7BEF, 0x31A6,
  0x6B4C, 0x9CF3, 0x5ACC, 0x0841, 0x0000, 0x0020, 0x0020, 0x3186, 0xA515, 0x7BEF, 0x8C72, 0x83F0,
  0x9CF3, 0x1082, 0x4A49, 0x7BCF, 0x9492, 0x8C71, 0x83F0, 0xAD35, 0x630C, 0x4A49, 0x62EC, 0x9CF4,
  0x8410, 0x9471, 0xA514, 0x632D, 0x3186, 0x2925, 0x0000, 0x0000, 0x0000, 0x0020, 0x0862, 0x31A7,
  0x630C, 0xA514, 0x6B6D, 0xA534, 0x6B6D, 0x9CD3, 0x31A6, 0x5ACB, 0x9CF3, 0x8431, 0x94B3, 0x6B4D,
  0xAD55, 0x4A4A, 0x4229, 0x8410, 0x94B2, 0x7BD0, 0x8C72, 0x8C72, 0x4208, 0x0000, 0x0862, 0x0841,
  0x0000, 0x0841, 0x9CB3, 0x8C31, 0x2985, 0x73AF, 0xB576, 0x7C10, 0x8C72, 0x8C71, 0x9493, 0x2124,
  0x632D, 0x94B2, 0x738E, 0x8430, 0x634D, 0xB575, 0x39C7, 0x0000, 0x0000, 0x0841, 0x9492, 0x6B6D,
  0xAD55, 0x630D, 0x39C7, 0x6B6E, 0xA535, 0x8430, 0x94B2, 0x9CD3, 0x7BAE, 0x0000, 0x3186, 0x9CD3,
  0x8C92, 0xA534, 0x8C51, 0xAD35, 0x0861, 0x18E4, 0x2104, 0x0000, 0x0020, 0x0000, 0x2104, 0x10A3,
  0x3187, 0x2125, 0x31A6, 0x2103, 0x2124, 0x18E4, 0x31A6, 0x39C7, 0x2945, 0x2104, 0x39C7, 0x0841,
  0x0000, 0x0000, 0x0000, 0x0000, 0x0000, 0x0000, 0x0000, 0x0000, 0x0000, 0x0000, 0x0020, 0x0000,
  0x2965, 0x18E3, 0x2124, 0x2124, 0x18E3, 0x4208, 0x10A2, 0x39E7, 0x18C3, 0x2124, 0x18C3, 0x2945,
  0x18C3, 0x18E3, 0x2945, 0x10A2, 0x3186, 0x2965, 0x2945, 0x0000, 0x0020, 0x0000, 0x0000, 0x0000,
  0x0000, 0x0000, 0x0000, 0x0000, 0x0000, 0x0000, 0x2104, 0x630C, 0x8C51, 0x7BEF, 0xCE79, 0xEF5D,
  0x7BCF, 0x1082, 0x632C, 0x94B2, 0x7BEF, 0xBDD7, 0xFFFF, 0xA514, 0x1082, 0x73AE, 0xA514, 0x94B2,
  0xA534, 0x73AE, 0xA514, 0x2124, 0x5AEB, 0xB5B6, 0x8430, 0x6B6D, 0x632C, 0x7BEF, 0x6B4D, 0x0000,
  0x0000, 0x0020, 0x0000, 0x18E3, 0x8430, 0x5AEB, 0x0841, 0x6B4D, 0x9492, 0x7BCF, 0x7BCF, 0x528A,
  0x7BEF, 0x2104, 0x630C, 0x9CF3, 0x73AE, 0x8430, 0x9CF3, 0x9CD3, 0x31A7, 0x630C, 0xAD75, 0x8C51,
  0x7BEF, 0x632D, 0x630C, 0x6B4D, 0x0000, 0x9472, 0xAD35, 0x10A2, 0x0841, 0x0000, 0x0000, 0x0020,
  0x0020, 0x0000, 0x52AA, 0xA514, 0x8410, 0x632D, 0x0841, 0x528A, 0x94B2, 0x8C71, 0x7BCF, 0x5ACB,
  0x8430, 0x1082, 0x4A49, 0x7BEF, 0x0861, 0x0000, 0x0020, 0x0020, 0x0000, 0x4228, 0xA534, 0xA4F4,
  0x738F, 0x738E, 0x8431, 0x738E, 0x18E3, 0x8410, 0xA534, 0x632D, 0x632D, 0x1082, 0x0000, 0x0020,
  0x0000, 0x4A69, 0xA514, 0x9CD3, 0x8431, 0x73AE, 0x0861, 0x4208, 0x94B3, 0x9CD3, 0x8C51, 0x8C51,
  0xA4F4, 0x2104, 0x4228, 0xB596, 0x8C51, 0x7BCF, 0x73AE, 0x8C31, 0x738E, 0x18E4, 0xA535, 0x2124,
  0x0000, 0x0020, 0x0020, 0x0000, 0x2125, 0x9472, 0xAD55, 0x7BF0, 0x73AF, 0x8410, 0x9492, 0x18E4,
  0x73AE, 0xB5B7, 0x9492, 0x7BEF, 0x6B6E, 0x9CD3, 0x18C3, 0x39C7, 0xA514, 0xA514, 0x8C51, 0x73AF,
  0x9CF3, 0x4A49, 0x18C3, 0x2104, 0x0000, 0x0000, 0x10C2, 0x9CB2, 0x8410, 0x0861, 0xAD55, 0xB595,
  0x7BAF, 0x73CF, 0x6B6D, 0x94B3, 0x2124, 0x8410, 0xA534, 0x8410, 0x8410, 0x4228, 0x5AEC, 0x31A6,
  0x0000, 0x0000, 0x18E3, 0x8410, 0x8C51, 0x738E, 0x2965, 0x2104, 0x8411, 0xA4F4, 0x8410, 0x8C51,
  0x8C31, 0x632C, 0x0000, 0x0000, 0x4A69, 0x630D, 0x9CD3, 0x8C51, 0x9CD3, 0x1062, 0x0000, 0x39C7,
  0x39E7, 0x0000, 0x0000, 0x0861, 0x0842, 0x2966, 0x10A2, 0x2966, 0x10A2, 0x4208, 0x2965, 0x2124,
  0x39C7, 0x2965, 0x2104, 0x39E7, 0x39C7, 0x0020, 0x0000, 0x0000, 0x0000, 0x0000, 0x0000, 0x0000,
  0x0000, 0x0000, 0x0000, 0x0000, 0x0000, 0x0841, 0x3186, 0x2104, 0x2965, 0x3186, 0x18C3, 0x2124,
  0x31A6, 0x3186, 0x39E7, 0x39C7, 0x3186, 0x1082, 0x3186, 0x4A69, 0x18E3, 0x2945, 0x3186, 0x1082,
  0x10A2, 0x0000, 0x0000, 0x0000, 0x0000, 0x0000, 0x0000, 0x0000, 0x0000, 0x0000, 0x0020, 0x0000,
  0x39C7, 0x8410, 0x4A49, 0xCE59, 0xFFFF, 0xAD75, 0x0020, 0x6B4D, 0x738E, 0x4A69, 0x8C71, 0xD69A,
  0xB596, 0x2945, 0x528A, 0x7BEF, 0x52AA, 0x738E, 0x6B6D, 0x8410, 0x4A69, 0x2945, 0xAD55, 0x630C,
  0x632C, 0x73AE, 0x630C, 0x8C51, 0x0000, 0x0020, 0x0020, 0x0020, 0x0000, 0x3186, 0x94B2, 0x10A2,
  0x6B4D, 0x7BEF, 0x52AA, 0x8C51, 0xA534, 0xAD75, 0x18C3, 0x528A, 0x8430, 0x4A49, 0x6B6D, 0x5AEB,
  0x73AE, 0x4A6A, 0x2966, 0x7BEF, 0x4A49, 0x632D, 0x7BCF, 0x39C7, 0x94B2, 0x0000, 0x0020, 0x0000,
  0x0000, 0x0000, 0x0000, 0x0020, 0x0020, 0x0000, 0x0020, 0x0000, 0x8C51, 0x7BEF, 0x8410, 0x10A2,
  0x632C, 0x73AE, 0x39E7, 0x6B6D, 0x7BF0, 0x528A, 0x2125, 0x41E8, 0x8C52, 0x52AA, 0x0841, 0x0000,
  0x0020, 0x0020, 0x0000, 0x6B4D, 0x632D, 0x5ACC, 0x8C51, 0x6B4D, 0x7BF0, 0x1082, 0x8410, 0x9492,
  0x4228, 0x7BF0, 0x39C7, 0x0020, 0x0000, 0x0020, 0x0000, 0x18C3, 0x94B2, 0x6B4D, 0xA514, 0x2104,
  0x4A49, 0x738E, 0x0020, 0x5AEB, 0x73AF, 0x8C51, 0x4208, 0x2965, 0x6B6D, 0x18C3, 0x4A4A, 0x8410,
  0x8410, 0x7BF0, 0x10A2, 0x8431, 0x39C7, 0x3186, 0x1082, 0x0000, 0x0000, 0x10A2, 0x738E, 0x6B4E,
  0x2124, 0x94B2, 0x6B6E, 0x9492, 0x1081, 0x4A69, 0xA534, 0x10A2, 0x94B2, 0x8410, 0xA514, 0x4A49,
  0x39E8, 0x8411, 0x0862, 0x39C8, 0x8C72, 0x8C71, 0x52AA, 0x2124, 0x7BCF, 0x2965, 0x0000, 0x0000,
  0x18E4, 0x73AF, 0x0821, 0x7BEF, 0x4A29, 0x18C3, 0x9CD3, 0x7BCF, 0x8C71, 0x0861, 0x4A49, 0x8C71,
  0x0841, 0x8451, 0x5B0B, 0x0861, 0x0000, 0x0000, 0x0000, 0x10A2, 0x7BD0, 0x8431, 0x8C51, 0x632D,
  0x2125, 0x7BF0, 0x3166, 0x39C7, 0x9492, 0x7BEF, 0x8430, 0x0000, 0x0020, 0x0000, 0x3186, 0x9492,
  0x73AE, 0x9CD3, 0x18A3, 0x0000, 0x0000, 0x18E3, 0x18C3, 0x0000, 0x0020, 0x0000, 0x1083, 0x41E8,
  0x4228, 0x2104, 0x2104, 0x18E3, 0x2965, 0x4208, 0x10A3, 0x2125, 0x39C7, 0x3166, 0x2104, 0x1082,
  0x0000, 0x1082, 0x1082, 0x0841, 0x0000, 0x0000, 0x0000, 0x0000, 0x0000, 0x0000, 0x0000, 0x0861,
  0x3186, 0x39E7, 0x2965, 0x2124, 0x10A2, 0x2104, 0x2104, 0x31A6, 0x2104, 0x2965, 0x3186, 0x2124,
  0x39E7, 0x2945, 0x10A2, 0x31A6, 0x39C7, 0x39C7, 0x2965, 0x0000, 0x0020, 0x0000, 0x0000, 0x0000,
  0x0000, 0x0000, 0x0000, 0x0000, 0x0000, 0x0020, 0x0000, 0x2104, 0xBDF7, 0xCE79, 0x8C51, 0x4A49,
  0x6B6D, 0x630C, 0x6B6D, 0x630C, 0x738E, 0x8410, 0x18E3, 0x630C, 0x8410, 0x738E, 0x630C, 0x6B6D,
  0x9492, 0x4208, 0x4A69, 0x8C52, 0x8C71, 0x6B4D, 0x6B4D, 0x9CF3, 0x4228, 0x1082, 0x5AEB, 0x0000,
  0x0020, 0x0000, 0x0000, 0x0000, 0x0862, 0x6B6D, 0x6B4C, 0x7BEF, 0x5ACB, 0x73AE, 0x9492, 0x2124,
  0x6B6D, 0x52AA, 0x630C, 0x632C, 0x6B6D, 0x9492, 0x4208, 0x5AAB, 0x8C51, 0x632C, 0x9492, 0x52AA,
  0x0841, 0x0841, 0x1082, 0x0020, 0x0000, 0x0020, 0x0020, 0x0020, 0x0000, 0x0000, 0x0000, 0x0000,
  0x0000, 0x0000, 0x0000, 0x528A, 0x0000, 0x73AE, 0x738E, 0x8C51, 0x630C, 0x7BCF, 0x8431, 0x528A,
  0x5AEB, 0x6B4E, 0x5ACB, 0x630C, 0x0861, 0x0000, 0x0000, 0x0000, 0x0000, 0x5ACC, 0x6B6E, 0x6B6E,
  0xA534, 0x528A, 0x0841, 0x8410, 0x4209, 0x39E7, 0x6B4D, 0x8C51, 0x7BAF, 0x0841, 0x0000, 0x0020,
  0x0000, 0x3186, 0x9472, 0x9CF3, 0x0862, 0x6B4D, 0x7BF0, 0x18C3, 0x0841, 0x4A8A, 0x8C52, 0x3186,
  0x2125, 0x7BAF, 0x1082, 0x0000, 0x4A6A, 0x9492, 0x6B4D, 0x4208, 0x8430, 0x31A6, 0x0000, 0x3186,
  0x1082, 0x0000, 0x0000, 0x2124, 0x526A, 0x0000, 0x2965, 0x9CD3, 0x8C51, 0x0000, 0x5AEB, 0x738E,
  0x0821, 0x18C3, 0x8410, 0x9CD3, 0x2945, 0x39C7, 0x8431, 0x2104, 0x0000, 0x4A49, 0x9492, 0x39E7,
  0x2105, 0x8C71, 0x4208, 0x0000, 0x0020, 0x0020, 0x0000, 0x0861, 0x9CD3, 0x4A49, 0x0000, 0x39A7,
  0x9CF3, 0x8C51, 0x1083, 0x5AEB, 0x5ACB, 0x0000, 0x2925, 0x2945, 0x0000, 0x0000, 0x0000, 0x0020,
  0x0000, 0x10C3, 0x8410, 0x9492, 0x4A49, 0x0000, 0x528B, 0x31A7, 0x0000, 0x5269, 0x94B3, 0x630C,
  0x0861, 0x0841, 0x0020, 0x0020, 0x2945, 0x8C71, 0x8450, 0x10A3, 0x0000, 0x0020, 0x0000, 0x31A6,
  0x2945, 0x0000, 0x0020, 0x0841, 0x1082, 0x39A7, 0x2104, 0x31A6, 0x10A3, 0x18E3, 0x2945, 0x2945,
  0x2966, 0x31A7, 0x31A6, 0x2945, 0x2945, 0x18E3, 0x0000, 0x1904, 0x10A3, 0x0041, 0x0000, 0x0000,
  0x0000, 0x0000, 0x0000, 0x0000, 0x0020, 0x0000, 0x10A2, 0x39E7, 0x31A6, 0x31A6, 0x10A2, 0x39C7,
  0x2945, 0x2965, 0x2945, 0x31A6, 0x2945, 0x31A6, 0x39C7, 0x10A2, 0x31A6, 0x39C7, 0x3186, 0x18C3,
  0x0841, 0x0000, 0x0000, 0x0000, 0x0000, 0x0000, 0x0000, 0x0000, 0x0000, 0x0000, 0x0000, 0x0020,
  0x0020, 0x2965, 0xC638, 0xBDD7, 0x3186, 0x630C, 0x8430, 0x73AE, 0x8410, 0x632C, 0x8430, 0x5ACB,
  0x4208, 0x9CF3, 0x7BCF, 0x8430, 0x5AEB, 0x8410, 0x632C, 0x2945, 0x9CD3, 0x8430, 0x9CF3, 0x7BEF,
  0x6B6D, 0x7BEF, 0x2965, 0x6B6D, 0x632C, 0x0000, 0x0000, 0x0020, 0x0020, 0x0000, 0x1904, 0x8C71,
  0x738E, 0x7BF0, 0x632C, 0x94B2, 0x31A6, 0x4228, 0x7BCF, 0x6B6E, 0x8430, 0x738E, 0x738E, 0x738E,
  0x4228, 0x9CF3, 0x2124, 0x738E, 0x1082, 0x0000, 0x0000, 0x0000, 0x0000, 0x0000, 0x0000, 0x0000,
  0x0000, 0x0000, 0x0000, 0x0000, 0x0000, 0x0000, 0x0000, 0x0020, 0x0000, 0x0000, 0x738E, 0x7BAF,
  0x632C, 0x7BAF, 0x6B6D, 0x8C72, 0x5ACB, 0x39E7, 0x8C71, 0x7BCF, 0x8C51, 0x630C, 0x0841, 0x0000,
  0x0000, 0x0020, 0x0000, 0x5AEB, 0x738E, 0x7BF0, 0x9CD3, 0x18C3, 0x7BCF, 0x7BEF, 0x0000, 0x4208,
  0x6B6D, 0xA514, 0x18E3, 0x0000, 0x0020, 0x0000, 0x0020, 0x0000, 0x6B2D, 0x4A49, 0x528A, 0x8430,
  0x0861, 0x0842, 0x6B4D, 0x8C71, 0x738E, 0x3186, 0x8C51, 0x3146, 0x1043, 0x6B4D, 0x7BCF, 0x8411,
  0x18E4, 0x9CD3, 0x5AEB, 0x0000, 0x4A49, 0x6B6D, 0x0862, 0x0000, 0x0020, 0x0000, 0x0000, 0x3186,
  0x73AE, 0xAD55, 0x4208, 0x4A6A, 0x9493, 0x10A3, 0x0020, 0x73AF, 0x9CB3, 0x5ACC, 0x4208, 0x8410,
  0x10A2, 0x0000, 0x5ACB, 0x7BEF, 0x73AF, 0x2104, 0x8C72, 0x39C7, 0x0000, 0x0020, 0x0020, 0x0000,
  0x0020, 0x94B2, 0x8C31, 0x0000, 0x0020, 0x2965, 0xAD55, 0x4A6A, 0x4A69, 0x9491, 0x0841, 0x0000,
  0x2966, 0x39E8, 0x0020, 0x0020, 0x0020, 0x0000, 0x0020, 0x0000, 0x2124, 0x6B6D, 0x0000, 0x0020,
  0x0000, 0x0000, 0x0020, 0x5ACB, 0xA534, 0x0861, 0x0000, 0x0020, 0x0020, 0x0020, 0x2965, 0x9CF3,
  0x4A49, 0x0000, 0x0020, 0x0000, 0x0000, 0x0000, 0x0000, 0x0020, 0x0000, 0x1062, 0x18E4, 0x2966,
  0x31A6, 0x31A6, 0x4208, 0x31A6, 0x2965, 0x2104, 0x31A8, 0x3186, 0x31A6, 0x1061, 0x39E7, 0x0000,
  0x0021, 0x18E4, 0x10A3, 0x0841, 0x0000, 0x0000, 0x0000, 0x0000, 0x0000, 0x0000, 0x0000, 0x0841,
  0x2104, 0x18C3, 0x0861, 0x2104, 0x39E7, 0x31A6, 0x10A2, 0x2945, 0x39E7, 0x3186, 0x18C3, 0x3186,
  0x1082, 0x18C3, 0x2124, 0x1082, 0x18E3, 0x39C7, 0x0000, 0x0020, 0x0000, 0x0000, 0x0000, 0x0000,
  0x0000, 0x0000, 0x0000, 0x0000, 0x0000, 0x0020, 0x0000, 0x2965, 0x5AEB, 0x18C3, 0x6B4D, 0x9CD3,
  0x8430, 0x7BCF, 0x73AE, 0x5AEB, 0x18C3, 0x52AA, 0x9CD3, 0x8430, 0x7BCF, 0x7BEF, 0x6B6E, 0x2965,
  0x2124, 0x73AE, 0x7BEF, 0x8C51, 0x9492, 0x7BEF, 0x4A49, 0x18C3, 0x738E, 0x632C, 0x39E7, 0x52AA,
  0x52AA, 0x0000, 0x0020, 0x0020, 0x0000, 0x2124, 0x6B4D, 0x5AEB, 0x630C, 0x2965, 0x5ACB, 0x8C71,
  0x8430, 0x7BEF, 0x7BEF, 0x8410, 0x39E7, 0x39E7, 0x8C71, 0x8410, 0x39E7, 0x0000, 0x0841, 0x0020,
  0x0000, 0x0000, 0x0020, 0x0000, 0x0000, 0x0000, 0x0000, 0x0000, 0x0000, 0x0000, 0x0000, 0x0000,
  0x0000, 0x0000, 0x0020, 0x8431, 0x8C51, 0x6B4D, 0x62EC, 0x8C31, 0x6B4D, 0x4208, 0x5AAB, 0x94B3,
  0x8431, 0x7BCF, 0x632D, 0x528A, 0x0021, 0x0000, 0x0000, 0x0020, 0x0000, 0x632C, 0x8410, 0x4A6A,
  0x1062, 0x7BD0, 0x39C7, 0x0000, 0x52AA, 0x9492, 0x6B2D, 0x0861, 0x4A69, 0x1082, 0x0000, 0x0020,
  0x0000, 0x0020, 0x0000, 0x5ACB, 0x8410, 0x0841, 0x0821, 0x6B6E, 0x630C, 0x4A6A, 0x3186, 0x9CF3,
  0x2104, 0x0000, 0x5AAB, 0x73AE, 0x5AEB, 0x18C3, 0x9494, 0x39C9, 0x0000, 0x738E, 0x8430, 0x528A,
  0x1082, 0x0000, 0x0020, 0x0000, 0x31A7, 0x9CF3, 0x738E, 0x18C3, 0x4208, 0x6B4D, 0x0841, 0x1082,
  0x8410, 0x6B6E, 0x39A6, 0x5AAB, 0x8C52, 0x20E4, 0x0000, 0x6B6D, 0x632C, 0x5AEB, 0x31C7, 0x9CF4,
  0x4208, 0x0000, 0x0020, 0x0020, 0x0000, 0x0861, 0x8430, 0x5ACB, 0x0000, 0x0000, 0x0000, 0x3186,
  0x0841, 0x528A, 0x73AE, 0x0861, 0x0000, 0x0000, 0x2104, 0x3186, 0x0000, 0x0020, 0x0020, 0x0000,
  0x0000, 0x0020, 0x0000, 0x0000, 0x0020, 0x0000, 0x0020, 0x0000, 0x0000, 0x528A, 0x0862, 0x0000,
  0x0000, 0x0000, 0x0000, 0x0000, 0x3186, 0x10A3, 0x0000, 0x0020, 0x0000, 0x0000, 0x0000, 0x0020,
  0x0020, 0x0000, 0x0020, 0x0000, 0x2945, 0x18E3, 0x2945, 0x2945, 0x2966, 0x2986, 0x1904, 0x31A7,
  0x3186, 0x39C7, 0x2945, 0x2965, 0x39C7, 0x2104, 0x0000, 0x0020, 0x0862, 0x0020, 0x0000, 0x0000,
  0x0000, 0x0000, 0x0000, 0x0000, 0x0000, 0x0000, 0x18E3, 0x2104, 0x2104, 0x2965, 0x2945, 0x1082,
  0x2104, 0x18C2, 0x2965, 0x2124, 0x2945, 0x39E7, 0x18C3, 0x39C7, 0x2945, 0x2145, 0x39E7, 0x31A6,
  0x1082, 0x0000, 0x0000, 0x0000, 0x0000, 0x0000, 0x0000, 0x0000, 0x0000, 0x0000, 0x0000, 0x0000,
  0x0020, 0x0000, 0x5AEB, 0xB5B6, 0xE73C, 0x5AEB, 0xB5B6, 0x3186, 0x528A, 0x18E3, 0xA534, 0xDEFB,
  0x630C, 0xB5B6, 0x5AEB, 0xA534, 0x18E3, 0x4A69, 0x6B6D, 0x6B6D, 0x8430, 0x8C51, 0x7BCF, 0x2124,
  0x632C, 0x528A, 0x8430, 0x4228, 0x94B2, 0x8430, 0x8430, 0x8410, 0x4208, 0x0000, 0x0040, 0x0000,
  0x39C7, 0x9492, 0x4A49, 0x4A69, 0xB596, 0x6B6D, 0xB596, 0x4208, 0x632C, 0x18E3, 0x5ACB, 0x8430,
  0x9CF3, 0x8C51, 0x630C, 0x0000, 0x0020, 0x0000, 0x0000, 0x0000, 0x0000, 0x0000, 0x0000, 0x0000,
  0x0000, 0x0000, 0x0000, 0x0000, 0x0000, 0x0000, 0x0000, 0x0000, 0x0841, 0xB596, 0x41E8, 0x94B2,
  0x3186, 0xAD35, 0x2966, 0x630C, 0x94B2, 0x6B6E, 0x9CD3, 0x4208, 0x7BCF, 0x2104, 0x632C, 0x0000,
  0x0020, 0x0020, 0x0000, 0xCE59, 0x4A69, 0x5ACB, 0x39C7, 0x9CB3, 0x39C7, 0x6B6E, 0x7BEF, 0x738E,
  0x4A29, 0x4A49, 0x9CF3, 0x10A2, 0x0000, 0x0020, 0x0000, 0x0020, 0x0000, 0x4A49, 0x18C3, 0x630C,
  0x2945, 0x9CF3, 0x2104, 0x630C, 0x7BEF, 0x9492, 0x632D, 0x4229, 0x7BCF, 0x18C3, 0x630C, 0x4A48,
  0xAD76, 0x52AA, 0x6B4D, 0xA514, 0x5AEB, 0x3186, 0x2945, 0x0000, 0x2104, 0x8410, 0x630C, 0x9472,
  0x39E8, 0x4A29, 0x9CF3, 0x2966, 0x6B4D, 0x4228, 0xD6BA, 0x1082, 0x0000, 0x39A7, 0x2965, 0x0000,
  0x0020, 0x4228, 0x0841, 0x0000, 0x2945, 0x4A49, 0x0000, 0x0020, 0x0020, 0x0000, 0x52AB, 0x39C7,
  0xCE79, 0x52AA, 0x8410, 0x52AA, 0x6B4D, 0x39E7, 0x39C7, 0x9CB3, 0x41E8, 0x6B6E, 0x4A6A, 0x8410,
  0x0000, 0x0000, 0x0000, 0x0000, 0x0000, 0x0000, 0x0000, 0x0000, 0x0020, 0x0020, 0x0000, 0x0020,
  0x0000, 0x528A, 0x39A7, 0x6B6D, 0x4A69, 0x738E, 0x528A, 0x6B6D, 0x4228, 0x4208, 0x39E8, 0x39C7,
  0x8C51, 0x4A69, 0x9CF3, 0x18A2, 0x0000, 0x0020, 0x0000, 0x1082, 0x18C3, 0x18E4, 0x1904, 0x39C7,
  0x31C8, 0x2966, 0x3187, 0x2966, 0x39C7, 0x3186, 0x31C6, 0x3185, 0x2124, 0x2965, 0x18E3, 0x0861,
  0x0000, 0x0020, 0x0000, 0x0000, 0x0000, 0x0000, 0x0000, 0x0000, 0x0000, 0x0000, 0x0000, 0x0020,
  0x2945, 0x2945, 0x31A6, 0x2945, 0x2945, 0x31A6, 0x10A2, 0x2104, 0x2104, 0x3186, 0x31A6, 0x3186,
  0x18E3, 0x3185, 0x2104, 0x2104, 0x1904, 0x3186, 0x0000, 0x0020, 0x0000, 0x0000, 0x0000, 0x0000,
  0x0000, 0x0000, 0x0000, 0x0000, 0x0000, 0x0000, 0x0020, 0x0020, 0x2104, 0xBDF7, 0x8430, 0x94B2,
  0x8410, 0xA534, 0x3186, 0x2965, 0xAD75, 0x9CD3, 0x94B2, 0x83F0, 0xB596, 0x4228, 0x2945, 0x8410,
  0x94B2, 0x6B6D, 0x8C71, 0x9CD3, 0x632C, 0x18E3, 0x7BEF, 0xA514, 0x7BCF, 0x94B2, 0x73AE, 0x8430,
  0x18C3, 0x52AA, 0x10A2, 0x0000, 0x0020, 0x0020, 0x1082, 0x2124, 0x4208, 0xA514, 0x8430, 0x9CD3,
  0x738E, 0xAD75, 0x39E7, 0x31A6, 0x7BEF, 0x94B2, 0x8C51, 0x8410, 0x18C3, 0x0000, 0x0020, 0x0000,
  0x0000, 0x0000, 0x0000, 0x0000, 0x0000, 0x0000, 0x0000, 0x0000, 0x0000, 0x0000, 0x0000, 0x0000,
  0x0000, 0x0020, 0x0000, 0x3186, 0xAD55, 0x73AE, 0xC638, 0x3186, 0x2965, 0x8C71, 0x8C71, 0x8C51,
  0x7BCF, 0xAD76, 0x39C8, 0x2925, 0x39C7, 0x0000, 0x0020, 0x0000, 0x0001, 0x2105, 0x2945, 0x630D,
  0xBD97, 0x6B4D, 0x9CF3, 0x9492, 0x8410, 0x18A3, 0x31A7, 0xA514, 0x5ACB, 0x0020, 0x0000, 0x0000,
  0x0000, 0x0000, 0x0020, 0x0000, 0x0000, 0x528A, 0xB596, 0x31A7, 0x2104, 0x738E, 0x9492, 0x94B2,
  0x94B2, 0xAD75, 0x630C, 0x2925, 0x5AEC, 0x9CD3, 0x73AF, 0x9CD3, 0x9CD4, 0x7BCF, 0x10A3, 0x4208,
  0x10A2, 0x0000, 0x0841, 0x73AF, 0x9492, 0x18E3, 0x39C7, 0xA514, 0x7BAF, 0xAD55, 0x6B6E, 0xAD35,
  0x4228, 0x0020, 0x0020, 0x0000, 0x0000, 0x0020, 0x0000, 0x0000, 0x0000, 0x0020, 0x0000, 0x0000,
  0x0020, 0x0020, 0x0000, 0x1082, 0x39E7, 0xAD55, 0x7BEF, 0xA514, 0x94B2, 0xB596, 0x2124, 0x2965,
  0xA514, 0x630C, 0x9472, 0x8C51, 0xB5D7, 0x39E7, 0x0000, 0x0020, 0x0000, 0x0000, 0x0000, 0x0000,
  0x0000, 0x0000, 0x0000, 0x0000, 0x0000, 0x0020, 0x0000, 0x2124, 0x18C3, 0x4A49, 0xAD75, 0x83F0,
  0xA514, 0x9CB3, 0xAD75, 0x18C3, 0x2124, 0xACB5, 0x83D0, 0x18C3, 0x39E7, 0x0841, 0x0000, 0x0020,
  0x1082, 0x2945, 0x0861, 0x18E3, 0x39E8, 0x2946, 0x2125, 0x2986, 0x1904, 0x3187, 0x31A6, 0x18E3,
  0x2945, 0x2965, 0x18E3, 0x31A6, 0x4208, 0x0020, 0x0000, 0x0000, 0x0000, 0x0000, 0x0000, 0x0000,
  0x0000, 0x0000, 0x0000, 0x0000, 0x0000, 0x1082, 0x2965, 0x2104, 0x2104, 0x2965, 0x2965, 0x0000,
  0x18E3, 0x2124, 0x10A2, 0x2104, 0x3185, 0x2124, 0x2104, 0x18E3, 0x2965, 0x4208, 0x31A6, 0x39E7,
  0x1082, 0x0000, 0x0000, 0x0000, 0x0000, 0x0000, 0x0000, 0x0000, 0x0000, 0x0000, 0x0000, 0x0000,
  0x0000, 0x0000, 0x0000, 0x39C7, 0x8C71, 0x6B4D, 0x9CD3, 0x2104, 0x8410, 0xBDF7, 0x632C, 0x8C51,
  0x8430, 0xA514, 0x39E7, 0x4208, 0xD6BA, 0x94B2, 0x632C, 0x73AE, 0x9492, 0x73AE, 0x39C7, 0xB596,
  0xA514, 0x738E, 0x738E, 0x630C, 0x8410, 0x2965, 0x8C51, 0xBDF7, 0x528A, 0x0841, 0x0020, 0x0020,
  0x0000, 0x39C7, 0xBDF7, 0x8C71, 0x9492, 0x8C71, 0xA534, 0x2124, 0x632C, 0xC618, 0x8410, 0x8430,
  0x8C71, 0xAD55, 0x39E7, 0x0000, 0x0020, 0x0000, 0x0000, 0x0000, 0x0000, 0x0000, 0x0000, 0x0000,
  0x0000, 0x0000, 0x0000, 0x0020, 0x0020, 0x0000, 0x0000, 0x0020, 0x0000, 0x0041, 0x5ACB, 0x7BEF,
  0x18E4, 0x4A49, 0xCE59, 0x9492, 0x8C72, 0x9492, 0xA535, 0x39C8, 0x3166, 0xC5F8, 0x8410, 0x0000,
  0x0020, 0x0020, 0x0000, 0x1904, 0xC638, 0xA515, 0x630C, 0x9CF3, 0x8430, 0x9CB3, 0x2104, 0x9493,
  0xC618, 0x6B4D, 0x738E, 0x1082, 0x0000, 0x0000, 0x0020, 0x0020, 0x0000, 0x0020, 0x0000, 0x0000,
  0x2125, 0x10A3, 0xBDF7, 0xB576, 0x8430, 0x9492, 0x9492, 0x52AB, 0x2965, 0xB5B6, 0x9CF4, 0x73AE,
  0x9492, 0x8C72, 0x8C51, 0x2104, 0xA514, 0xCE59, 0x18C3, 0x0000, 0x4208, 0x9CD3, 0x2124, 0x632C,
  0xBDD8, 0x6B4D, 0x738E, 0x632C, 0x8430, 0x4208, 0x2945, 0x0021, 0x0000, 0x0020, 0x0020, 0x0020,
  0x0841, 0x0020, 0x0020, 0x0020, 0x0020, 0x0020, 0x0020, 0x0020, 0x0000, 0x9CF3, 0xC618, 0x6B6E,
  0x9D14, 0x8431, 0xAD75, 0x2104, 0x0000, 0x52AA, 0x632C, 0x8410, 0x7BEF, 0xA534, 0x4228, 0x0000,
  0x0020, 0x0000, 0x0000, 0x0000, 0x0020, 0x0020, 0x0000, 0x0000, 0x0000, 0x0000, 0x0000, 0x0000,
  0x0000, 0x0000, 0x0841, 0x8410, 0x8C51, 0x8C71, 0x7BEF, 0x94B2, 0x18E3, 0x0000, 0x632C, 0x736F,
  0x0801, 0x0000, 0x0000, 0x0000, 0x0000, 0x0000, 0x18E3, 0x18A3, 0x18E3, 0x2124, 0x10A2, 0x2966,
  0x3187, 0x2966, 0x2966, 0x31A7, 0x2946, 0x0841, 0x10A2, 0x10A2, 0x39E7, 0x31A6, 0x0861, 0x0000,
  0x0000, 0x0000, 0x0000, 0x0000, 0x0000, 0x0000, 0x0000, 0x0000, 0x0000, 0x0000, 0x0020, 0x0000,
  0x1082, 0x39C7, 0x18E3, 0x2945, 0x3186, 0x1082, 0x2945, 0x2124, 0x3186, 0x2965, 0x2945, 0x4A49,
  0x18E3, 0x1082, 0x18C3, 0x18C3, 0x2124, 0x39E7, 0x2104, 0x0000, 0x0020, 0x0000, 0x0000, 0x0000,
  0x0000, 0x0000, 0x0000, 0x0000, 0x0000, 0x0000, 0x0000, 0x0020, 0x0000, 0x73AE, 0x94B2, 0xAD75,
  0x2124, 0x52AA, 0x7BCF, 0x6B6D, 0x8430, 0x8C51, 0xAD55, 0x4A49, 0x4228, 0x10A2, 0x18E3, 0x738E,
  0xA514, 0x8410, 0x6B4D, 0x31A6, 0xA534, 0x738E, 0x738E, 0xAD75, 0x73AE, 0x5B0B, 0x2104, 0x8C71,
  0x9CD3, 0x738E, 0xB596, 0x2124, 0x0000, 0x0020, 0x0000, 0x18E3, 0x6B6D, 0x9CD3, 0x8C71, 0xAD55,
  0x4208, 0x528A, 0x8430, 0x6B6D, 0x6B4D, 0x8C71, 0x8C51, 0x632C, 0x4228, 0x0861, 0x0000, 0x0020,
  0x0000, 0x0000, 0x0000, 0x0000, 0x0000, 0x0000, 0x0000, 0x0000, 0x0000, 0x0020, 0x0020, 0x0000,
  0x0000, 0x0020, 0x0000, 0x18C3, 0x9C94, 0x2945, 0x52AB, 0x8C51, 0x31A6, 0x9491, 0x8C71, 0xA514,
  0x4A6A, 0x31A7, 0x738F, 0x3186, 0x4229, 0x0000, 0x0000, 0x0020, 0x0000, 0x8430, 0x4A49, 0x6B4E,
  0xB5B6, 0x62EC, 0x9492, 0x18E3, 0x8431, 0x7BAF, 0x4208, 0xAD95, 0x6B4D, 0x0841, 0x0000, 0x0000,
  0x0020, 0x0020, 0x0000, 0x0000, 0x0000, 0x0020, 0x0000, 0x0841, 0x10A3, 0x4A69, 0xB596, 0xA514,
  0x5AEB, 0x2145, 0x8410, 0x31A6, 0x4208, 0x94B3, 0x9CD3, 0x8C71, 0x2104, 0xA535, 0x5ACB, 0x41E8,
  0x10A2, 0x0861, 0xA514, 0x2925, 0x73AE, 0x9492, 0x3186, 0xAD55, 0x7BF0, 0xAD56, 0x3186, 0x3186,
  0xA534, 0x18E3, 0x0000, 0x0020, 0x0000, 0x0020, 0x0020, 0x0000, 0x0020, 0x0020, 0x0000, 0x0000,
  0x0000, 0x0000, 0x0020, 0x18E3, 0x4A69, 0x8431, 0x7C10, 0x8C72, 0x18C3, 0x0000, 0x0020, 0x3186,
  0x9CD3, 0x5ACB, 0x8C71, 0x4208, 0x0000, 0x0020, 0x0020, 0x0020, 0x0000, 0x0000, 0x0020, 0x0020,
  0x0000, 0x0000, 0x0000, 0x0000, 0x0000, 0x0000, 0x0000, 0x0020, 0x0020, 0x18E3, 0xAD55, 0x94B2,
  0x8C71, 0x0841, 0x0000, 0x0000, 0x1062, 0x0000, 0x0000, 0x0020, 0x0020, 0x0000, 0x1082, 0x2104,
  0x2124, 0x2965, 0x31A6, 0x0841, 0x2104, 0x2966, 0x2966, 0x31A7, 0x3186, 0x31C7, 0x2104, 0x528A,
  0x39E7, 0x3186, 0x3186, 0x31A6, 0x2924, 0x0000, 0x0020, 0x0000, 0x0000, 0x0000, 0x0000, 0x0000,
  0x0000, 0x0000, 0x0000, 0x0000, 0x0020, 0x0000, 0x3186, 0x2945, 0x31A6, 0x39C7, 0x10A2, 0x39E7,
  0x4228, 0x18E3, 0x18E3, 0x39C7, 0x39C7, 0x2104, 0x0861, 0x2945, 0x52AA, 0x39E7, 0x31A6, 0x2124,
  0x0020, 0x0000, 0x0000, 0x0000, 0x0000, 0x0000, 0x0000, 0x0000, 0x0000, 0x0000, 0x0000, 0x0000,
  0x0000, 0x0020, 0x0000, 0x18C3, 0x9492, 0x4208, 0x738E, 0x7BEF, 0x6B4D, 0xAD55, 0x8410, 0xA514,
  0x5ACB, 0x52CB, 0xB596, 0x630C, 0x0020, 0x0000, 0x4208, 0x632C, 0x31A6, 0x9CF3, 0x8C71, 0xA514,
  0x9CF3, 0x8410, 0x6B6D, 0x52AA, 0x738E, 0x9CD2, 0x8C51, 0xAD55, 0x7BEF, 0x18C3, 0x0000, 0x0020,
  0x0000, 0x39C7, 0xB596, 0x8410, 0xA514, 0x2965, 0x5AEB, 0x94B2, 0x4A49, 0x9CD3, 0x8C51, 0x8C71,
  0x5AAB, 0x4A69, 0xBDD7, 0x6B2D, 0x0841, 0x0000, 0x0000, 0x0000, 0x0000, 0x0000, 0x0000, 0x0000,
  0x0000, 0x0000, 0x0000, 0x0000, 0x0000, 0x0000, 0x0000, 0x0000, 0x0000, 0x0020, 0x0841, 0x5ACB,
  0xA514, 0x0841, 0x2945, 0x9CF3, 0xA514, 0x4A49, 0x4229, 0xAD55, 0x1082, 0x0841, 0x5ACB, 0x0000,
  0x0020, 0x0000, 0x0000, 0x0840, 0x0000, 0x738E, 0x8430, 0x8C72, 0x18E4, 0xA514, 0x73AE, 0x0000,
  0x6B2E, 0x9CD3, 0x8431, 0x18A3, 0x0000, 0x0020, 0x0000, 0x1062, 0x1082, 0x1082, 0x0000, 0x0020,
  0x0020, 0x0000, 0x0000, 0x0000, 0x52AB, 0x6B6E, 0x2124, 0xAD55, 0x4A69, 0x0000, 0x7BF0, 0x8C51,
  0x8410, 0x3186, 0xA515, 0x632D, 0x0000, 0x5ACB, 0x2124, 0x0000, 0x0841, 0x8C71, 0x8430, 0x0000,
  0x528A, 0x94B2, 0x9CD3, 0x52AB, 0x4A49, 0xAD55, 0x4208, 0x0000, 0x0020, 0x0000, 0x0000, 0x0000,
  0x0000, 0x0000, 0x0000, 0x0000, 0x0000, 0x0000, 0x0000, 0x0000, 0x0020, 0x0000, 0x5AEB, 0x8C51,
  0x8C71, 0x18C3, 0x0000, 0x0020, 0x0000, 0x5ACB, 0x73AF, 0x7BCF, 0x2965, 0x0000, 0x0020, 0x0020,
  0x0000, 0x0000, 0x0000, 0x0000, 0x0000, 0x0000, 0x0000, 0x0000, 0x0000, 0x0000, 0x0000, 0x0000,
  0x0000, 0x0000, 0x0020, 0x0000, 0x2965, 0x8410, 0x18E3, 0x0000, 0x0020, 0x0000, 0x0000, 0x0020,
  0x0020, 0x0000, 0x0000, 0x0000, 0x10A2, 0x39E7, 0x3186, 0x3186, 0x2104, 0x2104, 0x31A6, 0x31A7,
  0x31A6, 0x18E4, 0x39C9, 0x3187, 0x1082, 0x3A08, 0x18C3, 0x3187, 0x31A6, 0x39C7, 0x39C7, 0x0840,
  0x0000, 0x0000, 0x0000, 0x0000, 0x0000, 0x0000, 0x0000, 0x0000, 0x0000, 0x0000, 0x0020, 0x0000,
  0x18C3, 0x2945, 0x3186, 0x3186, 0x2104, 0x39C7, 0x18E3, 0x3186, 0x18E3, 0x2965, 0x3186, 0x39C7,
  0x2965, 0x0020, 0x2124, 0x10A2, 0x3186, 0x4A49, 0x18C3, 0x0000, 0x0020, 0x0000, 0x0000, 0x0000,
  0x0000, 0x0000, 0x0000, 0x0000, 0x0000, 0x0000, 0x0000, 0x0000, 0x0000, 0x0020, 0x0000, 0x4A49,
  0x73AE, 0x5AEB, 0x7BEF, 0x3186, 0x8430, 0x630C, 0x18E3, 0x8C71, 0x6B4D, 0x632C, 0x0841, 0x0000,
  0x0000, 0x0000, 0x52AA, 0x6B6D, 0x8C51, 0x5ACB, 0x4A69, 0x738E, 0x10A2, 0x5AEB, 0x6B4D, 0x632C,
  0x73AE, 0x4A69, 0xAD55, 0x18E3, 0x0000, 0x0020, 0x0000, 0x0000, 0x0861, 0x8C71, 0x39E7, 0x2965,
  0x8C51, 0x4A49, 0x6B4D, 0x4A49, 0x7BEF, 0x73CF, 0x10A2, 0x94B2, 0x7BEF, 0x736E, 0x0861, 0x0000,
  0x0020, 0x0000, 0x0000, 0x0000, 0x0000, 0x0000, 0x0000, 0x0000, 0x0000, 0x0020, 0x0020, 0x0020,
  0x0020, 0x0000, 0x0000, 0x0000, 0x0841, 0x52AB, 0x0000, 0x0841, 0x39E7, 0x738E, 0x5AEB, 0x18E3,
  0x8410, 0x10A3, 0x0000, 0x630C, 0x3166, 0x0000, 0x0000, 0x0020, 0x0000, 0x0000, 0x39E8, 0x5AAB,
  0x7BEF, 0x1082, 0x5AAB, 0x7BCF, 0x0000, 0x2104, 0x528A, 0xAD55, 0x39A7, 0x0000, 0x0020, 0x0000,
  0x0000, 0x10A2, 0x1082, 0x10A3, 0x0020, 0x0020, 0x0020, 0x0020, 0x0020, 0x0000, 0x0000, 0x0000,
  0x5AEB, 0x31A6, 0x0000, 0x0821, 0x4229, 0xB5B6, 0x18E3, 0x7BEF, 0x632D, 0x0000, 0x0020, 0x0000,
  0x0000, 0x0020, 0x4A69, 0x8431, 0x0000, 0x0841, 0x2945, 0x9CF4, 0x528B, 0x3987, 0x9472, 0x18C3,
  0x0000, 0x0020, 0x0000, 0x0000, 0x0000, 0x0000, 0x0000, 0x0000, 0x0000, 0x0000, 0x0000, 0x0000,
  0x0020, 0x0020, 0x0020, 0x0020, 0x2945, 0x7BCF, 0x2104, 0x0000, 0x0020, 0x0020, 0x0000, 0x2104,
  0x9CF3, 0x4A49, 0x0000, 0x0020, 0x0020, 0x0020, 0x18E3, 0x2945, 0x0000, 0x0020, 0x0020, 0x0020,
  0x0000, 0x0000, 0x0000, 0x0000, 0x0000, 0x0000, 0x0000, 0x0000, 0x0000, 0x0020, 0x0000, 0x0000,
  0x0000, 0x0020, 0x0000, 0x0020, 0x0020, 0x0000, 0x0000, 0x0000, 0x0000, 0x0000, 0x10A2, 0x3186,
  0x18C3, 0x3187, 0x2124, 0x31A6, 0x18E4, 0x31C7, 0x2986, 0x39A8, 0x3186, 0x2946, 0x39E8, 0x1904,
  0x31A7, 0x2946, 0x39C7, 0x18C3, 0x18E3, 0x0020, 0x0000, 0x0000, 0x0000, 0x0000, 0x0000, 0x0000,
  0x0000, 0x0000, 0x0000, 0x0000, 0x0020, 0x0000, 0x18C3, 0x39C7, 0x39C7, 0x0861, 0x31A6, 0x2124,
  0x3186, 0x2945, 0x2965, 0x39C7, 0x4A49, 0x4228, 0x2104, 0x2965, 0x2945, 0x3186, 0x3186, 0x2945,
  0x2965, 0x0020, 0x0000, 0x0000, 0x0000, 0x0000, 0x0000, 0x0000, 0x0000, 0x0000, 0x0000, 0x0000,
  0x0000, 0x0000, 0x0020, 0x0000, 0x0861, 0x5AEB, 0x738E, 0x7BCF, 0x8C51, 0x7BEF, 0x39E7, 0x52AA,
  0x94B2, 0x8410, 0x6B4D, 0x52AA, 0x0020, 0x0000, 0x0020, 0x0020, 0x0000, 0x4208, 0x8C71, 0x738E,
  0x528A, 0x1082, 0x5AEB, 0x7BCF, 0x6B4D, 0x8C51, 0x738E, 0x632C, 0x3186, 0x5ACB, 0x10A2, 0x0000,
  0x0020, 0x0000, 0x31A6, 0x31A6, 0x39C7, 0x6B6E, 0x7BCF, 0x738E, 0x6B4D, 0x7BEF, 0x4208, 0x2965,
  0x7C0F, 0x8410, 0x73AE, 0x5AEB, 0x0862, 0x0000, 0x0020, 0x0000, 0x0000, 0x0000, 0x0000, 0x0000,
  0x0020, 0x0020, 0x0020, 0x0000, 0x0000, 0x0000, 0x0000, 0x0000, 0x0000, 0x0000, 0x0000, 0x0000,
  0x0861, 0x632C, 0x738E, 0x4208, 0x4208, 0x8C71, 0x0841, 0x0842, 0x41E8, 0x73AF, 0x4228, 0x0020,
  0x0000, 0x0020, 0x0000, 0x4A69, 0x8410, 0x5ACB, 0x0842, 0x8431, 0x52AB, 0x0000, 0x39C7, 0x8410,
  0x630C, 0x2104, 0x4A49, 0x1082, 0x0000, 0x0000, 0x2965, 0x3186, 0x3166, 0x31A6, 0x31A6, 0x31A6,
  0x31A6, 0x39E7, 0x0021, 0x0000, 0x0020, 0x0020, 0x0000, 0x0000, 0x0000, 0x0000, 0x4A09, 0x2104,
  0x6B6D, 0x528A, 0x0000, 0x0000, 0x0000, 0x0020, 0x0020, 0x0862, 0x52AB, 0x0020, 0x1062, 0x0821,
  0x4229, 0x3186, 0x2104, 0x6B4D, 0x18A3, 0x0000, 0x0020, 0x0000, 0x0000, 0x0000, 0x0000, 0x0000,
  0x0000, 0x0000, 0x0000, 0x0000, 0x0000, 0x0020, 0x0000, 0x0000, 0x0000, 0x0000, 0x4A69, 0x18E3,
  0x0000, 0x0000, 0x0000, 0x0000, 0x0000, 0x4208, 0x2945, 0x0000, 0x0000, 0x0020, 0x0000, 0x0000,
  0x2965, 0x41E8, 0x0000, 0x0000, 0x0000, 0x0000, 0x0020, 0x0000, 0x0000, 0x0000, 0x0000, 0x0000,
  0x0000, 0x0000, 0x0000, 0x0000, 0x0020, 0x0020, 0x0020, 0x0020, 0x0000, 0x0020, 0x0020, 0x0000,
  0x0000, 0x0000, 0x0020, 0x0000, 0x31A7, 0x2104, 0x3186, 0x2966, 0x2924, 0x1082, 0x18C4, 0x2125,
  0x31A7, 0x0841, 0x31A8, 0x2126, 0x18E4, 0x31A6, 0x3186, 0x3186, 0x2104, 0x39A7, 0x0841, 0x0000,
  0x0020, 0x0020, 0x0000, 0x0000, 0x0000, 0x0000, 0x0000, 0x0000, 0x0000, 0x0000, 0x0000, 0x0000,
  0x0020, 0x39C7, 0x18E3, 0x39C7, 0x3186, 0x2945, 0x18E3, 0x2124, 0x2104, 0x10A2, 0x2965, 0x3186,
  0x18E3, 0x4A69, 0x4208, 0x2124, 0x2965, 0x2965, 0x39C7, 0x2124, 0x0000, 0x0020, 0x0000, 0x0000,
  0x0000, 0x0000, 0x0000, 0x0000, 0x0000, 0x0000, 0x0000, 0x0000, 0x0000, 0x0020, 0x0000, 0x2124,
  0xAD75, 0x2945, 0x73AE, 0x2965, 0x18E3, 0xAD55, 0x73AE, 0xAD75, 0x4A69, 0xAD55, 0x2945, 0x3A07,
  0x0000, 0x0020, 0x0020, 0x0000, 0xCE79, 0x4A49, 0x2965, 0x3186, 0x632C, 0x39E7, 0x7BEF, 0x5ACB,
  0x7BCF, 0x31A6, 0x39E7, 0xDEDB, 0x1082, 0x0000, 0x0020, 0x0000, 0x0000, 0x0000, 0xBDD7, 0x5AEB,
  0xB596, 0x31A6, 0x8C71, 0x1082, 0x2925, 0x738E, 0x7BEF, 0x9CF4, 0x52AB, 0xA535, 0x2124, 0x0000,
  0x0020, 0x0020, 0x0020, 0x0000, 0x0000, 0x0020, 0x0020, 0x0000, 0x0000, 0x0820, 0x39E7, 0x18C3,
  0x4A49, 0x0000, 0x0020, 0x0000, 0x0862, 0x41E8, 0x2945, 0xA514, 0x18E3, 0x3166, 0x9CD3, 0x7BEF,
  0x39E7, 0x2965, 0x94B3, 0x10A3, 0x39C7, 0x0000, 0x0000, 0x0020, 0x0000, 0xB596, 0x4A69, 0x3186,
  0x20E5, 0xAD35, 0x2104, 0x39A7, 0x73AE, 0x8431, 0x31A7, 0x2104, 0x9CF4, 0x2104, 0x0000, 0x0000,
  0x1082, 0x39E7, 0x3186, 0x31A6, 0x2945, 0x0841, 0x0841, 0x0841, 0x0000, 0x0000, 0x0020, 0x0000,
  0x39C7, 0x10A3, 0x2945, 0x18E3, 0x39C7, 0x3186, 0xC618, 0x2945, 0x39A7, 0x4A49, 0x39E7, 0x0000,
  0x0861, 0x4A29, 0x0842, 0x4228, 0x2104, 0x4A69, 0x39C7, 0x2124, 0x8430, 0x2965, 0x3186, 0x10A2,
  0x0000, 0x0000, 0x0000, 0x0000, 0x0000, 0x0000, 0x0000, 0x0000, 0x0000, 0x0000, 0x0020, 0x0000,
  0x2124, 0x2104, 0x2124, 0x18C3, 0x39C7, 0x2104, 0x5ACB, 0x2966, 0x528A, 0x3166, 0x41E8, 0x18E4,
  0x2104, 0x0000, 0x0020, 0x0001, 0x1063, 0x4228, 0x2966, 0x2966, 0x2124, 0x1082, 0x2965, 0x1082,
  0x0000, 0x0020, 0x0000, 0x0000, 0x0000, 0x0000, 0x0000, 0x0000, 0x0000, 0x0000, 0x0000, 0x0000,
  0x0000, 0x0000, 0x0000, 0x0000, 0x0000, 0x0000, 0x0000, 0x0000, 0x0020, 0x0000, 0x2966, 0x39C9,
  0x2125, 0x18C3, 0x2926, 0x31A7, 0x18C3, 0x18E4, 0x2124, 0x2967, 0x39C9, 0x31A7, 0x2986, 0x2125,
  0x2946, 0x2946, 0x2124, 0x3145, 0x0000, 0x0000, 0x0021, 0x18E4, 0x0020, 0x0000, 0x0000, 0x0000,
  0x0000, 0x0000, 0x0000, 0x0000, 0x0000, 0x0020, 0x0000, 0x31A6, 0x3186, 0x2104, 0x39C7, 0x10A2,
  0x1082, 0x18C3, 0x18E4, 0x10A2, 0x3186, 0x18C3, 0x4228, 0x4A69, 0x18E3, 0x2965, 0x31A6, 0x3186,
  0x31A6, 0x0020, 0x0000, 0x0000, 0x0000, 0x0000, 0x0000, 0x0000, 0x0000, 0x0000, 0x0000, 0x0000,
  0x0000, 0x0000, 0x0000, 0x0020, 0x0020, 0x0041, 0x5ACB, 0xB596, 0x52AA, 0x2965, 0x8410, 0x7BEF,
  0x9492, 0x6B6D, 0x8410, 0x4228, 0x0861, 0x2124, 0x0000, 0x0020, 0x0000, 0x0020, 0x5AEB, 0x18C3,
  0x52AA, 0x9492, 0x4A69, 0x9492, 0x6B4D, 0xA514, 0x2965, 0x4A49, 0xA534, 0x6B8E, 0x6B4D, 0x0000,
  0x0020, 0x0020, 0x0000, 0x4228, 0x8430, 0x9CD3, 0x8410, 0x9CF3, 0x4A69, 0x1082, 0x8410, 0x7BEF,
  0x6B6D, 0x73AE, 0x8431, 0x73CF, 0x0000, 0x0000, 0x0020, 0x0020, 0x0020, 0x0020, 0x0020, 0x0000,
  0x0020, 0x738F, 0x41E8, 0x94B2, 0x6B4D, 0x9CD3, 0x4209, 0x0000, 0x0020, 0x0000, 0x0841, 0x5AEC,
  0x9CF3, 0x41E8, 0x2104, 0x8C71, 0x9472, 0x8C72, 0x8C51, 0x9CD4, 0x6B6E, 0x0841, 0x630C, 0x9492,
  0x0841, 0x0000, 0x0000, 0x39E7, 0x18C3, 0x4A49, 0xAD55, 0x632C, 0x8C72, 0x73AF, 0x8431, 0x18C3,
  0x3186, 0x9CF3, 0x528A, 0x0020, 0x0000, 0x0000, 0x0841, 0x2104, 0x18C3, 0x18E3, 0x1082, 0x0000,
  0x0000, 0x0000, 0x0000, 0x0000, 0x0020, 0x0000, 0x3166, 0x94B3, 0x8C51, 0x0841, 0x4A6A, 0xA535,
  0x6B4D, 0x8410, 0x8430, 0xA514, 0x3186, 0x0000, 0x0021, 0x41E8, 0x9492, 0x6B6D, 0x94B3, 0x39A7,
  0x2104, 0x9CF3, 0x9492, 0x94B2, 0x6B4D, 0x0841, 0x0020, 0x0000, 0x0020, 0x0000, 0x0000, 0x0000,
  0x0000, 0x0000, 0x0000, 0x0020, 0x0000, 0x4A69, 0x7BF0, 0x632D, 0x8C51, 0x2104, 0x39E7, 0x9CF3,
  0x738E, 0x94B2, 0x8C51, 0x9D14, 0x31A6, 0x2965, 0x2925, 0x0000, 0x0000, 0x0820, 0x8C51, 0x4A6A,
  0x2945, 0xA514, 0x8410, 0x8C91, 0x6B4D, 0x7BF0, 0x4208, 0x0000, 0x0020, 0x0000, 0x0000, 0x0000,
  0x0000, 0x0000, 0x0000, 0x0000, 0x0000, 0x0000, 0x0000, 0x0000, 0x0000, 0x0000, 0x0000, 0x0000,
  0x0000, 0x0000, 0x0000, 0x0021, 0x39C7, 0x10A3, 0x4209, 0x2945, 0x3146, 0x1083, 0x2945, 0x3186,
  0x2966, 0x2986, 0x31A6, 0x2125, 0x31A8, 0x2965, 0x2945, 0x39C7, 0x39C7, 0x3186, 0x0020, 0x0000,
  0x0021, 0x18E4, 0x0000, 0x0000, 0x0000, 0x0000, 0x0000, 0x0000, 0x0000, 0x0000, 0x0000, 0x0020,
  0x0000, 0x31A6, 0x2104, 0x39C7, 0x2945, 0x31A6, 0x3186, 0x2945, 0x10A2, 0x2965, 0x18C3, 0x1082,
  0x2965, 0x5ACB, 0x39E7, 0x3186, 0x2124, 0x3186, 0x39E7, 0x18E3, 0x0000, 0x0020, 0x0000, 0x0000,
  0x0000, 0x0000, 0x0000, 0x0000, 0x0000, 0x0000, 0x0000, 0x0000, 0x0000, 0x0000, 0x0020, 0x0000,
  0x10A2, 0x52AA, 0x5ACB, 0x94B2, 0x8410, 0x8410, 0x8C71, 0x9CF3, 0x630C, 0x3186, 0xB596, 0x5ACB,
  0x0000, 0x0020, 0x0000, 0x0000, 0x0841, 0x8C51, 0x9CD3, 0x632C, 0x9CD3, 0x8430, 0x83F0, 0x52AA,
  0x7BCF, 0xAD55, 0x7BEF, 0x8C71, 0x8410, 0x630C, 0x0000, 0x0020, 0x0000, 0x39E7, 0xAD55, 0x8430,
  0xA514, 0x6B4D, 0x31A6, 0xA534, 0x6B4D, 0x8410, 0x8C51, 0x94B2, 0x8C31, 0x2966, 0x9CD3, 0x0841,
  0x0000, 0x0020, 0x0020, 0x0000, 0x0000, 0x8430, 0xB5B6, 0x7BCF, 0x9492, 0x73AE, 0x9CB3, 0x5AEB,
  0x0000, 0x0020, 0x0020, 0x0000, 0x0020, 0x73AE, 0x4A49, 0x2104, 0xAD35, 0x8431, 0x9492, 0x8C71,
  0xA514, 0x7BCF, 0x10A2, 0xA4F4, 0x8410, 0x5AEC, 0x0841, 0x0000, 0x0000, 0x0000, 0x9492, 0xA514,
  0x6B6D, 0x8451, 0x8C31, 0xAD75, 0x39E7, 0x52AB, 0xAD76, 0x7BCF, 0x738F, 0x0841, 0x0000, 0x0020,
  0x0000, 0x0000, 0x0000, 0x0000, 0x0000, 0x0020, 0x0000, 0x0000, 0x0000, 0x0000, 0x0000, 0x0020,
  0x0000, 0x52AA, 0x31A7, 0x9492, 0x9CD3, 0x7BD0, 0x9472, 0x8410, 0x94B3, 0x2104, 0x0000, 0x0020,
  0x0020, 0x630C, 0x7BF0, 0xAD75, 0x52AA, 0x0000, 0x630C, 0x8431, 0x8C51, 0x7BAF, 0x18C3, 0x0000,
  0x0020, 0x0000, 0x0000, 0x0020, 0x0000, 0x0000, 0x0000, 0x0000, 0x0000, 0x0020, 0x0000, 0x3186,
  0x8C72, 0x8C71, 0x2945, 0x0000, 0x4A69, 0x6B6E, 0x8C72, 0x8431, 0x9CD3, 0x4208, 0x0000, 0x0000,
  0x0000, 0x0000, 0x0000, 0x8C71, 0x7BCF, 0x0001, 0x39C7, 0x8C72, 0x73AF, 0x6B6D, 0x7BEF, 0x8C31,
  0x2945, 0x0000, 0x0000, 0x0000, 0x0000, 0x0000, 0x0000, 0x0000, 0x0000, 0x0000, 0x0000, 0x0000,
  0x0000, 0x0000, 0x0000, 0x0000, 0x0000, 0x0000, 0x0000, 0x0000, 0x0000, 0x0882, 0x39C8, 0x39E8,
  0x2946, 0x18E4, 0x3187, 0x2104, 0x2125, 0x2104, 0x39E8, 0x2966, 0x31A7, 0x2966, 0x39C7, 0x31A6,
  0x39C7, 0x3186, 0x3146, 0x2965, 0x0861, 0x0000, 0x0020, 0x0861, 0x0000, 0x0000, 0x0000, 0x0000,
  0x0000, 0x0000, 0x0000, 0x0000, 0x0000, 0x0020, 0x0000, 0x18C3, 0x2965, 0x3186, 0x2945, 0x2965,
  0x18E3, 0x31A6, 0x1082, 0x18E3, 0x18C3, 0x10A2, 0x39E7, 0x2104, 0x3186, 0x39E7, 0x2965, 0x2945,
  0x31A6, 0x10A2, 0x0000, 0x0020, 0x0000, 0x0000, 0x0000, 0x0000, 0x0000, 0x0000, 0x0000, 0x0000,
  0x0000, 0x0000, 0x0000, 0x0000, 0x0000, 0x0020, 0x0000, 0x18E3, 0x632C, 0x630C, 0x8C51, 0x8C51,
  0x6B6D, 0x52AA, 0x31A6, 0x9CD3, 0x6B4D, 0x8C51, 0x738E, 0x0000, 0x0020, 0x0000, 0x0841, 0x52AA,
  0x7BEF, 0x9CD3, 0x7BEF, 0x9492, 0x2104, 0x5AEB, 0x94B2, 0x6B4D, 0x9CD3, 0x73AE, 0x9CD3, 0x4208,
  0x0861, 0x0841, 0x0020, 0x0000, 0x4228, 0xA514, 0x528A, 0x1082, 0x630C, 0x5ACB, 0x7BCF, 0x9492,
  0x8C71, 0x8410, 0x18E4, 0xAD56, 0x632C, 0x0861, 0x0000, 0x0862, 0x0020, 0x0000, 0x7BCF, 0x8410,
  0x632D, 0x94B2, 0x8410, 0x9CD3, 0x2124, 0x4A49, 0x7BEF, 0x0000, 0x0020, 0x0000, 0x0020, 0x3166,
  0x2945, 0x8C30, 0x4A69, 0x83F0, 0x9492, 0xA514, 0x6B6D, 0x0862, 0x738E, 0x630D, 0x630C, 0x8410,
  0x0841, 0x0000, 0x0000, 0x0841, 0x4A6A, 0x7BCF, 0x8C71, 0x632C, 0x94B3, 0x41E8, 0x630C, 0x8C51,
  0x632C, 0x9CF3, 0x5AEB, 0x0861, 0x0000, 0x0020, 0x0000, 0x0020, 0x0000, 0x0000, 0x0020, 0x0000,
  0x0841, 0x0020, 0x0000, 0x0000, 0x0000, 0x0000, 0x0020, 0x0000, 0x632C, 0x738E, 0x5ACB, 0x9492,
  0x73AE, 0x7BCF, 0x2945, 0x0000, 0x0020, 0x0821, 0x8C51, 0x6B6D, 0x9CF4, 0x5AAB, 0x0000, 0x0841,
  0x31A7, 0x9CB3, 0x52AA, 0x7BB0, 0x4229, 0x0000, 0x0020, 0x0841, 0x0861, 0x0000, 0x0000, 0x0000,
  0x0000, 0x0000, 0x0000, 0x0020, 0x0000, 0x39C7, 0x738E, 0x18E3, 0x0000, 0x0000, 0x31A6, 0x8C51,
  0x8430, 0xA514, 0x4A69, 0x0000, 0x0020, 0x0020, 0x0000, 0x0842, 0x9492, 0x73AE, 0x0000, 0x0000,
  0x18C3, 0x8431, 0x8410, 0x8410, 0x8410, 0x0841, 0x0000, 0x0020, 0x4A69, 0x7BCF, 0x0000, 0x0020,
  0x0000, 0x0000, 0x0000, 0x0000, 0x0000, 0x0000, 0x0000, 0x0000, 0x0000, 0x0000, 0x0000, 0x0000,
  0x0000, 0x0000, 0x0000, 0x0861, 0x39C7, 0x18C3, 0x2965, 0x2945, 0x2945, 0x4A49, 0x4208, 0x41E8,
  0x18E4, 0x2965, 0x3187, 0x3187, 0x2966, 0x39E7, 0x2104, 0x2124, 0x18E3, 0x0000, 0x0000, 0x0000,
  0x0020, 0x0000, 0x0000, 0x0000, 0x0000, 0x0000, 0x0000, 0x0000, 0x0000, 0x0000, 0x0000, 0x0020,
  0x0000, 0x39C7, 0x2945, 0x39C7, 0x2124, 0x2945, 0x1082, 0x2965, 0x2104, 0x3186, 0x4208, 0x2965,
  0x2965, 0x31A6, 0x31A6, 0x39E7, 0x2945, 0x18E3, 0x31A6, 0x31A6, 0x0000, 0x0020, 0x0000, 0x0000,
  0x0000, 0x0000, 0x0000, 0x0000, 0x0000, 0x0000, 0x0000, 0x0000, 0x0000, 0x0000, 0x0000, 0x0020,
  0x0020, 0x18C3, 0x73AE, 0xAD75, 0x73AE, 0x7BCF, 0x738E, 0x31A6, 0xA534, 0x73AE, 0xAD55, 0x8C51,
  0x3186, 0x0020, 0x0020, 0x0000, 0x0861, 0x9CF3, 0xAD55, 0x6B6D, 0x6B6D, 0x31A6, 0x738E, 0xA534,
  0x6B6D, 0xAD55, 0x6B4D, 0x73AE, 0x39E7, 0x4A69, 0x9492, 0x0020, 0x0020, 0x0020, 0x73AE, 0x52AA,
  0x4228, 0xAD55, 0x18C3, 0x18C3, 0x8C71, 0x8410, 0x8C51, 0x2945, 0xA514, 0x528A, 0x0000, 0x632C,
  0x52AA, 0x5AEB, 0x0000, 0x7BEF, 0x7BEF, 0x0000, 0x8410, 0x6B6D, 0x736E, 0x2125, 0x5AEB, 0xB596,
  0x10A2, 0x0000, 0x0020, 0x0020, 0x0000, 0x2104, 0xBDD7, 0x2945, 0x18E4, 0x8410, 0x9CF3, 0x6B6D,
  0x2124, 0xB596, 0x39E8, 0x0020, 0x8C71, 0x630C, 0x0841, 0x0000, 0x0020, 0x0000, 0x0000, 0x7BCF,
  0x738E, 0x8431, 0x2945, 0x630C, 0x9CD3, 0x1062, 0x7BCF, 0x7BEF, 0x73AE, 0x18C3, 0x0000, 0x0020,
  0x0020, 0x0000, 0x18C3, 0x18E3, 0x0000, 0x2124, 0x9CD2, 0x2124, 0x0000, 0x0020, 0x0000, 0x0000,
  0x0000, 0x0020, 0x20E4, 0x1062, 0x8452, 0x7C10, 0x94D2, 0x31A6, 0x0000, 0x0020, 0x0000, 0x1062,
  0x4A6A, 0x9493, 0x526A, 0x0000, 0x0021, 0x0000, 0x632D, 0x8C71, 0x7BCF, 0x7BCF, 0x18C3, 0x0020,
  0x0000, 0x4208, 0x94B2, 0x18E3, 0x0020, 0x0020, 0x0000, 0x0000, 0x0020, 0x0000, 0x2945, 0x9472,
  0x4A49, 0x0000, 0x0841, 0x0000, 0x6B4D, 0x8C51, 0xA514, 0x4208, 0x0000, 0x0020, 0x0020, 0x0020,
  0x2124, 0x7BCF, 0x630C, 0x0020, 0x0020, 0x0000, 0x4A6A, 0x8C51, 0x8410, 0x738E, 0x10A2, 0x0000,
  0x0000, 0x2124, 0xB596, 0x2945, 0x0000, 0x0020, 0x0000, 0x0000, 0x0000, 0x0000, 0x0000, 0x0000,
  0x0000, 0x0000, 0x0000, 0x0000, 0x0000, 0x0000, 0x0000, 0x0020, 0x0000, 0x2145, 0x2104, 0x31A6,
  0x18E3, 0x31A7, 0x2104, 0x4208, 0x2125, 0x18C4, 0x4A49, 0x2965, 0x2945, 0x2124, 0x2125, 0x2945,
  0x3186, 0x31A6, 0x3186, 0x0841, 0x1062, 0x1062, 0x0000, 0x0020, 0x0000, 0x0000, 0x0000, 0x0000,
  0x0000, 0x0000, 0x0000, 0x0000, 0x0000, 0x0000, 0x0000, 0x10A2, 0x39E7, 0x1082, 0x31A6, 0x2124,
  0x2104, 0x18C3, 0x2945, 0x0861, 0x2104, 0x2104, 0x2965, 0x39C7, 0x2945, 0x2945, 0x39E7, 0x3186,
  0x31A6, 0x18C3, 0x0000, 0x0000, 0x0000, 0x0000, 0x0000, 0x0000, 0x0000, 0x0000, 0x0000, 0x0000,
  0x0000, 0x0000, 0x0000, 0x0000, 0x0000, 0x0020, 0x0000, 0x18C3, 0x9CD3, 0x6B4D, 0x8C51, 0x630C,
  0x39E7, 0xBDD7, 0x94B2, 0x9492, 0x6B4D, 0xA534, 0x738E, 0x0000, 0x0020, 0x0000, 0x0000, 0x2124,
  0x7BCF, 0x9CF3, 0x18C3, 0x5ACB, 0x9CD3, 0x0841, 0x39E7, 0x7BCF, 0x9CD3, 0x2965, 0x528A, 0x73AE,
  0x2104, 0x0861, 0x0020, 0x0040, 0x2104, 0x4228, 0x9CD3, 0x2124, 0x0000, 0x4228, 0x8430, 0x7BEF,
  0x2965, 0xAD75, 0x630B, 0x0000, 0x4A49, 0x8C51, 0x9CD3, 0x10A3, 0x73AE, 0x8430, 0x0000, 0x3186,
  0x7BAF, 0x9CF4, 0x20E4, 0x4228, 0x8C71, 0x1082, 0x2104, 0x39C7, 0x0000, 0x0020, 0x0000, 0x0841,
  0x18C3, 0x0841, 0x4A69, 0x8C51, 0x6B4D, 0x4208, 0xB5B6, 0x4208, 0x0000, 0x4A49, 0x7BCE, 0x9CB3,
  0x0861, 0x0000, 0x0020, 0x0020, 0x0020, 0x632C, 0xB5B7, 0x2104, 0x5AEB, 0x9CF3, 0x18C3, 0x0821,
  0x4208, 0xAD76, 0x31A7, 0x0020, 0x0000, 0x0020, 0x0020, 0x18C3, 0xAD35, 0x630C, 0x0000, 0x6B4D,
  0x31A6, 0x0020, 0x0000, 0x0000, 0x0000, 0x0000, 0x0020, 0x0020, 0x0000, 0x0021, 0x738F, 0xB596,
  0x39A6, 0x0000, 0x0020, 0x0020, 0x0000, 0x1082, 0x8431, 0x39E8, 0x0000, 0x0020, 0x0020, 0x0000,
  0x39C7, 0xAD75, 0x6B4E, 0x0861, 0x0000, 0x0020, 0x0020, 0x18C3, 0x9492, 0x83F0, 0x0000, 0x0020,
  0x0020, 0x0000, 0x0000, 0x0000, 0x0841, 0x0841, 0x0000, 0x0020, 0x0020, 0x0000, 0x39E7, 0xA514,
  0x4A29, 0x0000, 0x0841, 0x0020, 0x0020, 0x0000, 0x8410, 0x630C, 0x0000, 0x0020, 0x0020, 0x0020,
  0x2945, 0x9CD3, 0x7BCF, 0x0841, 0x0000, 0x0020, 0x0000, 0x0841, 0x18E3, 0x0000, 0x0000, 0x0000,
  0x0000, 0x0000, 0x0000, 0x0000, 0x0000, 0x0000, 0x0000, 0x0000, 0x0000, 0x0000, 0x0000, 0x0000,
  0x0000, 0x0020, 0x0000, 0x2104, 0x39E7, 0x2945, 0x4208, 0x2945, 0x2104, 0x18A3, 0x18E3, 0x2145,
  0x41E9, 0x2105, 0x39A8, 0x2966, 0x2986, 0x31A6, 0x31A6, 0x2945, 0x2945, 0x1061, 0x0841, 0x1062,
  0x0000, 0x0000, 0x0000, 0x0000, 0x0000, 0x0000, 0x0000, 0x0000, 0x0000, 0x0000, 0x0000, 0x0000,
  0x0000, 0x0000, 0x39C7, 0x31A6, 0x31A6, 0x2104, 0x2965, 0x18E3, 0x18C3, 0x2965, 0x1082, 0x18E3,
  0x2104, 0x2965, 0x3186, 0x39C7, 0x2986, 0x2104, 0x39C7, 0x2124, 0x0000, 0x0020, 0x0000, 0x0000,
  0x0000, 0x0000, 0x0000, 0x0000, 0x0000, 0x0000, 0x0000, 0x0000, 0x0000, 0x0000, 0x0000, 0x0000,
  0x0020, 0x0000, 0x632C, 0xBDD7, 0x630C, 0x2965, 0x9CF3, 0x8C51, 0xA514, 0x73AE, 0xB5B6, 0x6B4D,
  0x2104, 0x2104, 0x0020, 0x0020, 0x0000, 0x1082, 0x6B6D, 0x18C3, 0x6B4D, 0x6B4D, 0x0000, 0x2124,
  0x8C71, 0xAD55, 0x31A6, 0x528A, 0x9CD3, 0x0000, 0x10A2, 0x2965, 0x0000, 0x0000, 0x0000, 0x7BEF,
  0x18E3, 0x0000, 0x4A69, 0xAD75, 0x6B4D, 0x2124, 0x9CD3, 0x5AEC, 0x0001, 0x4A6A, 0xBDD7, 0x8C51,
  0x0861, 0x630C, 0x7BCF, 0x0000, 0x4208, 0x9CB3, 0x9CF4, 0x1082, 0x52AB, 0x7BEF, 0x0020, 0x18E3,
  0x94B3, 0x630C, 0x0000, 0x0020, 0x0020, 0x0000, 0x0000, 0x528A, 0xB5B6, 0x630C, 0x2124, 0x9CF4,
  0x39C7, 0x0000, 0x0841, 0xAD35, 0x8410, 0x0040, 0x0020, 0x0000, 0x0000, 0x0000, 0x0841, 0x630C,
  0x18C3, 0x4229, 0x8430, 0x0000, 0x0000, 0x0000, 0x62EC, 0x31A7, 0x2945, 0x0841, 0x0000, 0x0020,
  0x0000, 0x4A49, 0x73AF, 0x0000, 0x0000, 0x0000, 0x0000, 0x0000, 0x0000, 0x0000, 0x0000, 0x0020,
  0x0000, 0x0000, 0x0000, 0x0840, 0x6B2D, 0x10C3, 0x0000, 0x0000, 0x0000, 0x0000, 0x0000, 0x0000,
  0x0000, 0x0000, 0x0000, 0x0000, 0x0000, 0x0000, 0x5AEB, 0x4A69, 0x0000, 0x0000, 0x0000, 0x0020,
  0x0000, 0x3186, 0x7BCE, 0x0000, 0x0000, 0x0000, 0x0000, 0x0000, 0x0000, 0x0020, 0x0000, 0x0000,
  0x0000, 0x0000, 0x0000, 0x0000, 0x5ACB, 0x2104, 0x0000, 0x0000, 0x0000, 0x0000, 0x0000, 0x0000,
  0x0861, 0x0861, 0x0000, 0x0000, 0x0000, 0x0000, 0x39E7, 0x528A, 0x0000, 0x0020, 0x0000, 0x0000,
  0x0000, 0x0000, 0x0000, 0x0020, 0x0000, 0x0000, 0x0000, 0x0000, 0x0000, 0x0000, 0x0000, 0x0000,
  0x0000, 0x0000, 0x0000, 0x0000, 0x0000, 0x0000, 0x0000, 0x0020, 0x0000, 0x3186, 0x18E3, 0x39C7,
  0x10A2, 0x2104, 0x39C7, 0x20E4, 0x18C3, 0x39C7, 0x3186, 0x2104, 0x3186, 0x2946, 0x2926, 0x2986,
  0x18E3, 0x2966, 0x2945, 0x0000, 0x0000, 0x0000, 0x0000, 0x0000, 0x0000, 0x0000, 0x0000, 0x0000,
  0x0000, 0x0000, 0x0000, 0x0000, 0x0000, 0x0000, 0x0000, 0x0020, 0x31A6, 0x18E3, 0x31A6, 0x3186,
  0x2945, 0x2945, 0x31A6, 0x39E7, 0x2104, 0x2945, 0x31A6, 0x31A6, 0x2104, 0x2945, 0x2945, 0x2945,
  0x31A6, 0x39C7, 0x0841, 0x0000, 0x0000, 0x0000, 0x0000, 0x0000, 0x0000, 0x0000, 0x0000, 0x0000,
  0x0000, 0x0000, 0x0000, 0x0000, 0x0000, 0x0000, 0x0000, 0x0000, 0x0000, 0x18C3, 0x0841, 0xA534,
  0x6B6D, 0x94B2, 0x52AA, 0xA514, 0x10A2, 0x0841, 0x4A69, 0x7BEF, 0x0000, 0x0040, 0x0020, 0x0000,
  0x0000, 0x2965, 0x8430, 0x0000, 0x18C3, 0x8C51, 0x8C71, 0x10A2, 0x2124, 0xB5B6, 0x1082, 0x1082,
  0x2945, 0x8430, 0x0000, 0x0020, 0x0000, 0x10A2, 0x2965, 0x1082, 0x8C51, 0x1082, 0x0841, 0x7BEF,
  0xA554, 0x1082, 0x2125, 0xBDD7, 0x18E4, 0x10A2, 0x39C7, 0xA534, 0x1082, 0x2104, 0xBD97, 0x5AAC,
  0x2104, 0x1082, 0x94B2, 0x0021, 0x2104, 0x632C, 0x9CF4, 0x18E4, 0x2945, 0x0000, 0x0020, 0x0000,
  0x2945, 0xA514, 0x2125, 0x18E3, 0x9473, 0x73AF, 0x2124, 0x0020, 0x18C3, 0x10A3, 0x2124, 0x0000,
  0x0020, 0x0000, 0x0000, 0x0000, 0x0020, 0x18E3, 0x10A2, 0x9CF3, 0x0861, 0x2124, 0x18E3, 0x18E3,
  0x18E3, 0x1082, 0x94B2, 0x2125, 0x0000, 0x0861, 0x39E8, 0x2105, 0x10A3, 0x2104, 0x1082, 0x2124,
  0x0000, 0x10A2, 0x0020, 0x0000, 0x0020, 0x0000, 0x2965, 0x0841, 0x1082, 0x1081, 0x2104, 0x0841,
  0x2965, 0x1082, 0x2124, 0x0000, 0x0000, 0x2945, 0x0000, 0x18C3, 0x1082, 0x2945, 0x1082, 0x2125,
  0x20E4, 0x1082, 0x1082, 0x0020, 0x2124, 0x0020, 0x2965, 0x18E3, 0x2104, 0x18C3, 0x18E3, 0x10A3,
  0x10A2, 0x0000, 0x0020, 0x0000, 0x1082, 0x2124, 0x18E3, 0x18E3, 0x0861, 0x10A2, 0x2104, 0x1082,
  0x2965, 0x18E3, 0x3186, 0x0861, 0x2104, 0x10A2, 0x0841, 0x2945, 0x0841, 0x4208, 0x18C3, 0x0000,
  0x2104, 0x1082, 0x1081, 0x0020, 0x20E4, 0x10A3, 0x0000, 0x0020, 0x0020, 0x0000, 0x0000, 0x0000,
  0x0000, 0x0000, 0x0000, 0x0000, 0x0000, 0x0000, 0x0000, 0x0000, 0x0000, 0x0000, 0x0000, 0x0000,
  0x0000, 0x0000, 0x0841, 0x39C7, 0x31A6, 0x2965, 0x2124, 0x39E8, 0x2966, 0x18E3, 0x2945, 0x3187,
  0x3187, 0x31A7, 0x2966, 0x2966, 0x3186, 0x2965, 0x4228, 0x3186, 0x31A6, 0x0000, 0x0020, 0x0000,
  0x0000, 0x0000, 0x0000, 0x0000, 0x0000, 0x0000, 0x0000, 0x0000, 0x0000, 0x0000, 0x0000, 0x0000,
  0x0000, 0x0020, 0x39C7, 0x2965, 0x39C7, 0x3186, 0x31A6, 0x3186, 0x18C3, 0x18E3, 0x1082, 0x3186,
  0x2124, 0x39C7, 0x31A6, 0x3186, 0x31C7, 0x31A6, 0x2965, 0x39C7, 0x18E3, 0x0000, 0x0020, 0x0000,
  0x0000, 0x0000, 0x0000, 0x0000, 0x0000, 0x0000, 0x0000, 0x0000, 0x0000, 0x0000, 0x0000, 0x0000,
  0x0000, 0x0020, 0x0020, 0x18E3, 0x5ACB, 0x632D, 0x73AE, 0x9492, 0x9CD3, 0x632C, 0x18C3, 0x632C,
  0x73AE, 0x8430, 0x39C7, 0x0000, 0x0020, 0x0020, 0x0020, 0x10A2, 0x632C, 0x8430, 0x5ACB, 0x8410,
  0x39C7, 0x52AA, 0x8450, 0x7BEF, 0x94B2, 0x6B4D, 0x8C51, 0x4228, 0x0000, 0x0020, 0x0020, 0x1082,
  0x6B6D, 0x9CF3, 0x4A69, 0x0841, 0x632C, 0x738E, 0x73AE, 0x6B6D, 0x8C51, 0x8430, 0x0862, 0x6B4D,
  0x736E, 0x6B4D, 0x632D, 0x632C, 0x7BCF, 0x2966, 0x4A49, 0x7BF0, 0x6B4D, 0x8410, 0x5ACB, 0x73AF,
  0x4A49, 0x39C7, 0x31A6, 0x0000, 0x0020, 0x0000, 0x1082, 0x4208, 0x18E3, 0x8410, 0x83F0, 0x8410,
  0x632C, 0x9492, 0x738E, 0x0841, 0x6B4D, 0x73AF, 0x0000, 0x0000, 0x0020, 0x0000, 0x0000, 0x4A69,
  0x8C72, 0x738E, 0x632D, 0x738E, 0x7BCF, 0x3186, 0x39E7, 0x9492, 0x73AF, 0x0861, 0x18E3, 0x8C72,
  0x5AEC, 0x2945, 0x7BCF, 0x7BCF, 0x9CB3, 0x8410, 0x8410, 0x52AA, 0x0000, 0x0020, 0x0000, 0x4228,
  0x7BCF, 0x8430, 0x7BCF, 0x1082, 0x528A, 0x8410, 0x738E, 0x6B6E, 0x39A7, 0x0000, 0x0000, 0x31A7,
  0x8410, 0x6B6D, 0x630C, 0x6B4D, 0x7BEF, 0x4229, 0x2945, 0x738E, 0x8410, 0x630C, 0x632C, 0x7BCF,
  0x738E, 0x2945, 0x8410, 0x7BF0, 0x738E, 0x7BF0, 0x18E3, 0x0000, 0x0000, 0x0841, 0x6B6D, 0x7BCF,
  0x7BF0, 0x8410, 0x8C71, 0x18C3, 0x3A08, 0x7BCF, 0x7BCF, 0x738E, 0x8430, 0x8430, 0x39C8, 0x2945,
  0x7BCF, 0x7BEF, 0x6B2D, 0x7BEF, 0x18C3, 0x0000, 0x3186, 0x7BF0, 0x7BEF, 0x630C, 0x73AF, 0x1903,
  0x0000, 0x0020, 0x0000, 0x0000, 0x0000, 0x0000, 0x0000, 0x0000, 0x0000, 0x0000, 0x0000, 0x0000,
  0x0000, 0x0000, 0x0000, 0x0000, 0x0000, 0x0000, 0x0000, 0x0000, 0x0000, 0x31A6, 0x2945, 0x2124,
  0x3185, 0x2945, 0x2906, 0x2925, 0x41E8, 0x31A7, 0x0841, 0x39C8, 0x0842, 0x31A8, 0x3187, 0x31A7,
  0x2945, 0x3186, 0x18E3, 0x0000, 0x0020, 0x0000, 0x0000, 0x0000, 0x0000, 0x0000, 0x0000, 0x0000,
  0x0000, 0x0000, 0x0000, 0x0000, 0x0000, 0x0000, 0x0000, 0x0000, 0x1082, 0x3186, 0x3186, 0x3186,
  0x31A6, 0x10A2, 0x31A6, 0x0020, 0x2124, 0x2104, 0x2124, 0x31A6, 0x3186, 0x39C7, 0x18C3, 0x2945,
  0x31A6, 0x3186, 0x2965, 0x0000, 0x0020, 0x0000, 0x0000, 0x0000, 0x0000, 0x0000, 0x0000, 0x0000,
  0x0000, 0x0000, 0x0000, 0x0000, 0x0000, 0x0000, 0x0000, 0x0020, 0x0020, 0x18E3, 0x6B6E, 0x8C51,
  0xA514, 0x9CD3, 0x9CF3, 0x4208, 0x6B4D, 0x8430, 0x738E, 0x632C, 0x9492, 0x2965, 0x0000, 0x0020,
  0x0000, 0x0841, 0x6B6D, 0xA534, 0x7BCF, 0x632C, 0x3186, 0x738E, 0x9492, 0x8C51, 0xAD55, 0x7BF0,
  0x8430, 0x2104, 0x4208, 0x0000, 0x0020, 0x0000, 0x2945, 0x9CD3, 0x0861, 0x630C, 0x738E, 0x9492,
  0x8410, 0x8C51, 0xA514, 0x2966, 0x632C, 0x7BEF, 0x8411, 0x6B6E, 0x9472, 0x94B3, 0x4229, 0x4A29,
  0x7BEF, 0x9493, 0x5AEC, 0x9CF3, 0x73AF, 0x83F0, 0x18E3, 0x73AE, 0x10A2, 0x0000, 0x0020, 0x0020,
  0x0000, 0x0841, 0x630C, 0x83EF, 0x8C51, 0x9472, 0x83F0, 0xA534, 0x2125, 0x6B4D, 0x6B2D, 0xA534,
  0x4A4A, 0x0000, 0x0000, 0x0841, 0x5ACB, 0x6B0D, 0x94B3, 0x5AEC, 0x8430, 0x8C51, 0x630C, 0x0000,
  0x4209, 0xA534, 0x6B6E, 0x0020, 0x2945, 0x9CF4, 0x0000, 0x2945, 0x9CD3, 0x8410, 0x9CD3, 0x738E,
  0x9CD3, 0x18C3, 0x0000, 0x0020, 0x0020, 0x6B6D, 0x8C31, 0xA4F4, 0x4208, 0x0000, 0x4208, 0x9492,
  0x7BF0, 0xA535, 0x4208, 0x0020, 0x0000, 0x39C7, 0x94B2, 0x632D, 0x8C51, 0x8431, 0x8C51, 0x0000,
  0x31A7, 0x9CD3, 0x738E, 0x8C71, 0x632C, 0x9492, 0x0861, 0x18E3, 0x9472, 0x8C72, 0x9492, 0x738E,
  0x10A2, 0x0000, 0x0041, 0x6B6D, 0xA514, 0x8C71, 0x8C51, 0x9CD3, 0x630C, 0x0000, 0x39C7, 0x8C72,
  0x8C51, 0x8430, 0x4A49, 0x8431, 0x0000, 0x3186, 0xAD55, 0x7BF0, 0x73AF, 0x18C3, 0x0000, 0x0020,
  0x2124, 0x8C72, 0x6B4D, 0x8C51, 0x39E8, 0x0000, 0x0020, 0x0000, 0x0000, 0x0000, 0x0000, 0x0000,
  0x0000, 0x0000, 0x0000, 0x0000, 0x0000, 0x0000, 0x0000, 0x0000, 0x0000, 0x0000, 0x0000, 0x0000,
  0x0000, 0x0000, 0x2965, 0x3186, 0x2124, 0x31A6, 0x39C7, 0x2945, 0x3166, 0x10A3, 0x18E4, 0x0040,
  0x39E8, 0x18E5, 0x39E8, 0x2966, 0x31A8, 0x2945, 0x18E3, 0x4208, 0x3186, 0x0000, 0x0020, 0x0000,
  0x0000, 0x0000, 0x0000, 0x0000, 0x0000, 0x0000, 0x0000, 0x0000, 0x0000, 0x0000, 0x0000, 0x0000,
  0x0020, 0x0000, 0x2104, 0x31A6, 0x2945, 0x0861, 0x2945, 0x10A2, 0x18A3, 0x18C3, 0x10A2, 0x2124,
  0x3166, 0x39C7, 0x2965, 0x2965, 0x39C7, 0x31A6, 0x2104, 0x2945, 0x2104, 0x1082, 0x0000, 0x0000,
  0x0000, 0x0000, 0x0000, 0x0000, 0x0000, 0x0000, 0x0000, 0x0000, 0x0000, 0x0000, 0x0000, 0x0000,
  0x0000, 0x0020, 0x0000, 0x3186, 0x7BCF, 0x840F, 0x8430, 0x7BCF, 0x2124, 0x738E, 0x630C, 0x8C51,
  0x94B2, 0x6B4C, 0x738E, 0x2944, 0x0000, 0x0020, 0x0000, 0x10A2, 0x7BCF, 0x7BEF, 0x18E3, 0x3A07,
  0x8431, 0x4209, 0x8430, 0x73AE, 0xA514, 0x4A69, 0x0841, 0x8410, 0x39C7, 0x0000, 0x0020, 0x0020,
  0x0000, 0x0000, 0x630C, 0x73AE, 0x7BEF, 0x7BCF, 0x6B6D, 0x9CF3, 0x2104, 0x630C, 0x7BEF, 0x7BEF,
  0x8C72, 0x5AEB, 0x94B2, 0x3186, 0x4228, 0x9CF4, 0x632D, 0x8C71, 0x6B4D, 0x8C51, 0x5AEB, 0x2925,
  0x8410, 0x630C, 0x8C71, 0x3186, 0x0000, 0x0000, 0x10A2, 0x738E, 0x528A, 0x738E, 0x9472, 0x9472,
  0x8410, 0x0000, 0x632D, 0x6B4D, 0x52AB, 0x8410, 0x4A49, 0x0000, 0x0020, 0x0020, 0x6B4D, 0x73AF,
  0x8C51, 0x738E, 0x7BF0, 0x526A, 0x0000, 0x0000, 0x39E8, 0x7BEF, 0x73AF, 0x0841, 0x0000, 0x0000,
  0x0000, 0x2965, 0x8C71, 0x7BEF, 0x73AF, 0x73AF, 0x0000, 0x0000, 0x0000, 0x0020, 0x0000, 0x31A7,
  0x9CF3, 0x18C3, 0x0000, 0x0861, 0x52AA, 0x738E, 0x738E, 0x8430, 0x4228, 0x0000, 0x0020, 0x4209,
  0x8430, 0x632C, 0x7BCF, 0x630C, 0x0020, 0x0000, 0x2945, 0x83F0, 0x8410, 0x8410, 0x7BCF, 0x0842,
  0x0000, 0x2124, 0x8431, 0x73AE, 0x7BAF, 0x9CD3, 0x2104, 0x0000, 0x0861, 0x6B6D, 0x94B2, 0x4A69,
  0x2104, 0x2965, 0x0000, 0x0000, 0x39C6, 0x8C51, 0x8410, 0x0841, 0x0000, 0x0000, 0x0000, 0x2966,
  0x73AF, 0x630C, 0x0841, 0x0000, 0x0020, 0x0000, 0x18E3, 0x7BEF, 0x8C72, 0x2104, 0x0000, 0x0020,
  0x0000, 0x0000, 0x0000, 0x0000, 0x0000, 0x0000, 0x0000, 0x0000, 0x0000, 0x0000, 0x0000, 0x0000,
  0x0000, 0x0000, 0x0000, 0x0000, 0x0000, 0x0000, 0x0020, 0x0000, 0x2945, 0x31A6, 0x2945, 0x3186,
  0x31A6, 0x2986, 0x2945, 0x2965, 0x2945, 0x2966, 0x2125, 0x3186, 0x2145, 0x2966, 0x2965, 0x31A7,
  0x3166, 0x20E4, 0x2104, 0x0000, 0x0000, 0x0000, 0x0000, 0x0000, 0x0000, 0x0000, 0x0000, 0x0000,
  0x0000, 0x0000, 0x0000, 0x0000, 0x0000, 0x0000, 0x0000, 0x0000, 0x0861, 0x31A6, 0x31A6, 0x2104,
  0x1082, 0x2945, 0x39E7, 0x18E3, 0x2104, 0x3186, 0x2965, 0x3186, 0x2965, 0x10A2, 0x2104, 0x31A6,
  0x3186, 0x2965, 0x4249, 0x2945, 0x0000, 0x0020, 0x0000, 0x0000, 0x0000, 0x0000, 0x0000, 0x0000,
  0x0000, 0x0000, 0x0000, 0x0000, 0x0000, 0x0000, 0x0000, 0x0000, 0x0020, 0x0000, 0x39E7, 0x8410,
  0x94B2, 0x31A6, 0x8C71, 0x6B6D, 0x1082, 0x7BEF, 0x7BEF, 0x9492, 0x31A6, 0x632C, 0x4208, 0x0000,
  0x0020, 0x0000, 0x3186, 0x4208, 0x39E7, 0xB5B6, 0x39E7, 0x6B4D, 0x9492, 0x73AE, 0x632C, 0x3186,
  0x9492, 0x39E7, 0x3A07, 0x52AA, 0x0000, 0x0000, 0x18E3, 0x8430, 0x39E7, 0x1082, 0x8430, 0x8430,
  0xA514, 0x31A6, 0x7BEF, 0x73AE, 0x0020, 0x630C, 0x632C, 0x8410, 0x630C, 0x528A, 0xAD55, 0x2945,
  0x6B4D, 0x7BCF, 0x8C51, 0x736E, 0x2104, 0xA514, 0x4A49, 0x4A49, 0x94B2, 0x2965, 0x0000, 0x0000,
  0x10A2, 0x52AA, 0x2925, 0x94B2, 0x94B2, 0x8C72, 0x31A6, 0x8431, 0x5AEC, 0x0861, 0x738E, 0x8C51,
  0x73AE, 0x0000, 0x0000, 0x0000, 0x0000, 0x5AEB, 0x7BF0, 0x8C52, 0x630C, 0x0000, 0x0020, 0x0000,
  0x528A, 0x8431, 0x6B4D, 0x1082, 0x0000, 0x0020, 0x0000, 0x4A49, 0xA534, 0xA534, 0x9CF3, 0x18C3,
  0x0000, 0x0020, 0x0020, 0x0000, 0x4A49, 0xAD76, 0x31A6, 0x0000, 0x0020, 0x0021, 0x52AB, 0x8410,
  0xA514, 0x5ACB, 0x0000, 0x0020, 0x0000, 0x6B4D, 0x73AF, 0x6B4D, 0x8430, 0x1082, 0x0841, 0x0020,
  0x4A69, 0x9492, 0x738E, 0x630D, 0x18C3, 0x0000, 0x0000, 0x3186, 0x8C71, 0x8430, 0x9CD3, 0x2945,
  0x0000, 0x0020, 0x0020, 0x9492, 0x7BCF, 0x0000, 0x0000, 0x0000, 0x0020, 0x0000, 0x5ACB, 0x8430,
  0x18C3, 0x0000, 0x0020, 0x0020, 0x0000, 0x4208, 0x8410, 0x10A2, 0x0000, 0x0020, 0x0020, 0x0000,
  0x39E7, 0x8C71, 0x2104, 0x0000, 0x0020, 0x0000, 0x0000, 0x0000, 0x0000, 0x0000, 0x0000, 0x0000,
  0x0000, 0x0000, 0x0000, 0x0000, 0x0000, 0x0000, 0x0000, 0x0000, 0x0000, 0x0000, 0x0000, 0x0000,
  0x0020, 0x0020, 0x18C3, 0x39C7, 0x31A6, 0x2124, 0x2924, 0x2124, 0x39C7, 0x2124, 0x3187, 0x39C8,
  0x2104, 0x2965, 0x31A6, 0x2966, 0x39A7, 0x18C3, 0x2124, 0x39E7, 0x0000, 0x0000, 0x0000, 0x0000,
  0x0000, 0x0000, 0x0000, 0x0000, 0x0000, 0x0000, 0x0000, 0x0000, 0x0000, 0x0000, 0x0000, 0x0000,
  0x0000, 0x0020, 0x0000, 0x31A6, 0x2104, 0x2104, 0x18E3, 0x2104, 0x18C3, 0x18E3, 0x31A6, 0x18C3,
  0x3186, 0x18E3, 0x2124, 0x3186, 0x1082, 0x2965, 0x2124, 0x39C7, 0x3186, 0x0000, 0x0020, 0x0000,
  0x0000, 0x0000, 0x0000, 0x0000, 0x0000, 0x0000, 0x0000, 0x0000, 0x0000, 0x0000, 0x0000, 0x0000,
  0x0000, 0x0020, 0x0000, 0x0020, 0x0000, 0x2104, 0x2945, 0x9CD3, 0x6B4D, 0x0000, 0x2965, 0x7BEF,
  0x8C71, 0x18E3, 0x6B4D, 0x9CF3, 0x18E3, 0x0841, 0x0000, 0x0020, 0x0000, 0x2124, 0x9492, 0x2104,
  0x0000, 0x632C, 0xAD75, 0x528A, 0x18E3, 0x8410, 0x2124, 0x0000, 0x4228, 0x4228, 0x0000, 0x0000,
  0x10A2, 0x4A49, 0x0000, 0x2124, 0x738E, 0x9CD3, 0x3186, 0x8430, 0x9492, 0x0861, 0x0020, 0x7BEF,
  0xAD55, 0x2965, 0x4228, 0xBDD7, 0x18E3, 0x0000, 0x630C, 0x9CD3, 0x4A49, 0x18E3, 0x8C71, 0x2945,
  0x0000, 0x39E7, 0x8C71, 0x3186, 0x0000, 0x0020, 0x0000, 0x0000, 0x2945, 0x8410, 0x8C51, 0x2124,
  0x10A2, 0x52AB, 0x0000, 0x0861, 0x630C, 0x94B2, 0x528A, 0x0020, 0x0000, 0x0020, 0x0000, 0x5ACB,
  0x9CD3, 0x39E8, 0x0000, 0x0020, 0x0020, 0x0020, 0x39C7, 0x9CB3, 0x6B2D, 0x0841, 0x0000, 0x0020,
  0x0020, 0x39C7, 0xAD75, 0x9CD3, 0x10A2, 0x0000, 0x0020, 0x0020, 0x0020, 0x4228, 0xB5B6, 0x3186,
  0x0000, 0x0020, 0x0020, 0x0000, 0x5ACB, 0xAD55, 0x5ACB, 0x10A3, 0x0020, 0x0020, 0x0000, 0x4A49,
  0x9CD3, 0x5ACB, 0x0021, 0x0020, 0x0000, 0x0841, 0x31A7, 0x94B3, 0x736E, 0x0021, 0x0000, 0x0020,
  0x0000, 0x2985, 0x4A49, 0x18C3, 0x2945, 0x0000, 0x0020, 0x0000, 0x0841, 0x5ACB, 0x0820, 0x0000,
  0x0020, 0x0020, 0x0000, 0x0000, 0x39C7, 0x0020, 0x0000, 0x0020, 0x0020, 0x0020, 0x0000, 0x39E7,
  0x18C3, 0x0000, 0x0020, 0x0000, 0x0020, 0x0000, 0x2104, 0x2945, 0x0000, 0x0020, 0x0000, 0x0000,
  0x0000, 0x0000, 0x0000, 0x0000, 0x0000, 0x0000, 0x0000, 0x0000, 0x0000, 0x0000, 0x0000, 0x0000,
  0x0000, 0x0000, 0x0000, 0x0000, 0x0000, 0x0000, 0x0000, 0x18C3, 0x39E7, 0x31A6, 0x39E7, 0x2945,
  0x39C7, 0x39A7, 0x39E7, 0x2125, 0x31A6, 0x2986, 0x2945, 0x3186, 0x31A6, 0x18C3, 0x2945, 0x3186,
  0x39E7, 0x3186, 0x2124, 0x0000, 0x0020, 0x0000, 0x0000, 0x0000, 0x0000, 0x0000, 0x0000, 0x0000,
  0x0000, 0x0000, 0x0000, 0x0000, 0x0000, 0x0000, 0x0000, 0x0020, 0x0000, 0x2965, 0x2945, 0x18E3,
  0x2104, 0x10A2, 0x39C7, 0x18C3, 0x18E3, 0x1082, 0x2124, 0x2965, 0x18E3, 0x2945, 0x2124, 0x2965,
  0x2124, 0x4208, 0x31A6, 0x0861, 0x0000, 0x0000, 0x0000, 0x0000, 0x0000, 0x0000, 0x0000, 0x0000,
  0x0000, 0x0000, 0x0000, 0x0000, 0x0000, 0x0000, 0x0020, 0x0020, 0x0000, 0x0000, 0x0020, 0x0000,
  0x9492, 0x6B4D, 0x0000, 0x52AA, 0xCE79, 0x94B2, 0x2945, 0x6B6D, 0x9CD3, 0x0020, 0x18E4, 0x1082,
  0x0000, 0x0020, 0x0000, 0x18C3, 0x18C3, 0x0841, 0x8C71, 0xC618, 0x5ACB, 0x4208, 0xBDF7, 0x2965,
  0x0000, 0x5ACB, 0xBDF7, 0x4A69, 0x0000, 0x0000, 0x0000, 0x0000, 0x2965, 0xCE79, 0x8C71, 0x31A6,
  0x8430, 0x94B2, 0x0020, 0x0000, 0x0861, 0x73AF, 0x39E7, 0x4A49, 0xA534, 0x2104, 0x0000, 0x0021,
  0x8C71, 0x52AA, 0x39E8, 0xAD35, 0x2945, 0x0000, 0x0000, 0x6B4D, 0x738E, 0x0861, 0x0020, 0x0000,
  0x0020, 0x0000, 0x4228, 0x9492, 0x20E4, 0x0000, 0x0021, 0x0000, 0x0000, 0x1082, 0x8410, 0x39E7,
  0x0000, 0x0020, 0x0000, 0x0000, 0x0000, 0x736E, 0x4208, 0x0000, 0x0000, 0x0000, 0x0000, 0x0000,
  0x7BEF, 0x6B6E, 0x0000, 0x0000, 0x0020, 0x0000, 0x0000, 0x52AA, 0x9CF3, 0x1082, 0x0000, 0x0000,
  0x0020, 0x0000, 0x18E3, 0xAD35, 0x2945, 0x0000, 0x0020, 0x0020, 0x0000, 0x0001, 0x8431, 0x6B4D,
  0x0000, 0x0000, 0x0020, 0x0000, 0x0000, 0x5AEB, 0x528A, 0x0000, 0x0000, 0x0000, 0x0020, 0x0000,
  0x6B6D, 0x8C31, 0x0841, 0x0020, 0x0000, 0x0000, 0x0000, 0x31A6, 0x8410, 0x0000, 0x0000, 0x0020,
  0x0000, 0x0000, 0x0000, 0x0000, 0x0000, 0x0000, 0x0000, 0x0000, 0x0000, 0x0000, 0x0000, 0x0000,
  0x0000, 0x0000, 0x0000, 0x0000, 0x0020, 0x0000, 0x0000, 0x0020, 0x0000, 0x0000, 0x0000, 0x0000,
  0x0000, 0x0000, 0x0020, 0x0000, 0x0000, 0x0000, 0x0000, 0x0000, 0x0000, 0x0000, 0x0000, 0x0000,
  0x0000, 0x0000, 0x0000, 0x0000, 0x0000, 0x0000, 0x0000, 0x0000, 0x0000, 0x0000, 0x0000, 0x0020,
  0x0000, 0x1082, 0x2965, 0x18C3, 0x2124, 0x2105, 0x3166, 0x18E3, 0x31A6, 0x31A6, 0x39C7, 0x2104,
  0x2965, 0x39C7, 0x2925, 0x39E8, 0x3186, 0x2945, 0x2965, 0x18C3, 0x0000, 0x0000, 0x0000, 0x0000,
  0x0000, 0x0000, 0x0000, 0x0000, 0x0000, 0x0000, 0x0000, 0x0000, 0x0000, 0x0000, 0x0000, 0x0000,
  0x0000, 0x0020, 0x0000, 0x2945, 0x31A6, 0x31A6, 0x3186, 0x1082, 0x31A6, 0x1082, 0x1082, 0x2124,
  0x4208, 0x2124, 0x18C3, 0x39C7, 0x2945, 0x2124, 0x4228, 0x2945, 0x31A6, 0x31A6, 0x0020, 0x0000,
  0x0000, 0x0000, 0x0000, 0x0000, 0x0000, 0x0000, 0x0000, 0x0000, 0x0000, 0x0000, 0x0000, 0x0000,
  0x0000, 0x0000, 0x0000, 0x0000, 0x0000, 0x0020, 0x18C3, 0x39E7, 0x2965, 0xA534, 0x31A6, 0x18E3,
  0x4A69, 0x8410, 0x2945, 0x18C3, 0xA534, 0x39C7, 0x0000, 0x0020, 0x0000, 0x0000, 0x0000, 0x8C51,
  0xA534, 0x4A49, 0x18C3, 0xC638, 0x2965, 0x18C3, 0x3166, 0xA534, 0x39E7, 0x2945, 0x10A2, 0x10A2,
  0x0000, 0x0020, 0x0841, 0x31A6, 0x18E3, 0x632C, 0xAD75, 0x2945, 0x1082, 0x10A2, 0x18A3, 0x2986,
  0x18E4, 0xA534, 0x2945, 0x18E4, 0x0020, 0x1082, 0x31A7, 0x0861, 0x8C51, 0x2946, 0x2945, 0x0020,
  0x0000, 0x10A2, 0x0020, 0x0000, 0x0000, 0x0000, 0x0020, 0x0000, 0x2124, 0x3186, 0x2104, 0x10A2,
  0x10A2, 0x0020, 0x10A2, 0x18C3, 0x3186, 0x0000, 0x3186, 0x0000, 0x0000, 0x0000, 0x0000, 0x3186,
  0x0000, 0x2105, 0x1082, 0x2965, 0x1082, 0x1083, 0x41C8, 0x0861, 0x2125, 0x1062, 0x0000, 0x18C3,
  0x39C7, 0x31A7, 0x3186, 0x0841, 0x0821, 0x18A3, 0x0000, 0x2925, 0x18A3, 0x41E8, 0x1082, 0x18E3,
  0x0841, 0x0000, 0x18E3, 0x1082, 0x39C7, 0x0020, 0x39E7, 0x0841, 0x0000, 0x1082, 0x0861, 0x3186,
  0x0040, 0x20E4, 0x0841, 0x39C7, 0x0020, 0x0000, 0x39C7, 0x2104, 0x0041, 0x0000, 0x2945, 0x0861,
  0x0000, 0x2104, 0x4228, 0x0000, 0x0020, 0x0000, 0x0000, 0x0000, 0x0841, 0x3186, 0x0000, 0x1062,
  0x0021, 0x1082, 0x0000, 0x0000, 0x2945, 0x10A3, 0x39C7, 0x0881, 0x2965, 0x0000, 0x0000, 0x2104,
  0x1082, 0x0000, 0x0020, 0x0000, 0x0000, 0x0000, 0x0020, 0x0020, 0x0000, 0x0000, 0x0000, 0x0000,
  0x0000, 0x0000, 0x0000, 0x0000, 0x0000, 0x0000, 0x0000, 0x0000, 0x0000, 0x0000, 0x0000, 0x0000,
  0x0000, 0x0000, 0x0000, 0x0000, 0x0000, 0x0000, 0x0861, 0x2965, 0x3186, 0x18E3, 0x0861, 0x2105,
  0x2965, 0x2103, 0x3186, 0x18C3, 0x3186, 0x2125, 0x39C8, 0x2946, 0x39A7, 0x39E7, 0x39C7, 0x18C3,
  0x4A49, 0x1904, 0x0000, 0x0020, 0x0000, 0x0000, 0x0000, 0x0000, 0x0000, 0x0000, 0x0000, 0x0000,
  0x0000, 0x0000, 0x0000, 0x0000, 0x0000, 0x0000, 0x0000, 0x0000, 0x0020, 0x0000, 0x3186, 0x31A6,
  0x2104, 0x2965, 0x2124, 0x2104, 0x2945, 0x2945, 0x2104, 0x10A2, 0x10A2, 0x3186, 0x2945, 0x0861,
  0x39C7, 0x2945, 0x2945, 0x2965, 0x10A2, 0x0000, 0x0020, 0x0000, 0x0000, 0x0000, 0x0000, 0x0000,
  0x0000, 0x0000, 0x0000, 0x0000, 0x0000, 0x0000, 0x0000, 0x0000, 0x0000, 0x0000, 0x0000, 0x0000,
  0x0000, 0x94B2, 0x9492, 0x8410, 0x0861, 0x7BCF, 0x7BF0, 0x6B6D, 0x738E, 0x8430, 0xA514, 0x2104,
  0x0000, 0x0020, 0x0020, 0x0020, 0x2124, 0xB596, 0x5AEB, 0x738E, 0x73AF, 0x8C51, 0x6B6D, 0x6B8E,
  0x73AE, 0x52CA, 0x39E7, 0x8C71, 0x8430, 0x39E7, 0x0000, 0x0020, 0x0000, 0x2124, 0x73AE, 0x8430,
  0x94B2, 0x94B3, 0x8410, 0x8410, 0x18A3, 0x7BCF, 0x83F0, 0x738E, 0x632C, 0x8C51, 0x7BEF, 0x4208,
  0x7BCF, 0x630C, 0x7BAE, 0x52AA, 0x736E, 0x0000, 0x0020, 0x0000, 0x0000, 0x0020, 0x0000, 0x0000,
  0x0020, 0x0000, 0x31A7, 0x9472, 0x8431, 0x8410, 0x8C51, 0x736E, 0x6B4D, 0x2125, 0x6B4D, 0x7BCF,
  0xA535, 0x31A6, 0x0000, 0x0020, 0x0020, 0x6B4D, 0x6B6D, 0x7BEF, 0x632D, 0x9CD3, 0x8C71, 0x526A,
  0x632D, 0x8C31, 0x736E, 0x18A3, 0x0000, 0x39C7, 0x8430, 0x52AA, 0xA514, 0x8410, 0x83F0, 0x632D,
  0x6B6E, 0x7BD0, 0x2125, 0x9492, 0x8C51, 0x8C71, 0x8430, 0x736E, 0x6B6E, 0x2104, 0x62EC, 0x7BF0,
  0xAD75, 0x0861, 0x0000, 0x632C, 0x4A49, 0x5ACC, 0x7BEF, 0x8C51, 0x6B4D, 0x9CF4, 0x0841, 0x0000,
  0x5ACB, 0x8C51, 0x6B6E, 0x5ACB, 0x8C71, 0x2945, 0x0000, 0x39E7, 0xB596, 0x31A6, 0x0000, 0x0020,
  0x0020, 0x0000, 0x0861, 0x9CD3, 0x7BF0, 0x7BCF, 0x7BCF, 0x528A, 0x0000, 0x0000, 0x5AEC, 0x3186,
  0x9492, 0x9492, 0x8C31, 0x0000, 0x0000, 0x5AEB, 0x31A7, 0x0000, 0x0020, 0x0000, 0x0000, 0x0000,
  0x0000, 0x0000, 0x0000, 0x0000, 0x0000, 0x0000, 0x0000, 0x0000, 0x0000, 0x0000, 0x0000, 0x0000,
  0x0000, 0x0000, 0x0000, 0x0000, 0x0000, 0x0000, 0x0000, 0x0000, 0x0000, 0x0000, 0x0000, 0x0000,
  0x0841, 0x31A6, 0x31A6, 0x3186, 0x2124, 0x4228, 0x10A2, 0x39C7, 0x3186, 0x2945, 0x2124, 0x3186,
  0x31A8, 0x3186, 0x2966, 0x3186, 0x18C3, 0x39C7, 0x2104, 0x18C3, 0x0000, 0x0020, 0x0000, 0x0000,
  0x0000, 0x0000, 0x0000, 0x0000, 0x0000, 0x0000, 0x0000, 0x0000, 0x0000, 0x0000, 0x0000, 0x0000,
  0x0000, 0x0000, 0x0000, 0x10A2, 0x39C7, 0x18E3, 0x2965, 0x3186, 0x10A2, 0x2104, 0x2124, 0x1082,
  0x2104, 0x3186, 0x2945, 0x2965, 0x2124, 0x2945, 0x18C3, 0x3186, 0x2945, 0x31A6, 0x2945, 0x0000,
  0x0020, 0x0000, 0x0000, 0x0000, 0x0000, 0x0000, 0x0000, 0x0000, 0x0000, 0x0000, 0x0000, 0x0000,
  0x0000, 0x0000, 0x0000, 0x0000, 0x0000, 0x0020, 0x0000, 0x4208, 0xAD75, 0x2124, 0x39C7, 0x6B6D,
  0x8431, 0x73AE, 0x73CF, 0x8C71, 0x39C7, 0x2124, 0x31A6, 0x0020, 0x0020, 0x0000, 0x528A, 0x738E,
  0x2124, 0x5AEB, 0x9CD3, 0x5AEB, 0x73CF, 0x630C, 0x94B2, 0x18E3, 0x39E7, 0x7BEF, 0x6B6D, 0x0841,
  0x0020, 0x0000, 0x0000, 0x1082, 0x8430, 0x8C71, 0x73AE, 0x94B2, 0x9CF4, 0x2965, 0x31A7, 0x62EC,
  0x8C71, 0x630C, 0x7BAF, 0x8410, 0x630C, 0x0020, 0x4208, 0x9CB2, 0x4A49, 0x9492, 0x18C3, 0x0000,
  0x0020, 0x0020, 0x0020, 0x0020, 0x0000, 0x0000, 0x0020, 0x0000, 0x1082, 0x6B6D, 0x8C31, 0x94B2,
  0x6B4D, 0x9CD3, 0x2946, 0x0020, 0x630C, 0x9492, 0x6B4D, 0x6B4D, 0x0000, 0x0020, 0x0020, 0x31A6,
  0x9492, 0x6B6D, 0x7BCF, 0x630C, 0x738E, 0x0000, 0x2945, 0x9CF3, 0x632D, 0x0020, 0x0020, 0x0000,
  0x0841, 0x18E3, 0x9492, 0x7BEF, 0x8C72, 0x630C, 0x8C71, 0x2125, 0x0862, 0x6B6E, 0x8C51, 0x8410,
  0x6B6D, 0x8C51, 0x4208, 0x0000, 0x41E8, 0x9CF4, 0x10A2, 0x0000, 0x0020, 0x0861, 0x0821, 0x31A7,
  0x8C72, 0x6B6D, 0x9CD3, 0x18C3, 0x0000, 0x0020, 0x2925, 0x9492, 0x6B4C, 0x8C51, 0x4208, 0x0000,
  0x0020, 0x1062, 0x8C51, 0x738E, 0x0000, 0x0020, 0x0000, 0x0020, 0x0000, 0x528A, 0x9CF4, 0x8431,
  0x6B6E, 0x0000, 0x0020, 0x0020, 0x0020, 0x0000, 0x4228, 0xA514, 0x0021, 0x0000, 0x0020, 0x0020,
  0x0020, 0x0000, 0x0000, 0x0000, 0x0000, 0x0000, 0x0000, 0x0000, 0x0000, 0x0000, 0x0000, 0x0000,
  0x0000, 0x0000, 0x0000, 0x0000, 0x0000, 0x0000, 0x0000, 0x0000, 0x0000, 0x0000, 0x0000, 0x0000,
  0x0000, 0x0000, 0x0000, 0x0000, 0x0000, 0x0000, 0x0861, 0x39C7, 0x2965, 0x3186, 0x2145, 0x18E3,
  0x2966, 0x2965, 0x2965, 0x39C7, 0x2124, 0x2965, 0x3186, 0x2104, 0x4208, 0x18C3, 0x39C7, 0x2965,
  0x2945, 0x18E3, 0x0000, 0x0020, 0x0000, 0x0000, 0x0000, 0x0000, 0x0000, 0x0000, 0x0000, 0x0020,
  0x0000, 0x0000, 0x0000, 0x0000, 0x0000, 0x0000, 0x0000, 0x0000, 0x0000, 0x0841, 0x18E3, 0x4228,
  0x39E7, 0x39C7, 0x18C3, 0x2965, 0x2124, 0x3186, 0x39E7, 0x2104, 0x18E3, 0x2965, 0x2104, 0x3186,
  0x2965, 0x31A6, 0x2945, 0x31A6, 0x39C7, 0x0020, 0x0000, 0x0000, 0x0000, 0x0000, 0x0000, 0x0000,
  0x0000, 0x0000, 0x0000, 0x0000, 0x0000, 0x0000, 0x0000, 0x0000, 0x0000, 0x0000, 0x0000, 0x0000,
  0x0020, 0x632C, 0x2104, 0x738E, 0x8430, 0x7BCF, 0x8430, 0x6B6E, 0x8430, 0x2945, 0x5289, 0x8410,
  0x5AEB, 0x0841, 0x0000, 0x0020, 0x0000, 0x3186, 0x8C51, 0x7BCF, 0x8410, 0x73CF, 0x8431, 0x5AEB,
  0x10A2, 0x8C71, 0x73AE, 0x738E, 0x738E, 0x738E, 0x18E3, 0x0000, 0x0000, 0x2104, 0x94B2, 0x8C51,
  0x630C, 0x7BCF, 0x2945, 0x1082, 0x73AF, 0x8431, 0x9492, 0x630C, 0x7BF0, 0x528A, 0x0000, 0x0841,
  0x5AEB, 0x1082, 0x0000, 0x0020, 0x0841, 0x0000, 0x0000, 0x0000, 0x0000, 0x0000, 0x0000, 0x0000,
  0x0020, 0x0000, 0x2945, 0x73AE, 0x73AE, 0x83F0, 0x8410, 0x1062, 0x0000, 0x0861, 0x6B4D, 0x8410,
  0x738E, 0x39C7, 0x0000, 0x0020, 0x0000, 0x5AEC, 0x7BCF, 0x7BF0, 0x7BCF, 0x52AB, 0x0000, 0x0020,
  0x4A49, 0x738E, 0x8431, 0x0841, 0x0000, 0x0021, 0x0020, 0x39A7, 0x73AF, 0x73AF, 0x6B4D, 0x8431,
  0x0820, 0x0000, 0x20E4, 0x632C, 0x738E, 0x8C72, 0x9492, 0x2105, 0x0020, 0x0020, 0x5AAB, 0x0862,
  0x0000, 0x0020, 0x0000, 0x0000, 0x0020, 0x4A4A, 0x7BCF, 0x83F0, 0x0861, 0x0000, 0x0020, 0x0000,
  0x4208, 0x7BEF, 0x94B2, 0x18E3, 0x0000, 0x0020, 0x0000, 0x2925, 0x52AA, 0x0000, 0x0000, 0x0000,
  0x0000, 0x0000, 0x0020, 0x5AEB, 0x73AE, 0x52AB, 0x0000, 0x0020, 0x0020, 0x0000, 0x0000, 0x5ACB,
  0x8410, 0x0861, 0x0000, 0x0020, 0x0000, 0x0000, 0x0000, 0x0000, 0x0000, 0x0000, 0x0000, 0x0000,
  0x0000, 0x0000, 0x0000, 0x0000, 0x0000, 0x0000, 0x0000, 0x0000, 0x0000, 0x0000, 0x0000, 0x0000,
  0x0000, 0x0000, 0x0000, 0x0000, 0x0000, 0x0000, 0x0000, 0x0000, 0x0000, 0x0000, 0x0020, 0x0000,
  0x31A6, 0x2104, 0x4208, 0x10A2, 0x31A6, 0x2946, 0x2105, 0x2104, 0x39C6, 0x3186, 0x2945, 0x31A6,
  0x3186, 0x3186, 0x3186, 0x2965, 0x2965, 0x3186, 0x3186, 0x0000, 0x0020, 0x0000, 0x0000, 0x0000,
  0x0000, 0x0000, 0x0000, 0x0000, 0x0000, 0x0000, 0x0000, 0x0000, 0x0000, 0x0000, 0x0000, 0x0000,
  0x0000, 0x0000, 0x0020, 0x0000, 0x18E3, 0x2124, 0x0020, 0x39C7, 0x4208, 0x2965, 0x39E7, 0x2945,
  0x18E3, 0x2104, 0x4228, 0x2104, 0x18E3, 0x2124, 0x18C3, 0x2965, 0x2124, 0x3186, 0x31A6, 0x10A2,
  0x0000, 0x0000, 0x0000, 0x0000, 0x0000, 0x0000, 0x0000, 0x0000, 0x0000, 0x0000, 0x0000, 0x0000,
  0x0000, 0x0000, 0x0000, 0x0000, 0x0000, 0x0000, 0x0020, 0x0000, 0x6B4D, 0x9CD3, 0x0000, 0x7BEF,
  0x840F, 0x9492, 0x4A69, 0x3186, 0xAD55, 0x2945, 0x39C7, 0x0000, 0x0841, 0x0841, 0x0020, 0x73AE,
  0x5ACB, 0x2965, 0xA534, 0x8410, 0x94B2, 0x0861, 0x8C51, 0x632C, 0x10A2, 0x9CF3, 0x8410, 0x9CD3,
  0x2945, 0x0000, 0x0020, 0x0000, 0x4228, 0x9492, 0x9492, 0x632C, 0x0000, 0x0021, 0x0000, 0x5ACB,
  0x9CD3, 0x5AEB, 0x8C51, 0x0000, 0x0020, 0x0000, 0x0000, 0x0000, 0x0000, 0x0000, 0x0000, 0x0000,
  0x0000, 0x0000, 0x0000, 0x0000, 0x0000, 0x0000, 0x0020, 0x0020, 0x10A2, 0x83EF, 0x8C30, 0x9493,
  0x39C7, 0x0000, 0x0020, 0x0861, 0x5AEB, 0x9CD3, 0x8C51, 0x738E, 0x0000, 0x0020, 0x0020, 0x528A,
  0x94D3, 0x736E, 0x8431, 0x0000, 0x0841, 0x0020, 0x3186, 0x83F0, 0x1082, 0x0000, 0x0020, 0x0020,
  0x0020, 0x2104, 0x94B2, 0x8430, 0xA535, 0x2945, 0x0000, 0x0861, 0x1082, 0x738E, 0x736E, 0x5AEC,
  0x5AEB, 0x0000, 0x0020, 0x0000, 0x3166, 0x1081, 0x0000, 0x0000, 0x0000, 0x0020, 0x0000, 0x2965,
  0xA534, 0x18E3, 0x0000, 0x0020, 0x0020, 0x0020, 0x2945, 0x9492, 0x528A, 0x0000, 0x0020, 0x0020,
  0x0000, 0x18E3, 0x39E7, 0x0000, 0x0020, 0x0000, 0x0020, 0x0000, 0x0020, 0x5AEB, 0x94B3, 0x0000,
  0x0020, 0x0020, 0x0020, 0x0000, 0x3186, 0xAD76, 0x2965, 0x0000, 0x0020, 0x0000, 0x0000, 0x0000,
  0x0000, 0x0000, 0x0000, 0x0000, 0x0000, 0x0000, 0x0000, 0x0000, 0x0000, 0x0000, 0x0000, 0x0000,
  0x0000, 0x0000, 0x0000, 0x0000, 0x0000, 0x0000, 0x0000, 0x0000, 0x0000, 0x0000, 0x0000, 0x0000,
  0x0000, 0x0000, 0x0000, 0x0000, 0x0000, 0x0841, 0x39C7, 0x39C7, 0x18E3, 0x2945, 0x39A8, 0x2946,
  0x31A6, 0x39C7, 0x39C7, 0x18E3, 0x3186, 0x3186, 0x2965, 0x3186, 0x2104, 0x31A6, 0x3186, 0x2124,
  0x39C7, 0x1062, 0x0000, 0x0020, 0x0000, 0x0000, 0x0000, 0x0000, 0x0000, 0x0000, 0x0000, 0x0000,
  0x0000, 0x0000, 0x0000, 0x0000, 0x0000, 0x0000, 0x0000, 0x0000, 0x0020, 0x0000, 0x2104, 0x3186,
  0x3186, 0x31A6, 0x2965, 0x18C3, 0x3186, 0x39E7, 0x10A2, 0x18E3, 0x2965, 0x18C3, 0x3186, 0x2945,
  0x18C3, 0x2965, 0x3186, 0x2945, 0x31A6, 0x2965, 0x0000, 0x0020, 0x0000, 0x0000, 0x0000, 0x0000,
  0x0000, 0x0000, 0x0000, 0x0000, 0x0000, 0x0000, 0x0000, 0x0000, 0x0000, 0x0000, 0x0000, 0x0020,
  0x0000, 0x18C3, 0x7BCF, 0x0861, 0x0861, 0x52AA, 0x9CF3, 0x39C7, 0x3186, 0x8C71, 0x2965, 0x0841,
  0x738E, 0x632C, 0x0841, 0x0882, 0x1082, 0x0020, 0x0000, 0x528A, 0x8C51, 0x738E, 0x0000, 0x6B4D,
  0x52AA, 0x0000, 0x39C7, 0x8430, 0x9CD3, 0x2965, 0x0000, 0x0020, 0x0000, 0x0020, 0x39E7, 0x9492,
  0x39C7, 0x0841, 0x0020, 0x0000, 0x1062, 0x5AEC, 0x9492, 0x4208, 0x0801, 0x0861, 0x0020, 0x0020,
  0x0020, 0x0020, 0x0000, 0x0000, 0x0000, 0x0000, 0x0000, 0x0000, 0x0000, 0x0000, 0x0000, 0x0000,
  0x0020, 0x0000, 0x2965, 0x94B2, 0x94B3, 0x31A7, 0x0000, 0x0020, 0x0000, 0x0862, 0x5AEC, 0x8C31,
  0x5AEC, 0x0000, 0x0020, 0x0000, 0x0021, 0x5AEB, 0x9CD3, 0x6B4D, 0x0000, 0x0020, 0x0040, 0x0000,
  0x3187, 0x8410, 0x41E8, 0x0000, 0x0020, 0x0020, 0x0000, 0x39E7, 0x9492, 0x9492, 0x18C3, 0x0000,
  0x0000, 0x0841, 0x2104, 0x736E, 0x0000, 0x0841, 0x0841, 0x0000, 0x0000, 0x0841, 0x528B, 0x0882,
  0x0000, 0x0020, 0x0000, 0x0020, 0x0000, 0x4A69, 0x18C3, 0x0000, 0x0020, 0x0000, 0x0020, 0x0000,
  0x3186, 0x18C3, 0x0000, 0x0020, 0x0000, 0x0020, 0x0000, 0x2104, 0x52AB, 0x0020, 0x0020, 0x0000,
  0x0020, 0x0000, 0x0841, 0x6B6E, 0x0862, 0x0000, 0x0020, 0x0000, 0x0020, 0x0000, 0x528A, 0x10A2,
  0x0000, 0x0020, 0x0000, 0x0000, 0x0000, 0x0000, 0x0000, 0x0000, 0x0000, 0x0000, 0x0000, 0x0000,
  0x0000, 0x0000, 0x0000, 0x0000, 0x0000, 0x0000, 0x0000, 0x0000, 0x0000, 0x0000, 0x0000, 0x0000,
  0x0000, 0x0000, 0x0000, 0x0000, 0x0000, 0x0000, 0x0000, 0x0000, 0x0000, 0x0020, 0x0000, 0x18C3,
  0x31A6, 0x31A6, 0x3186, 0x2966, 0x31A8, 0x3186, 0x39C7, 0x1904, 0x3186, 0x2946, 0x39C7, 0x2104,
  0x2104, 0x2965, 0x3186, 0x3166, 0x2104, 0x2985, 0x0820, 0x0020, 0x0000, 0x0000, 0x0000, 0x0000,
  0x0000, 0x0000, 0x0000, 0x0000, 0x0000, 0x0000, 0x0000, 0x0000, 0x0000, 0x0000, 0x0000, 0x0000,
  0x0000, 0x0000, 0x0000, 0x0000, 0x0861, 0x2945, 0x2965, 0x31A6, 0x2965, 0x0861, 0x39E7, 0x3186,
  0x2104, 0x2945, 0x2124, 0x3186, 0x39C7, 0x2104, 0x4208, 0x39E7, 0x2965, 0x2104, 0x3186, 0x2965,
  0x0020, 0x0000, 0x0000, 0x0000, 0x0000, 0x0000, 0x0000, 0x0000, 0x0000, 0x0000, 0x0000, 0x0000,
  0x0000, 0x0000, 0x0000, 0x0000, 0x0000, 0x0000, 0x0000, 0x0000, 0x0000, 0x0000, 0x1082, 0x8430,
  0x4A69, 0x3186, 0x94B2, 0x3186, 0x0000, 0x1082, 0x8430, 0x6B6D, 0x0000, 0x0020, 0x0000, 0x0000,
  0x0000, 0x6B6D, 0x8430, 0x2965, 0xA514, 0x4A69, 0x0000, 0x0000, 0x39C7, 0xA514, 0x31A6, 0x0000,
  0x0000, 0x0000, 0x0020, 0x0000, 0x39C7, 0x630C, 0x0841, 0x0841, 0x0000, 0x0000, 0x0861, 0x73AF,
  0x632D, 0x0000, 0x0020, 0x0000, 0x0020, 0x0000, 0x0000, 0x0000, 0x0000, 0x0000, 0x0000, 0x0000,
  0x0000, 0x0000, 0x0000, 0x0000, 0x0000, 0x0000, 0x0000, 0x0020, 0x0000, 0x4208, 0x4228, 0x0000,
  0x0020, 0x0000, 0x0000, 0x1082, 0x7BEF, 0x738E, 0x0000, 0x0000, 0x0000, 0x0000, 0x0020, 0x632D,
  0x7BCF, 0x0020, 0x0020, 0x0000, 0x0840, 0x0000, 0x5AEB, 0x8C71, 0x18C3, 0x0000, 0x0020, 0x0000,
  0x0020, 0x0000, 0x5ACB, 0x4A29, 0x0000, 0x0020, 0x0000, 0x0000, 0x0000, 0x0000, 0x0000, 0x0841,
  0x0862, 0x0000, 0x0020, 0x0000, 0x0000, 0x0000, 0x0000, 0x0000, 0x0000, 0x0000, 0x0000, 0x0000,
  0x0000, 0x0000, 0x0000, 0x0000, 0x0000, 0x0000, 0x0000, 0x0000, 0x0020, 0x0000, 0x0000, 0x0000,
  0x0000, 0x0000, 0x0000, 0x1063, 0x0000, 0x0841, 0x0000, 0x0000, 0x0000, 0x0000, 0x0000, 0x0000,
  0x0000, 0x0020, 0x0000, 0x0000, 0x0000, 0x0000, 0x0000, 0x0020, 0x0000, 0x0000, 0x0000, 0x0000,
  0x0000, 0x0000, 0x0000, 0x0000, 0x0000, 0x0000, 0x0000, 0x0000, 0x0000, 0x0000, 0x0000, 0x0000,
  0x0000, 0x0000, 0x0000, 0x0000, 0x0000, 0x0000, 0x0000, 0x0000, 0x0000, 0x0000, 0x0000, 0x0000,
  0x0000, 0x0000, 0x0000, 0x0020, 0x0000, 0x2124, 0x3186, 0x18E3, 0x18C3, 0x3166, 0x18E3, 0x0862,
  0x18E4, 0x39C8, 0x10C3, 0x31A7, 0x3185, 0x31A6, 0x2965, 0x2124, 0x31A6, 0x3166, 0x18A3, 0x31A6,
  0x0000, 0x0020, 0x0000, 0x0000, 0x0000, 0x0000, 0x0000, 0x0000, 0x0000, 0x0000, 0x0000, 0x0000,
  0x0000, 0x0000, 0x0000, 0x0000, 0x0000, 0x0000, 0x0000, 0x0000, 0x0000, 0x0020, 0x0000, 0x18E3,
  0x31A6, 0x2104, 0x2124, 0x31A6, 0x31A6, 0x2965, 0x2965, 0x31A6, 0x2124, 0x18E3, 0x2965, 0x0861,
  0x39C7, 0x3186, 0x2965, 0x10A2, 0x31A6, 0x31A6, 0x10A2, 0x0000, 0x0020, 0x0000, 0x0000, 0x0000,
  0x0000, 0x0000, 0x0000, 0x0000, 0x0000, 0x0000, 0x0000, 0x0000, 0x0000, 0x0000, 0x0000, 0x0000,
  0x0000, 0x0000, 0x0020, 0x0000, 0x1082, 0x2104, 0x2965, 0x9CD3, 0x2104, 0x0841, 0x0841, 0x10A2,
  0x4208, 0x2104, 0x630C, 0x0000, 0x0020, 0x0000, 0x0000, 0x4228, 0x0000, 0x2124, 0x5AEB, 0x0000,
  0x0020, 0x0841, 0x4228, 0x4208, 0x0841, 0x0861, 0x0861, 0x0000, 0x0000, 0x0000, 0x0000, 0x0000,
  0x0861, 0x0020, 0x0861, 0x0020, 0x1082, 0x41E8, 0x0000, 0x0861, 0x0000, 0x0841, 0x0841, 0x0841,
  0x0000, 0x0000, 0x0000, 0x0000, 0x0000, 0x0000, 0x0000, 0x0000, 0x0000, 0x0000, 0x0000, 0x0000,
  0x0000, 0x0000, 0x0020, 0x0000, 0x0000, 0x0861, 0x0841, 0x0020, 0x0020, 0x1082, 0x4208, 0x0000,
  0x0862, 0x0861, 0x0840, 0x0000, 0x0861, 0x39C7, 0x0000, 0x0020, 0x0020, 0x0021, 0x0841, 0x0861,
  0x39C7, 0x1082, 0x0000, 0x0020, 0x0000, 0x0000, 0x0000, 0x0861, 0x0000, 0x0000, 0x0000, 0x0021,
  0x0020, 0x0020, 0x0020, 0x0861, 0x0020, 0x0020, 0x0000, 0x1081, 0x0821, 0x0000, 0x0020, 0x0000,
  0x0000, 0x0000, 0x0000, 0x0000, 0x0000, 0x0020, 0x0020, 0x0000, 0x0000, 0x0020, 0x0020, 0x0000,
  0x0020, 0x0020, 0x0000, 0x0841, 0x0861, 0x0000, 0x0020, 0x0000, 0x0020, 0x0000, 0x1063, 0x2946,
  0x39C7, 0x0861, 0x0000, 0x0020, 0x0000, 0x0020, 0x0861, 0x0000, 0x0000, 0x0000, 0x0020, 0x0000,
  0x0000, 0x0000, 0x0000, 0x0000, 0x0000, 0x0000, 0x0000, 0x0000, 0x0000, 0x0000, 0x0000, 0x0000,
  0x0000, 0x0000, 0x0000, 0x0000, 0x0000, 0x0000, 0x0000, 0x0000, 0x0000, 0x0000, 0x0000, 0x0000,
  0x0000, 0x0000, 0x0000, 0x0000, 0x0000, 0x0000, 0x0000, 0x0000, 0x0000, 0x0000, 0x0020, 0x31A6,
  0x3186, 0x18E3, 0x2985, 0x2945, 0x18C3, 0x10C2, 0x2965, 0x2986, 0x2105, 0x31A6, 0x39C7, 0x3186,
  0x18E3, 0x3186, 0x2124, 0x31A6, 0x3186, 0x39C7, 0x18C3, 0x0000, 0x0020, 0x0000, 0x0000, 0x0000,
  0x0000, 0x0000, 0x0000, 0x0000, 0x0000, 0x0000, 0x0000, 0x0000, 0x0000, 0x0000, 0x0000, 0x0000,
  0x0000, 0x0000, 0x0000, 0x0000, 0x0000, 0x0861, 0x39C7, 0x31A6, 0x39E7, 0x3186, 0x2104, 0x39C7,
  0x2104, 0x39C7, 0x2945, 0x2104, 0x39C7, 0x18E3, 0x39C7, 0x2124, 0x4208, 0x39E7, 0x2965, 0x39C7,
  0x2965, 0x0000, 0x0020, 0x0000, 0x0000, 0x0000, 0x0000, 0x0000, 0x0000, 0x0000, 0x0000, 0x0000,
  0x0000, 0x0000, 0x0000, 0x0000, 0x0000, 0x0000, 0x0000, 0x0000, 0x0020, 0x0000, 0x10A2, 0x4A69,
  0x6B4D, 0x7BEF, 0x6B4D, 0x738E, 0x8C51, 0x4A69, 0x94B2, 0x52AA, 0x94B2, 0x0861, 0x0000, 0x0020,
  0x0000, 0x0000, 0x2124, 0x8430, 0x31A6, 0x6B4D, 0x4A49, 0x4228, 0x5AEB, 0x738E, 0x8C51, 0x632C,
  0x9492, 0x2945, 0x0000, 0x0020, 0x0000, 0x52AA, 0x6B6D, 0x73AE, 0x52AA, 0x73AE, 0x2104, 0x52AA,
  0x528A, 0x630C, 0x52AA, 0x738E, 0x7BF0, 0x4228, 0x0000, 0x0020, 0x0000, 0x0000, 0x0000, 0x0000,
  0x0000, 0x0000, 0x0000, 0x0000, 0x0000, 0x0000, 0x0000, 0x0020, 0x0020, 0x0020, 0x7BCF, 0x6B6D,
  0x8C51, 0x4A69, 0x6B4D, 0x2945, 0x632C, 0x5269, 0x8C51, 0x7BCF, 0x6B6D, 0x7BCF, 0x39E7, 0x4A49,
  0x39E7, 0x630C, 0x52AA, 0x8410, 0x6B6E, 0x738E, 0x73AE, 0x528A, 0x0020, 0x0020, 0x0000, 0x0020,
  0x0000, 0x5AEB, 0x8410, 0x6B6D, 0x4A69, 0x738E, 0x2104, 0x0020, 0x2965, 0x9492, 0x632D, 0x738E,
  0x6B6E, 0x4A4A, 0x0821, 0x0000, 0x0020, 0x0000, 0x0000, 0x0020, 0x0020, 0x0000, 0x0000, 0x0000,
  0x0000, 0x0000, 0x0000, 0x1082, 0x0020, 0x0000, 0x0000, 0x0020, 0x0000, 0x2104, 0x39C7, 0x0841,
  0x0000, 0x1061, 0x10A2, 0x1082, 0x2104, 0x20E4, 0x3186, 0x2124, 0x1082, 0x0000, 0x0000, 0x1082,
  0x39E8, 0x10A2, 0x18C3, 0x0861, 0x0000, 0x0862, 0x0841, 0x31A6, 0x0841, 0x0000, 0x0000, 0x0000,
  0x0000, 0x0000, 0x0000, 0x0000, 0x0000, 0x0000, 0x0000, 0x0000, 0x0000, 0x0000, 0x0000, 0x0000,
  0x0000, 0x0000, 0x0000, 0x0000, 0x0000, 0x0000, 0x0000, 0x0000, 0x0000, 0x0000, 0x0000, 0x0000,
  0x0000, 0x0000, 0x0000, 0x0000, 0x18C3, 0x39C7, 0x3186, 0x2945, 0x2965, 0x3186, 0x2965, 0x39C7,
  0x2925, 0x3167, 0x39A8, 0x39C8, 0x2125, 0x18E4, 0x31A7, 0x39C7, 0x2945, 0x39C7, 0x2104, 0x1082,
  0x0020, 0x0000, 0x0000, 0x0000, 0x0000, 0x0000, 0x0000, 0x0000, 0x0000, 0x0000, 0x0000, 0x0000,
  0x0000, 0x0000, 0x0000, 0x0000, 0x0000, 0x0000, 0x0000, 0x0000, 0x0000, 0x0000, 0x0000, 0x1082,
  0x4208, 0x2104, 0x2104, 0x39E7, 0x2965, 0x2965, 0x2124, 0x2104, 0x1082, 0x10A2, 0x2104, 0x18C3,
  0x18E3, 0x4208, 0x39E7, 0x1082, 0x39C7, 0x3186, 0x39C7, 0x2124, 0x0000, 0x0020, 0x0000, 0x0000,
  0x0000, 0x0000, 0x0000, 0x0000, 0x0000, 0x0000, 0x0000, 0x0000, 0x0000, 0x0000, 0x0000, 0x0000,
  0x0000, 0x0000, 0x0020, 0x0000, 0x0841, 0x8410, 0x9492, 0x8430, 0x8C51, 0x9CF3, 0x5AEB, 0x1082,
  0x7BCF, 0x9CD3, 0x8410, 0x9492, 0x18E3, 0x0020, 0x0000, 0x1082, 0xA514, 0x8430, 0x9CD3, 0x8C71,
  0xBDD7, 0x10A2, 0x2945, 0x9CD3, 0x7BCF, 0x8430, 0x8C51, 0x8C71, 0x0000, 0x0020, 0x0020, 0x0841,
  0x73AE, 0x8C51, 0xAD55, 0x528A, 0x0841, 0x7BCF, 0xAD76, 0x5AEC, 0x9492, 0x9492, 0x6B8E, 0x0841,
  0x0020, 0x0020, 0x0000, 0x0000, 0x0000, 0x0000, 0x0000, 0x0000, 0x0000, 0x0000, 0x0000, 0x0000,
  0x0000, 0x0020, 0x0000, 0x528A, 0xA514, 0x8C72, 0x7C10, 0xB596, 0x3186, 0x0861, 0x5B0B, 0x9CF4,
  0x8C71, 0x94B2, 0xAD35, 0x6B4D, 0x0020, 0x5AEC, 0xA534, 0x5ACB, 0xA534, 0x3186, 0x18E4, 0x18C3,
  0x39E8, 0xBDB7, 0x18E3, 0x0000, 0x0020, 0x0020, 0x0000, 0x2104, 0xA4F4, 0x94B2, 0xB596, 0x4208,
  0x0020, 0x0020, 0x1082, 0x738E, 0xA514, 0xA514, 0x738E, 0x1082, 0x0821, 0x0000, 0x0000, 0x0000,
  0x0000, 0x0841, 0x0020, 0x0000, 0x0000, 0x0000, 0x0000, 0x0000, 0x0000, 0x0000, 0x0000, 0x0000,
  0x0020, 0x0000, 0x2945, 0x39C7, 0x2945, 0x1903, 0x1082, 0x1904, 0x2945, 0x2104, 0x2925, 0x18C3,
  0x39E7, 0x2124, 0x31A6, 0x3186, 0x31A6, 0x39C7, 0x2945, 0x31A7, 0x39C7, 0x2966, 0x2945, 0x2104,
  0x18E3, 0x18C3, 0x0020, 0x0000, 0x0000, 0x0000, 0x0000, 0x0000, 0x0000, 0x0000, 0x0000, 0x0000,
  0x0000, 0x0000, 0x0000, 0x0000, 0x0000, 0x0000, 0x0000, 0x0000, 0x0000, 0x0000, 0x0000, 0x0000,
  0x0000, 0x0000, 0x0000, 0x0000, 0x0000, 0x0000, 0x0000, 0x0000, 0x0020, 0x0000, 0x2965, 0x39C7,
  0x2965, 0x2965, 0x3185, 0x2966, 0x2945, 0x3187, 0x2945, 0x2966, 0x2126, 0x2946, 0x3186, 0x39C7,
  0x31A6, 0x3186, 0x39C7, 0x2965, 0x3186, 0x18E3, 0x0000, 0x0020, 0x0000, 0x0000, 0x0000, 0x0000,
  0x0000, 0x0000, 0x0000, 0x0000, 0x0000, 0x0000, 0x0000, 0x0000, 0x0000, 0x0000, 0x0000, 0x0000,
  0x0000, 0x0000, 0x0000, 0x0000, 0x0000, 0x0020, 0x0861, 0x31A6, 0x10A2, 0x18E3, 0x2124, 0x10A2,
  0x2945, 0x18C3, 0x18E3, 0x2104, 0x31A6, 0x2965, 0x0861, 0x2104, 0x31A6, 0x2124, 0x39E7, 0x2104,
  0x39C7, 0x0040, 0x0000, 0x0000, 0x0000, 0x0000, 0x0000, 0x0000, 0x0000, 0x0000, 0x0000, 0x0000,
  0x0000, 0x0000, 0x0000, 0x0000, 0x0000, 0x0000, 0x0000, 0x0000, 0x0020, 0x0000, 0x18E3, 0x7BCF,
  0x738E, 0x738E, 0x8410, 0x738E, 0x0841, 0x18E3, 0x9492, 0x738E, 0x8410, 0x8410, 0x6B4D, 0x0000,
  0x0020, 0x0000, 0x18E3, 0x9CD3, 0x738E, 0x632C, 0x1082, 0x0000, 0x5AEB, 0x9CF3, 0x8410, 0x8410,
  0xA514, 0x2104, 0x0000, 0x0020, 0x0000, 0x0000, 0x0020, 0x9492, 0x5AEB, 0x0000, 0x0861, 0x738E,
  0x7BAF, 0x6B6E, 0x8410, 0x7BCF, 0x0020, 0x0000, 0x0000, 0x0000, 0x0000, 0x0000, 0x0000, 0x0000,
  0x0000, 0x0000, 0x0000, 0x0000, 0x0000, 0x0000, 0x0000, 0x0000, 0x0020, 0x0841, 0x632C, 0x8430,
  0x8C51, 0x39C7, 0x0000, 0x18E3, 0x73AE, 0x7BCF, 0x8C51, 0x738E, 0x6B4D, 0x0000, 0x0821, 0x7BCF,
  0x738E, 0x8410, 0x18E3, 0x0000, 0x0000, 0x0000, 0x6B4D, 0x39E7, 0x0000, 0x0020, 0x0000, 0x0020,
  0x0000, 0x528A, 0x94B2, 0x9CF3, 0x528A, 0x0000, 0x0020, 0x0000, 0x2124, 0x94B2, 0x8C72, 0x7BF0,
  0x0000, 0x0000, 0x0000, 0x0000, 0x0000, 0x0000, 0x0000, 0x0000, 0x0000, 0x0000, 0x0000, 0x0000,
  0x0000, 0x0000, 0x0000, 0x0000, 0x0000, 0x0000, 0x0000, 0x2945, 0x2965, 0x31A6, 0x2966, 0x2145,
  0x2124, 0x4208, 0x2124, 0x2945, 0x3187, 0x1062, 0x10A2, 0x31A6, 0x2124, 0x2945, 0x2124, 0x2965,
  0x18E3, 0x39C7, 0x3186, 0x18E3, 0x3166, 0x31A6, 0x2945, 0x0000, 0x0000, 0x0000, 0x0000, 0x0861,
  0x0861, 0x0000, 0x0000, 0x0000, 0x0000, 0x0000, 0x0000, 0x0000, 0x0000, 0x0000, 0x0000, 0x0000,
  0x0000, 0x0000, 0x0000, 0x0000, 0x0000, 0x0000, 0x0000, 0x0000, 0x0000, 0x0000, 0x0000, 0x0000,
  0x0000, 0x0020, 0x0000, 0x18C3, 0x31A6, 0x3186, 0x10A2, 0x39C7, 0x39C7, 0x2104, 0x3186, 0x2965,
  0x2104, 0x39E9, 0x2946, 0x3166, 0x3186, 0x2124, 0x3186, 0x20E4, 0x3145, 0x2925, 0x2945, 0x0000,
  0x0020, 0x0000, 0x0000, 0x0000, 0x0000, 0x0000, 0x0000, 0x0000, 0x0000, 0x0000, 0x0000, 0x0000,
  0x0000, 0x0000, 0x0000, 0x0000, 0x0000, 0x0000, 0x0000, 0x0000, 0x0000, 0x0000, 0x0020, 0x0000,
  0x1082, 0x31A6, 0x18C3, 0x2124, 0x39C7, 0x2945, 0x18C3, 0x31A6, 0x2104, 0x2965, 0x528A, 0x2945,
  0x31A6, 0x10A2, 0x18C3, 0x3186, 0x2965, 0x2124, 0x2124, 0x3186, 0x1082, 0x0000, 0x0020, 0x0000,
  0x0000, 0x0000, 0x0000, 0x0000, 0x0000, 0x0000, 0x0000, 0x0000, 0x0000, 0x0000, 0x0000, 0x0000,
  0x0000, 0x0000, 0x0000, 0x0020, 0x0000, 0x5ACB, 0x7BEF, 0x8C51, 0x6B4D, 0x0000, 0x0841, 0x1082,
  0x4A69, 0x8430, 0x632C, 0x9492, 0x0020, 0x0000, 0x0020, 0x0020, 0x0000, 0x2965, 0x8C51, 0x0020,
  0x0000, 0x0020, 0x18C3, 0x8410, 0x738E, 0xAD55, 0x2945, 0x0000, 0x0020, 0x0000, 0x0000, 0x0020,
  0x0000, 0x0020, 0x0020, 0x0000, 0x0841, 0x4229, 0x94B3, 0x632C, 0x83F0, 0x0000, 0x0000, 0x0020,
  0x2104, 0x0841, 0x0000, 0x0000, 0x0000, 0x0000, 0x0000, 0x0000, 0x0000, 0x0000, 0x0000, 0x0000,
  0x0000, 0x0000, 0x0020, 0x0000, 0x18C3, 0x9CD3, 0x39C7, 0x0000, 0x0020, 0x0000, 0x39E8, 0x9492,
  0x0841, 0x0020, 0x0000, 0x0000, 0x0000, 0x4208, 0xA534, 0x2104, 0x0000, 0x0020, 0x0020, 0x0000,
  0x2946, 0x0841, 0x0000, 0x0000, 0x0000, 0x0000, 0x0020, 0x0000, 0x83EF, 0x5ACB, 0x0000, 0x0020,
  0x0020, 0x0020, 0x0000, 0x39C7, 0x9CD3, 0x0000, 0x0000, 0x0020, 0x0000, 0x0000, 0x0000, 0x0000,
  0x0000, 0x0000, 0x0000, 0x0000, 0x0000, 0x0000, 0x0000, 0x0000, 0x0000, 0x0000, 0x0000, 0x0841,
  0x10A2, 0x31A6, 0x2124, 0x3186, 0x2124, 0x18C3, 0x2105, 0x2926, 0x18C3, 0x20E4, 0x18C3, 0x18E3,
  0x2124, 0x2965, 0x3186, 0x2945, 0x2104, 0x2124, 0x2965, 0x39C7, 0x1082, 0x2986, 0x31C7, 0x31A6,
  0x0020, 0x0020, 0x0000, 0x0000, 0x0000, 0x0000, 0x0000, 0x0000, 0x0000, 0x0000, 0x0000, 0x0000,
  0x0000, 0x0000, 0x0000, 0x0000, 0x0000, 0x0000, 0x0000, 0x0000, 0x0000, 0x0000, 0x0000, 0x0000,
  0x0000, 0x0000, 0x0000, 0x0000, 0x0000, 0x0000, 0x0000, 0x0020, 0x0000, 0x2124, 0x3186, 0x2945,
  0x2965, 0x39C7, 0x18C3, 0x2104, 0x39A8, 0x2966, 0x39E8, 0x0882, 0x31A7, 0x2946, 0x3186, 0x18E3,
  0x2966, 0x18E3, 0x2965, 0x39A7, 0x1062, 0x0000, 0x0000, 0x0000, 0x0000, 0x0000, 0x0000, 0x0000,
  0x0000, 0x0000, 0x0000, 0x0000, 0x0000, 0x0000, 0x0000, 0x0000, 0x0000, 0x0000, 0x0000, 0x0000,
  0x0000, 0x0000, 0x0000, 0x0000, 0x0000, 0x0000, 0x0861, 0x2104, 0x4228, 0x18C3, 0x18E3, 0x2124,
  0x0861, 0x10A2, 0x0841, 0x1082, 0x18C3, 0x0841, 0x1082, 0x39C7, 0x39E7, 0x31A6, 0x3186, 0x2104,
  0x3186, 0x39E7, 0x0841, 0x0000, 0x0000, 0x0000, 0x0000, 0x0000, 0x0000, 0x0000, 0x0000, 0x0000,
  0x0000, 0x0000, 0x0000, 0x0000, 0x0000, 0x0000, 0x0000, 0x0000, 0x0000, 0x0000, 0x0020, 0x0000,
  0x39C7, 0x52AA, 0x0000, 0x0020, 0x0000, 0x1082, 0x6B6D, 0x8C71, 0x738E, 0x0000, 0x0020, 0x0020,
  0x0000, 0x0000, 0x0020, 0x0000, 0x0000, 0x0020, 0x0020, 0x0000, 0x2965, 0x7BEF, 0x8C71, 0x2965,
  0x0000, 0x0020, 0x0000, 0x0000, 0x0000, 0x0020, 0x0020, 0x0000, 0x0000, 0x0000, 0x1082, 0x7BAF,
  0x9CD3, 0x630C, 0x0000, 0x0021, 0x0000, 0x0020, 0x4A49, 0x1082, 0x0000, 0x0000, 0x0000, 0x0000,
  0x0000, 0x0000, 0x0000, 0x0000, 0x0000, 0x0000, 0x0000, 0x0000, 0x0020, 0x0000, 0x4A6A, 0x39C7,
  0x0001, 0x0020, 0x0000, 0x0861, 0x52AB, 0x0841, 0x0000, 0x0020, 0x0020, 0x0000, 0x0841, 0x5ACB,
  0x0841, 0x0000, 0x0020, 0x0000, 0x0020, 0x0000, 0x528A, 0x2124, 0x0000, 0x0020, 0x0000, 0x0000,
  0x0000, 0x0000, 0x0861, 0x0020, 0x0000, 0x0000, 0x0000, 0x0000, 0x0000, 0x0000, 0x0861, 0x0000,
  0x0000, 0x0000, 0x0000, 0x0000, 0x0000, 0x0000, 0x0000, 0x0000, 0x0000, 0x0000, 0x0000, 0x0000,
  0x0000, 0x0000, 0x0000, 0x0000, 0x0000, 0x18E3, 0x39C7, 0x2965, 0x18E3, 0x3166, 0x2925, 0x4209,
  0x31A7, 0x1082, 0x41E9, 0x3167, 0x2124, 0x2124, 0x3186, 0x2124, 0x2124, 0x31A6, 0x2945, 0x3186,
  0x2965, 0x3186, 0x2965, 0x31A6, 0x31A6, 0x0000, 0x0000, 0x0000, 0x0000, 0x0000, 0x0000, 0x0000,
  0x0000, 0x0000, 0x0000, 0x0000, 0x0000, 0x0000, 0x0000, 0x0000, 0x0000, 0x0000, 0x0000, 0x0000,
  0x0000, 0x0000, 0x0000, 0x0000, 0x0000, 0x0000, 0x0000, 0x0000, 0x0000, 0x0000, 0x0000, 0x0000,
  0x0000, 0x0000, 0x0841, 0x31A6, 0x2965, 0x2124, 0x31A6, 0x31A6, 0x1903, 0x31A8, 0x3167, 0x2105,
  0x2966, 0x2124, 0x2967, 0x2104, 0x3187, 0x3186, 0x3186, 0x31A6, 0x3166, 0x20E4, 0x0020, 0x0000,
  0x0000, 0x0000, 0x0000, 0x0000, 0x0000, 0x0000, 0x0000, 0x0000, 0x0000, 0x0000, 0x0000, 0x0000,
  0x0000, 0x0000, 0x0000, 0x0000, 0x0000, 0x0000, 0x0000, 0x0000, 0x0000, 0x0000, 0x0000, 0x0020,
  0x0000, 0x39E7, 0x2965, 0x2945, 0x18E3, 0x31A6, 0x2104, 0x3186, 0x18C3, 0x2945, 0x31A7, 0x18E3,
  0x18E3, 0x18C3, 0x2945, 0x18E3, 0x2965, 0x39C7, 0x2965, 0x2965, 0x31A6, 0x0000, 0x0020, 0x0000,
  0x0000, 0x0000, 0x0000, 0x0000, 0x0000, 0x0000, 0x0000, 0x0000, 0x0000, 0x0000, 0x0000, 0x0000,
  0x0000, 0x0000, 0x0000, 0x0000, 0x0020, 0x0020, 0x0020, 0x0000, 0x0020, 0x0020, 0x0020, 0x0841,
  0x7BCF, 0x94B2, 0x0020, 0x0020, 0x0020, 0x0020, 0x0020, 0x0000, 0x0000, 0x0000, 0x0020, 0x0020,
  0x0020, 0x0020, 0x2124, 0xB5B6, 0x528A, 0x0000, 0x0840, 0x0020, 0x0020, 0x0020, 0x0020, 0x0020,
  0x0020, 0x0000, 0x0020, 0x0020, 0x0841, 0x7BF0, 0xA514, 0x0000, 0x0000, 0x0020, 0x0020, 0x0840,
  0x4A49, 0x1082, 0x0000, 0x0020, 0x0000, 0x0000, 0x0000, 0x0020, 0x0020, 0x0020, 0x0020, 0x0020,
  0x0000, 0x0000, 0x0000, 0x0000, 0x0000, 0x0000, 0x0020, 0x0020, 0x0000, 0x0000, 0x0000, 0x0020,
  0x0021, 0x0020, 0x0020, 0x0000, 0x0020, 0x0000, 0x0020, 0x0020, 0x0020, 0x0020, 0x0020, 0x0020,
  0x0000, 0x0000, 0x0000, 0x0000, 0x0000, 0x0000, 0x0000, 0x0000, 0x0000, 0x0000, 0x0000, 0x0000,
  0x0000, 0x0000, 0x0000, 0x0000, 0x0000, 0x0000, 0x0000, 0x0000, 0x0000, 0x0000, 0x0000, 0x0000,
  0x0000, 0x0000, 0x0000, 0x0000, 0x0000, 0x0000, 0x0000, 0x0020, 0x0000, 0x0000, 0x31A6, 0x39A7,
  0x3186, 0x31A6, 0x2926, 0x1082, 0x3126, 0x3166, 0x1062, 0x3186, 0x3186, 0x1082, 0x2104, 0x18E4,
  0x3186, 0x10A2, 0x31A6, 0x31A6, 0x2965, 0x2965, 0x31A6, 0x2945, 0x2965, 0x39C7, 0x2104, 0x0000,
  0x0020, 0x0000, 0x0000, 0x0000, 0x0000, 0x0000, 0x0000, 0x0000, 0x0000, 0x0000, 0x0000, 0x0000,
  0x0000, 0x0000, 0x0000, 0x0000, 0x0000, 0x0000, 0x0000, 0x0000, 0x0000, 0x0000, 0x0000, 0x0000,
  0x0000, 0x0000, 0x0000, 0x0000, 0x0000, 0x0000, 0x0020, 0x0000, 0x2104, 0x39C7, 0x31A6, 0x2945,
  0x31A6, 0x2945, 0x2945, 0x31A6, 0x39C8, 0x2965, 0x18E4, 0x39E9, 0x0862, 0x39E9, 0x2125, 0x31A6,
  0x3185, 0x39E7, 0x39C7, 0x3145, 0x0000, 0x0020, 0x0000, 0x0000, 0x0000, 0x0000, 0x0000, 0x0000,
  0x0000, 0x0000, 0x0000, 0x0000, 0x0000, 0x0000, 0x0000, 0x0000, 0x0000, 0x0000, 0x0000, 0x0000,
  0x0000, 0x0000, 0x0000, 0x0000, 0x0000, 0x0000, 0x0000, 0x0861, 0x18E3, 0x39C7, 0x2124, 0x2124,
  0x1082, 0x3186, 0x2965, 0x3186, 0x3A08, 0x2965, 0x18E3, 0x10A2, 0x2945, 0x2104, 0x2124, 0x3186,
  0x2945, 0x39C7, 0x39C7, 0x0841, 0x0000, 0x0000, 0x0000, 0x0000, 0x0000, 0x0000, 0x0000, 0x0000,
  0x0000, 0x0000, 0x0000, 0x0000, 0x0000, 0x0000, 0x0000, 0x0000, 0x0000, 0x0000, 0x0000, 0x0000,
  0x0000, 0x0020, 0x0000, 0x0000, 0x0000, 0x0841, 0x52AA, 0x0861, 0x0000, 0x0020, 0x0000, 0x0000,
  0x0000, 0x0000, 0x0000, 0x0000, 0x0000, 0x0000, 0x0000, 0x0000, 0x39C7, 0x4228, 0x0000, 0x0000,
  0x0000, 0x0000, 0x0000, 0x0000, 0x0000, 0x0020, 0x0000, 0x0000, 0x0000, 0x0000, 0x18C3, 0x4A69,
  0x0000, 0x0000, 0x0000, 0x0000, 0x0000, 0x0020, 0x52AA, 0x18C3, 0x0000, 0x0020, 0x0000, 0x0000,
  0x0000, 0x0000, 0x0000, 0x0000, 0x0000, 0x0000, 0x0000, 0x0000, 0x0000, 0x0000, 0x0020, 0x0020,
  0x0000, 0x0000, 0x0000, 0x0000, 0x0000, 0x0000, 0x0000, 0x0000, 0x0000, 0x0000, 0x0000, 0x0000,
  0x0000, 0x0000, 0x0000, 0x0000, 0x0000, 0x0000, 0x0020, 0x0020, 0x0000, 0x0000, 0x0000, 0x0000,
  0x0000, 0x0000, 0x0020, 0x0000, 0x0000, 0x0000, 0x0000, 0x0000, 0x0000, 0x0000, 0x0020, 0x0000,
  0x0000, 0x0000, 0x0000, 0x0000, 0x0000, 0x0000, 0x0000, 0x0000, 0x0000, 0x0000, 0x0000, 0x0000,
  0x0020, 0x0000, 0x0020, 0x39C7, 0x31A6, 0x2965, 0x31A7, 0x31A7, 0x0842, 0x2125, 0x20E4, 0x18A3,
  0x39C8, 0x3167, 0x3186, 0x0841, 0x2104, 0x18E3, 0x2124, 0x3186, 0x39C7, 0x2945, 0x2945, 0x31A6,
  0x3186, 0x10A2, 0x31A6, 0x31A6, 0x0861, 0x0000, 0x0000, 0x0000, 0x0000, 0x0000, 0x0000, 0x0000,
  0x0000, 0x0000, 0x0000, 0x0000, 0x0000, 0x0000, 0x0000, 0x0000, 0x0000, 0x0000, 0x0000, 0x0000,
  0x0000, 0x0000, 0x0000, 0x0000, 0x0000, 0x0000, 0x0000, 0x0000, 0x0000, 0x0000, 0x0000, 0x0000,
  0x0020, 0x0000, 0x3186, 0x31A6, 0x2945, 0x3186, 0x31A6, 0x18E3, 0x3186, 0x31A7, 0x2125, 0x39C8,
  0x39C8, 0x2967, 0x31A6, 0x3187, 0x31A7, 0x2104, 0x2965, 0x0861, 0x39E7, 0x0040, 0x0000, 0x0000,
  0x0000, 0x0000, 0x0000, 0x0000, 0x0000, 0x0000, 0x0000, 0x0000, 0x0000, 0x0000, 0x0000, 0x0000,
  0x0000, 0x0000, 0x0000, 0x0000, 0x0000, 0x0000, 0x0000, 0x0000, 0x0000, 0x0000, 0x0000, 0x0000,
  0x0000, 0x0020, 0x3186, 0x2945, 0x3186, 0x2965, 0x18E3, 0x2124, 0x39E7, 0x18C3, 0x2104, 0x18E3,
  0x2124, 0x2965, 0x2945, 0x39C7, 0x3186, 0x2945, 0x3186, 0x18E3, 0x31A6, 0x18E3, 0x0000, 0x0020,
  0x0000, 0x0000, 0x0000, 0x0000, 0x0000, 0x0000, 0x0000, 0x0000, 0x0000, 0x0000, 0x0000, 0x0000,
  0x0000, 0x0000, 0x0000, 0x0000, 0x0000, 0x0000, 0x0020, 0x0000, 0x5AEB, 0x4208, 0x52AA, 0x31A6,
  0x630C, 0x2124, 0x39C7, 0x18E3, 0x31A6, 0x4A49, 0x52AA, 0x0000, 0x0020, 0x0000, 0x18C3, 0x52AA,
  0x18C3, 0x4A49, 0x528A, 0x4208, 0x630C, 0x39C7, 0x5AEB, 0x2965, 0x52AA, 0x2945, 0x4A69, 0x0000,
  0x0020, 0x0000, 0x0841, 0x6B6D, 0x2945, 0x4A69, 0x2945, 0x5AAB, 0x39C7, 0x528A, 0x5ACB, 0x4208,
  0x5AEB, 0x0861, 0x0000, 0x0000, 0x0020, 0x0020, 0x0000, 0x5AEB, 0x31A6, 0x630C, 0x3186, 0x632C,
  0x0020, 0x0000, 0x0000, 0x0000, 0x0000, 0x0000, 0x8430, 0x2124, 0x0000, 0x18E3, 0x6B4D, 0x3186,
  0x6B4D, 0x522A, 0x5A6B, 0x0000, 0x0041, 0x5AEC, 0x18C3, 0x0000, 0x2945, 0x7BEF, 0x0000, 0x0020,
  0x0000, 0x0000, 0x0020, 0x0000, 0x0000, 0x0000, 0x0000, 0x0000, 0x0000, 0x0000, 0x0000, 0x0000,
  0x0000, 0x0000, 0x0020, 0x0020, 0x0020, 0x0000, 0x0000, 0x0841, 0x0000, 0x0000, 0x0020, 0x0020,
  0x0000, 0x0000, 0x0000, 0x0000, 0x0000, 0x0020, 0x0000, 0x10A2, 0x2945, 0x2985, 0x2124, 0x31A6,
  0x2965, 0x2104, 0x18E4, 0x2125, 0x2946, 0x18C3, 0x41E8, 0x31A7, 0x18C3, 0x18C3, 0x1042, 0x10A2,
  0x2965, 0x2965, 0x3186, 0x2945, 0x2965, 0x2124, 0x2965, 0x3186, 0x2965, 0x2945, 0x0000, 0x0020,
  0x0000, 0x0000, 0x0000, 0x0000, 0x0000, 0x0000, 0x0000, 0x0000, 0x0000, 0x0000, 0x0000, 0x0000,
  0x0000, 0x0000, 0x0000, 0x0000, 0x0000, 0x0000, 0x0000, 0x0000, 0x0000, 0x0000, 0x0000, 0x0000,
  0x0000, 0x0000, 0x0000, 0x0000, 0x0000, 0x0020, 0x0000, 0x18C4, 0x31A7, 0x2945, 0x18E3, 0x31A6,
  0x39C7, 0x2104, 0x3185, 0x3186, 0x0020, 0x3186, 0x18E4, 0x39C8, 0x3187, 0x39C7, 0x2966, 0x2124,
  0x39C7, 0x2124, 0x39C7, 0x0841, 0x0000, 0x0000, 0x0000, 0x0000, 0x0000, 0x0000, 0x0000, 0x0000,
  0x0000, 0x0000, 0x0000, 0x0000, 0x0000, 0x0000, 0x0000, 0x0000, 0x0000, 0x0000, 0x0000, 0x0000,
  0x0000, 0x0000, 0x0000, 0x0020, 0x0841, 0x0000, 0x0020, 0x0000, 0x2124, 0x3186, 0x2124, 0x39C7,
  0x2124, 0x3186, 0x2104, 0x31A6, 0x2104, 0x18E3, 0x18E3, 0x18C3, 0x10A2, 0x10A2, 0x2124, 0x39E7,
  0x2965, 0x2965, 0x2965, 0x2965, 0x2945, 0x0020, 0x0000, 0x0000, 0x0000, 0x0000, 0x0000, 0x0000,
  0x0000, 0x0000, 0x0000, 0x0000, 0x0000, 0x0000, 0x0000, 0x0000, 0x0000, 0x0000, 0x0000, 0x0000,
  0x0020, 0x0000, 0x39E7, 0xA534, 0x8410, 0x18E3, 0x73AE, 0x9CF3, 0x8410, 0x94B2, 0x632C, 0xAD75,
  0x4208, 0x0861, 0x10A2, 0x0861, 0x0861, 0x7BCF, 0xA514, 0x2965, 0x39C7, 0xA514, 0x9492, 0xA534,
  0x8C50, 0xAD55, 0x4A49, 0x10A2, 0x8410, 0x7BCF, 0x0000, 0x0020, 0x0841, 0x52AA, 0x18C3, 0x6B6E,
  0x9CF4, 0x7BCF, 0xAD55, 0x9CD3, 0xAD55, 0x2945, 0x632D, 0x8C91, 0x39C7, 0xAD55, 0x10A2, 0x0000,
  0x0000, 0x39E7, 0xA513, 0x8430, 0xA535, 0x5ACC, 0x0000, 0x0020, 0x0020, 0x0020, 0x0000, 0x7BF0,
  0x94B3, 0x10A2, 0x0000, 0x1082, 0x62EC, 0x94B2, 0x8C71, 0xA4F4, 0x3987, 0x0000, 0x0841, 0x4A6A,
  0x0841, 0x18E4, 0xBDD7, 0x630C, 0x0000, 0x0020, 0x0000, 0x0000, 0x0020, 0x0000, 0x0000, 0x0000,
  0x0000, 0x0000, 0x0000, 0x0000, 0x0000, 0x0000, 0x0000, 0x0000, 0x0020, 0x0020, 0x0020, 0x0000,
  0x0020, 0x0862, 0x0000, 0x0000, 0x0020, 0x0020, 0x0000, 0x0000, 0x0000, 0x0000, 0x0020, 0x0000,
  0x2124, 0x2965, 0x39C7, 0x3186, 0x3186, 0x2965, 0x39C7, 0x18C3, 0x2945, 0x3187, 0x2945, 0x41E8,
  0x20E4, 0x18E3, 0x39E7, 0x18A3, 0x4A29, 0x2945, 0x31A6, 0x31A6, 0x3186, 0x2965, 0x31A6, 0x2124,
  0x18C3, 0x3186, 0x0000, 0x0000, 0x0020, 0x0000, 0x0000, 0x0000, 0x0000, 0x0000, 0x0000, 0x0000,
  0x0000, 0x0000, 0x0000, 0x0000, 0x0000, 0x0000, 0x0000, 0x0000, 0x0000, 0x0000, 0x0000, 0x0000,
  0x0000, 0x0000, 0x0000, 0x0000, 0x0000, 0x0000, 0x0000, 0x0000, 0x0000, 0x0000, 0x0000, 0x0020,
  0x0000, 0x3186, 0x2965, 0x2945, 0x2124, 0x39C7, 0x10A2, 0x2965, 0x2945, 0x2965, 0x4A29, 0x2965,
  0x39C7, 0x2125, 0x31A7, 0x1083, 0x2125, 0x2965, 0x2144, 0x2985, 0x2945, 0x10A2, 0x0000, 0x0000,
  0x0000, 0x0000, 0x0000, 0x0000, 0x0000, 0x0000, 0x0000, 0x0000, 0x0000, 0x0000, 0x0000, 0x0000,
  0x0000, 0x0000, 0x0000, 0x0000, 0x0000, 0x0000, 0x0000, 0x0000, 0x0000, 0x0020, 0x0841, 0x0000,
  0x0000, 0x0000, 0x0841, 0x2945, 0x31A6, 0x31A6, 0x3186, 0x10A2, 0x2104, 0x18E3, 0x2965, 0x31A6,
  0x2104, 0x18C3, 0x3186, 0x18E3, 0x2124, 0x2124, 0x2945, 0x3186, 0x3186, 0x2104, 0x31A6, 0x0000,
  0x0000, 0x0000, 0x0000, 0x0000, 0x0000, 0x0000, 0x0000, 0x0000, 0x0000, 0x0000, 0x0000, 0x0000,
  0x0000, 0x0000, 0x0000, 0x0000, 0x0000, 0x0000, 0x0000, 0x0020, 0x0000, 0x39C7, 0x10A2, 0x18C3,
  0x8C71, 0x6B6D, 0x8C51, 0x632C, 0x8410, 0x31A6, 0x0841, 0x9492, 0x4208, 0x1082, 0x0000, 0x0841,
  0x4228, 0x0000, 0x4A49, 0x8430, 0x8C51, 0x8C51, 0xAD55, 0x5ACB, 0x0000, 0x2945, 0x8C71, 0x4A49,
  0x0000, 0x0020, 0x0000, 0x0000, 0x10A2, 0x738E, 0x630C, 0x9492, 0x39C7, 0x2965, 0x2965, 0x0020,
  0x9CF3, 0x7BCF, 0x94B2, 0x528A, 0x0020, 0x0020, 0x0000, 0x738E, 0x8C51, 0x73AE, 0x5AAB, 0x0000,
  0x0000, 0x0000, 0x0000, 0x0000, 0x0000, 0x4208, 0x1082, 0x0000, 0x0020, 0x0000, 0x0000, 0x7BEF,
  0x9CD3, 0x2124, 0x0000, 0x0020, 0x0000, 0x0000, 0x1082, 0x8C31, 0x52AA, 0x0000, 0x0000, 0x0000,
  0x0000, 0x0000, 0x0000, 0x0000, 0x0000, 0x0020, 0x0020, 0x0000, 0x0000, 0x0000, 0x0000, 0x0000,
  0x0000, 0x0000, 0x0000, 0x0000, 0x0000, 0x0000, 0x0000, 0x0000, 0x0000, 0x0000, 0x0000, 0x0000,
  0x0000, 0x0000, 0x0000, 0x0020, 0x0000, 0x2945, 0x4208, 0x2104, 0x39C7, 0x18E3, 0x39C7, 0x31A6,
  0x10A2, 0x18C3, 0x2104, 0x3186, 0x39E7, 0x18C3, 0x31A6, 0x2945, 0x3186, 0x39E7, 0x2965, 0x3186,
  0x3186, 0x39A6, 0x2124, 0x31A6, 0x2965, 0x1082, 0x39E7, 0x39E7, 0x0861, 0x0000, 0x0000, 0x0000,
  0x0000, 0x0000, 0x0000, 0x0000, 0x0000, 0x0000, 0x0000, 0x0000, 0x0000, 0x0000, 0x0000, 0x0000,
  0x0000, 0x0000, 0x0000, 0x0000, 0x0000, 0x0000, 0x0000, 0x0000, 0x0000, 0x0000, 0x0000, 0x0000,
  0x0000, 0x0000, 0x0000, 0x0000, 0x0020, 0x0000, 0x1082, 0x39A8, 0x3187, 0x2103, 0x39E7, 0x3186,
  0x2124, 0x2965, 0x31A6, 0x18E3, 0x18E3, 0x2104, 0x2965, 0x10C2, 0x39E7, 0x39C7, 0x3186, 0x2925,
  0x39C7, 0x2945, 0x2945, 0x0000, 0x0020, 0x0000, 0x0000, 0x0000, 0x0000, 0x0000, 0x0000, 0x0000,
  0x0000, 0x0000, 0x0000, 0x0000, 0x0000, 0x0000, 0x0000, 0x0000, 0x0000, 0x0000, 0x0000, 0x0000,
  0x0000, 0x0000, 0x0000, 0x0000, 0x0020, 0x0020, 0x0000, 0x0000, 0x0861, 0x39C7, 0x3186, 0x3186,
  0x39E7, 0x2945, 0x2104, 0x31A6, 0x3186, 0x31A6, 0x2124, 0x4208, 0x4208, 0x31A6, 0x10A2, 0x2965,
  0x3186, 0x39C7, 0x2965, 0x2124, 0x2945, 0x18E3, 0x0020, 0x0020, 0x0000, 0x0000, 0x0000, 0x0000,
  0x0000, 0x0000, 0x0000, 0x0000, 0x0000, 0x0000, 0x0000, 0x0000, 0x0000, 0x0000, 0x0000, 0x0000,
  0x0000, 0x0000, 0x0020, 0x0000, 0x0000, 0x0841, 0x630C, 0xA514, 0x7BEF, 0x8430, 0x2945, 0x0000,
  0x0020, 0x5ACB, 0x18C3, 0x0000, 0x0020, 0x0000, 0x0000, 0x10A2, 0x2965, 0xA534, 0x94B2, 0xAD75,
  0x4A69, 0x0000, 0x0020, 0x18C3, 0x7BCF, 0x9492, 0x0000, 0x0020, 0x0020, 0x0020, 0x0040, 0x8C51,
  0xAD75, 0x2104, 0x0000, 0x0000, 0x0000, 0x0020, 0x630C, 0xB596, 0x2945, 0x0000, 0x0000, 0x0020,
  0x0000, 0x4228, 0xB596, 0x52CB, 0x0000, 0x0020, 0x0020, 0x0000, 0x18C3, 0x2124, 0x0000, 0x0000,
  0x0000, 0x0020, 0x0000, 0x0020, 0x4208, 0xAD55, 0x2965, 0x0000, 0x0020, 0x0020, 0x0000, 0x39C7,
  0xB596, 0x39E7, 0x0000, 0x0020, 0x0000, 0x0000, 0x0000, 0x0000, 0x0000, 0x0000, 0x0000, 0x0000,
  0x0000, 0x0000, 0x0000, 0x0000, 0x0000, 0x0000, 0x0000, 0x0000, 0x0000, 0x0000, 0x0000, 0x0000,
  0x0000, 0x0000, 0x0000, 0x0000, 0x0000, 0x0000, 0x0020, 0x0000, 0x0021, 0x0021, 0x39C6, 0x39E7,
  0x18C3, 0x39C7, 0x0020, 0x3186, 0x2945, 0x2966, 0x2945, 0x31A7, 0x4228, 0x2945, 0x2124, 0x3166,
  0x2945, 0x2945, 0x39E7, 0x2965, 0x3186, 0x3186, 0x10A2, 0x2945, 0x3186, 0x39E7, 0x2104, 0x2965,
  0x39E7, 0x39C7, 0x0020, 0x0000, 0x0000, 0x0000, 0x0000, 0x0000, 0x0000, 0x0000, 0x0000, 0x0000,
  0x0000, 0x0000, 0x0000, 0x0000, 0x0000, 0x0000, 0x0000, 0x0000, 0x0000, 0x0000, 0x0000, 0x0000,
  0x0000, 0x0000, 0x0000, 0x0000, 0x0000, 0x0000, 0x0000, 0x0000, 0x0000, 0x0000, 0x0000, 0x0020,
  0x31A7, 0x39C8, 0x1082, 0x2104, 0x31A6, 0x2965, 0x3186, 0x39C7, 0x2945, 0x4228, 0x39C7, 0x2965,
  0x2945, 0x39C7, 0x31A6, 0x18E3, 0x3186, 0x18C3, 0x4228, 0x18E3, 0x2104, 0x0000, 0x0000, 0x0000,
  0x0000, 0x0000, 0x0000, 0x0000, 0x0000, 0x0000, 0x0000, 0x0000, 0x0000, 0x0000, 0x0000, 0x0000,
  0x0000, 0x0000, 0x0000, 0x0000, 0x0000, 0x0000, 0x0000, 0x0000, 0x0000, 0x0000, 0x0000, 0x0000,
  0x0000, 0x0000, 0x0000, 0x0000, 0x18C3, 0x2124, 0x0861, 0x2965, 0x18E3, 0x2945, 0x39E7, 0x2104,
  0x18E3, 0x18E3, 0x18C3, 0x18E3, 0x0841, 0x2124, 0x18E3, 0x18E3, 0x18C3, 0x31A6, 0x2124, 0x31A6,
  0x0000, 0x0020, 0x0000, 0x0000, 0x0000, 0x0000, 0x0000, 0x0000, 0x0000, 0x0000, 0x0000, 0x0000,
  0x0000, 0x0020, 0x0020, 0x0000, 0x0000, 0x0000, 0x0000, 0x0000, 0x0000, 0x0020, 0x0000, 0x18E3,
  0x8C51, 0x6B4D, 0x52AA, 0x18C3, 0x0861, 0x0020, 0x0020, 0x9492, 0x6B6D, 0x0881, 0x0020, 0x0020,
  0x0020, 0x0841, 0x630C, 0x6B4D, 0x8410, 0x5AEB, 0x0000, 0x0020, 0x0000, 0x2965, 0x7BCF, 0x18C3,
  0x0020, 0x0000, 0x0020, 0x0000, 0x0861, 0x73AE, 0x1082, 0x0000, 0x0020, 0x0020, 0x0020, 0x0020,
  0x7BEF, 0x39C7, 0x0000, 0x0020, 0x0020, 0x0020, 0x0000, 0x8410, 0x6B4D, 0x0841, 0x0020, 0x0020,
  0x0020, 0x0000, 0x528A, 0x8430, 0x0000, 0x0020, 0x0020, 0x0020, 0x0000, 0x10A2, 0x8430, 0x2104,
  0x0000, 0x0020, 0x0000, 0x0000, 0x0020, 0x73AE, 0x3186, 0x0020, 0x0020, 0x0000, 0x0020, 0x0841,
  0x0000, 0x0000, 0x0000, 0x0000, 0x0000, 0x0000, 0x0000, 0x0000, 0x0000, 0x0000, 0x0000, 0x0000,
  0x0000, 0x0000, 0x0020, 0x0841, 0x0841, 0x0000, 0x0000, 0x0000, 0x0000, 0x0000, 0x0020, 0x0000,
  0x0000, 0x0861, 0x39C7, 0x18A3, 0x39E7, 0x2945, 0x3186, 0x31A6, 0x31A6, 0x39C7, 0x2104, 0x4229,
  0x3186, 0x31A7, 0x18C3, 0x39E7, 0x39C7, 0x2124, 0x2965, 0x3186, 0x2945, 0x3186, 0x2965, 0x2124,
  0x3186, 0x2965, 0x39C7, 0x3186, 0x2124, 0x3186, 0x10A2, 0x0020, 0x0000, 0x0000, 0x0000, 0x0000,
  0x0000, 0x0000, 0x0000, 0x0000, 0x0000, 0x0000, 0x0000, 0x0000, 0x0000, 0x0000, 0x0000, 0x0000,
  0x0000, 0x0000, 0x0000, 0x0000, 0x0000, 0x0000, 0x0000, 0x0000, 0x0000, 0x0000, 0x0000, 0x0020,
  0x0020, 0x0000, 0x0000, 0x0020, 0x0000, 0x18C3, 0x39C7, 0x31A7, 0x2124, 0x31A6, 0x31A6, 0x1082,
  0x39C7, 0x31A6, 0x18E3, 0x3186, 0x1062, 0x31A6, 0x39C7, 0x2965, 0x3186, 0x2945, 0x39C7, 0x3165,
  0x2945, 0x0000, 0x0000, 0x0000, 0x0000, 0x0000, 0x0000, 0x0000, 0x0000, 0x0000, 0x0000, 0x0000,
  0x0000, 0x0000, 0x0000, 0x0000, 0x0000, 0x0000, 0x0000, 0x0000, 0x0000, 0x0000, 0x0000, 0x0000,
  0x0000, 0x0000, 0x0000, 0x0000, 0x0000, 0x0000, 0x0000, 0x0000, 0x0020, 0x0000, 0x31A6, 0x3186,
  0x2965, 0x2965, 0x18C3, 0x31A6, 0x2945, 0x2124, 0x4208, 0x2124, 0x39C7, 0x39A7, 0x2965, 0x18E3,
  0x2104, 0x18C3, 0x2104, 0x2945, 0x2945, 0x2965, 0x2124, 0x0000, 0x0020, 0x0000, 0x0000, 0x0000,
  0x0000, 0x0000, 0x0000, 0x0000, 0x0000, 0x0000, 0x0000, 0x0000, 0x0000, 0x0000, 0x0000, 0x0000,
  0x0000, 0x0000, 0x0000, 0x0000, 0x0020, 0x0020, 0x5ACB, 0x8430, 0x0020, 0x0000, 0x0000, 0x0020,
  0x0000, 0x31A7, 0xB596, 0x2145, 0x0000, 0x0020, 0x0000, 0x0000, 0x0841, 0x0000, 0x0020, 0x0000,
  0x0020, 0x0000, 0x0000, 0x0020, 0x0020, 0x0000, 0x0020, 0x0020, 0x0020, 0x0000, 0x0020, 0x0020,
  0x0000, 0x0020, 0x0020, 0x0020, 0x0000, 0x0020, 0x0841, 0x0000, 0x0000, 0x0020, 0x0020, 0x0000,
  0x0000, 0x0020, 0x0000, 0x0000, 0x0020, 0x0020, 0x0000, 0x0000, 0x0020, 0x0020, 0x0000, 0x0000,
  0x0020, 0x0000, 0x0000, 0x0000, 0x0841, 0x0000, 0x0020, 0x0020, 0x0000, 0x0000, 0x0020, 0x0000,
  0x0000, 0x0000, 0x0000, 0x0000, 0x0000, 0x0020, 0x0000, 0x0000, 0x0000, 0x0000, 0x0000, 0x0000,
  0x0000, 0x0000, 0x0000, 0x0000, 0x0000, 0x0000, 0x0000, 0x0000, 0x0000, 0x0020, 0x0020, 0x0000,
  0x0000, 0x0000, 0x0020, 0x0000, 0x0000, 0x0020, 0x18C3, 0x31C7, 0x3186, 0x3186, 0x2965, 0x2124,
  0x3186, 0x2104, 0x2945, 0x4A49, 0x4A6A, 0x4A49, 0x39C7, 0x2945, 0x0862, 0x31A7, 0x3166, 0x3166,
  0x2965, 0x2966, 0x2945, 0x31A6, 0x2124, 0x3186, 0x18E3, 0x39C7, 0x2104, 0x2124, 0x2945, 0x2104,
  0x0000, 0x0000, 0x0000, 0x0000, 0x0000, 0x0000, 0x0000, 0x0000, 0x0000, 0x0000, 0x0000, 0x0000,
  0x0000, 0x0000, 0x0000, 0x0000, 0x0000, 0x0000, 0x0000, 0x0000, 0x0000, 0x0000, 0x0000, 0x0000,
  0x0000, 0x0000, 0x0000, 0x0000, 0x0000, 0x0000, 0x0000, 0x0000, 0x0000, 0x0020, 0x0841, 0x2946,
  0x39C8, 0x2105, 0x2966, 0x3186, 0x2124, 0x3186, 0x2966, 0x2124, 0x3186, 0x39C7, 0x39C7, 0x3166,
  0x2965, 0x18C3, 0x18E3, 0x39C7, 0x2104, 0x2925, 0x2944, 0x0000, 0x0020, 0x0000, 0x0000, 0x0000,
  0x0000, 0x0000, 0x0000, 0x0000, 0x0000, 0x0000, 0x0000, 0x0000, 0x0000, 0x0000, 0x0000, 0x0000,
  0x0000, 0x0000, 0x0000, 0x0000, 0x0000, 0x0000, 0x0000, 0x0000, 0x0000, 0x0000, 0x0000, 0x0000,
  0x0000, 0x0000, 0x0000, 0x0000, 0x18E3, 0x39C7, 0x18E3, 0x18E3, 0x31A6, 0x3186, 0x2104, 0x2945,
  0x4208, 0x2945, 0x31A6, 0x2124, 0x18E3, 0x18C3, 0x2965, 0x2124, 0x39C7, 0x31A6, 0x31A6, 0x3186,
  0x18E3, 0x0000, 0x0020, 0x0000, 0x0000, 0x0000, 0x0000, 0x0000, 0x0000, 0x0000, 0x0000, 0x0000,
  0x0000, 0x0000, 0x0000, 0x0000, 0x0000, 0x0000, 0x0000, 0x0000, 0x0000, 0x0020, 0x0000, 0x10A2,
  0x630C, 0x0020, 0x0000, 0x0020, 0x0000, 0x0000, 0x0000, 0x6B4D, 0x2965, 0x0000, 0x0020, 0x0000,
  0x0000, 0x0000, 0x0000, 0x0000, 0x0000, 0x0000, 0x0000, 0x0000, 0x0000, 0x0000, 0x0000, 0x0000,
  0x0000, 0x0000, 0x0000, 0x0000, 0x0000, 0x0000, 0x0000, 0x0000, 0x0000, 0x0000, 0x0000, 0x0000,
  0x0000, 0x0000, 0x0020, 0x0020, 0x0000, 0x0000, 0x0000, 0x0000, 0x0000, 0x0020, 0x0020, 0x0000,
  0x0000, 0x0000, 0x0000, 0x0000, 0x0000, 0x0000, 0x0000, 0x0000, 0x0000, 0x0000, 0x0000, 0x0000,
  0x0000, 0x0000, 0x0000, 0x0000, 0x0000, 0x0000, 0x0000, 0x0000, 0x0000, 0x0000, 0x0000, 0x0000,
  0x0000, 0x0000, 0x0000, 0x0000, 0x0000, 0x0000, 0x0000, 0x0000, 0x0000, 0x0000, 0x0000, 0x0000,
  0x0000, 0x0000, 0x0000, 0x0000, 0x0000, 0x0000, 0x0020, 0x0000, 0x0000, 0x0000, 0x2944, 0x39C7,
  0x2965, 0x2945, 0x39C8, 0x3187, 0x31A6, 0x31A6, 0x39E7, 0x2945, 0x2966, 0x2966, 0x4A49, 0x31A6,
  0x18C3, 0x41E8, 0x39C7, 0x2965, 0x2925, 0x3186, 0x3186, 0x10A2, 0x3186, 0x3186, 0x39C7, 0x20E3,
  0x3186, 0x2965, 0x3186, 0x3186, 0x39C7, 0x0841, 0x0000, 0x0000, 0x0000, 0x0000, 0x0000, 0x0000,
  0x0000, 0x0000, 0x0000, 0x0000, 0x0000, 0x0000, 0x0000, 0x0000, 0x0000, 0x0000, 0x0000, 0x0000,
  0x0000, 0x0000, 0x0000, 0x0000, 0x0000, 0x0000, 0x0000, 0x0000, 0x0000, 0x0000, 0x0000, 0x0000,
  0x0000, 0x0000, 0x0020, 0x0000, 0x18C3, 0x39C7, 0x2966, 0x10A3, 0x31A7, 0x2945, 0x18E3, 0x2965,
  0x10A3, 0x18E3, 0x18C3, 0x31A6, 0x18C3, 0x31A6, 0x0020, 0x4A49, 0x39A7, 0x31A6, 0x3186, 0x3186,
  0x3166, 0x0000, 0x0020, 0x0000, 0x0000, 0x0000, 0x0000, 0x0000, 0x0000, 0x0000, 0x0000, 0x0000,
  0x0000, 0x0000, 0x0000, 0x0000, 0x0000, 0x0000, 0x0000, 0x0000, 0x0000, 0x0000, 0x0000, 0x0000,
  0x0000, 0x0000, 0x0000, 0x0000, 0x0000, 0x0000, 0x0000, 0x0000, 0x0000, 0x0000, 0x0000, 0x3186,
  0x2965, 0x2965, 0x2965, 0x3186, 0x2104, 0x39C7, 0x31A6, 0x39C7, 0x18C3, 0x2965, 0x3186, 0x10A2,
  0x2104, 0x2945, 0x528A, 0x2945, 0x18C3, 0x39C7, 0x39C7, 0x18C3, 0x0000, 0x0020, 0x0000, 0x0000,
  0x0000, 0x0000, 0x0000, 0x0000, 0x0000, 0x0000, 0x0000, 0x0000, 0x0000, 0x0000, 0x0000, 0x0000,
  0x0000, 0x0000, 0x0000, 0x0020, 0x0000, 0x18C3, 0x39E7, 0x10A2, 0x2104, 0x0841, 0x18E3, 0x2965,
  0x31A6, 0x4248, 0x2124, 0x3186, 0x0000, 0x0000, 0x0020, 0x0000, 0x2945, 0x10A2, 0x2985, 0x1082,
  0x2965, 0x0861, 0x0000, 0x18E3, 0x2104, 0x10A2, 0x2124, 0x31A6, 0x2945, 0x0000, 0x0020, 0x0000,
  0x1082, 0x2124, 0x1082, 0x3186, 0x0000, 0x0841, 0x4208, 0x0861, 0x0000, 0x0000, 0x3186, 0x0000,
  0x0000, 0x39E7, 0x2965, 0x0000, 0x0000, 0x2104, 0x0020, 0x0000, 0x18E3, 0x31A6, 0x0000, 0x0000,
  0x3186, 0x1082, 0x0000, 0x0861, 0x3186, 0x0020, 0x0000, 0x0000, 0x0000, 0x0000, 0x0000, 0x0020,
  0x0841, 0x0020, 0x0000, 0x0020, 0x0020, 0x0020, 0x0020, 0x0020, 0x0020, 0x0020, 0x0020, 0x0000,
  0x0000, 0x0000, 0x0000, 0x0000, 0x0000, 0x0000, 0x0000, 0x0000, 0x0020, 0x0020, 0x0000, 0x0000,
  0x0000, 0x0841, 0x2124, 0x31A6, 0x39C7, 0x2104, 0x3186, 0x2945, 0x2946, 0x2945, 0x3186, 0x2945,
  0x31A7, 0x2104, 0x31A7, 0x2965, 0x39C7, 0x3186, 0x0841, 0x39E8, 0x2104, 0x39C7, 0x1082, 0x39C7,
  0x3166, 0x39A7, 0x2965, 0x3186, 0x2965, 0x2965, 0x2945, 0x2965, 0x2945, 0x10A2, 0x0000, 0x0000,
  0x0000, 0x0000, 0x0000, 0x0000, 0x0000, 0x0000, 0x0000, 0x0000, 0x0000, 0x0000, 0x0000, 0x0000,
  0x0000, 0x0000, 0x0000, 0x0000, 0x0000, 0x0000, 0x0000, 0x0000, 0x0000, 0x0000, 0x0000, 0x0000,
  0x0000, 0x0000, 0x0000, 0x0000, 0x0000, 0x0000, 0x0000, 0x0000, 0x0000, 0x0861, 0x31A6, 0x2966,
  0x2946, 0x39E8, 0x3185, 0x2965, 0x2124, 0x39C7, 0x2103, 0x31A6, 0x31A6, 0x2124, 0x39E7, 0x10A2,
  0x31A6, 0x2965, 0x2104, 0x0842, 0x18C4, 0x1062, 0x1082, 0x0000, 0x0000, 0x0000, 0x0000, 0x0000,
  0x0000, 0x0000, 0x0000, 0x0000, 0x0000, 0x0000, 0x0000, 0x0000, 0x0000, 0x0000, 0x0000, 0x0000,
  0x0000, 0x0000, 0x0000, 0x0000, 0x0000, 0x0000, 0x0000, 0x0000, 0x0000, 0x0000, 0x0000, 0x0000,
  0x0000, 0x0000, 0x0000, 0x0020, 0x0000, 0x18E3, 0x39C7, 0x3186, 0x39E7, 0x1082, 0x3186, 0x31A6,
  0x2965, 0x2104, 0x2104, 0x2124, 0x39E7, 0x10A2, 0x2945, 0x2104, 0x1082, 0x4208, 0x31A6, 0x39E7,
  0x2965, 0x2965, 0x1082, 0x0000, 0x0020, 0x0000, 0x0000, 0x0000, 0x0000, 0x0000, 0x0000, 0x0000,
  0x0000, 0x0000, 0x0000, 0x0000, 0x0000, 0x0000, 0x0000, 0x0000, 0x0000, 0x0000, 0x0000, 0x1082,
  0x6B6D, 0x8410, 0x8C51, 0x8430, 0x2104, 0x5ACB, 0x4A49, 0x632C, 0x8430, 0x8430, 0x7BCF, 0x10A2,
  0x0000, 0x0000, 0x4228, 0x8C71, 0x73AE, 0x73CF, 0x7BCF, 0x0841, 0x0000, 0x18E3, 0x6B4D, 0x8410,
  0x5AEB, 0x9CF3, 0x2945, 0x0000, 0x0020, 0x0000, 0x2104, 0x6B4D, 0x8C51, 0x4228, 0x0000, 0x0861,
  0x630C, 0x1082, 0x1082, 0x8C71, 0x4A49, 0x0000, 0x0000, 0x4228, 0x3186, 0x0000, 0x7BCF, 0x736E,
  0x0000, 0x0000, 0x39E7, 0x5ACB, 0x0000, 0x0000, 0x39E7, 0x10A2, 0x0000, 0x1082, 0x39E7, 0x0020,
  0x0000, 0x0841, 0x1082, 0x1082, 0x10A2, 0x0841, 0x0841, 0x0841, 0x0020, 0x0020, 0x0020, 0x0841,
  0x0020, 0x0020, 0x0020, 0x0020, 0x0020, 0x0000, 0x0000, 0x0000, 0x0000, 0x0000, 0x0000, 0x0000,
  0x0020, 0x0020, 0x0000, 0x0000, 0x0841, 0x10A2, 0x3186, 0x2124, 0x39E7, 0x10A2, 0x3186, 0x2965,
  0x4A49, 0x4A49, 0x39C7, 0x10A2, 0x18C3, 0x2105, 0x39A7, 0x528A, 0x2945, 0x31A6, 0x3186, 0x3186,
  0x31A6, 0x3186, 0x39C7, 0x1082, 0x39C7, 0x3186, 0x18A3, 0x39A7, 0x10A2, 0x39C7, 0x2945, 0x2965,
  0x31A6, 0x2124, 0x31A6, 0x0000, 0x0020, 0x0000, 0x0000, 0x0000, 0x0000, 0x0000, 0x0000, 0x0000,
  0x0000, 0x0000, 0x0000, 0x0000, 0x0000, 0x0000, 0x0000, 0x0000, 0x0000, 0x0000, 0x0000, 0x0000,
  0x0000, 0x0000, 0x0000, 0x0000, 0x0000, 0x0000, 0x0000, 0x0000, 0x0000, 0x0000, 0x0000, 0x0000,
  0x0000, 0x0020, 0x0000, 0x2945, 0x2966, 0x2104, 0x39C8, 0x2125, 0x3187, 0x2104, 0x39E7, 0x3186,
  0x3186, 0x2945, 0x2965, 0x2945, 0x3186, 0x2104, 0x2945, 0x39A6, 0x18E4, 0x18C4, 0x10A3, 0x0861,
  0x0000, 0x0020, 0x0000, 0x0000, 0x0000, 0x0000, 0x0000, 0x0000, 0x0000, 0x0000, 0x0000, 0x0000,
  0x0000, 0x0000, 0x0000, 0x0000, 0x0000, 0x0000, 0x0000, 0x0000, 0x0000, 0x0000, 0x0000, 0x0000,
  0x0000, 0x0000, 0x0000, 0x0000, 0x0000, 0x0000, 0x0000, 0x0000, 0x0000, 0x0020, 0x0000, 0x18C3,
  0x18E3, 0x3186, 0x2104, 0x2945, 0x31A6, 0x2945, 0x39E7, 0x3186, 0x10A2, 0x18C3, 0x2104, 0x4A49,
  0x2124, 0x2965, 0x4208, 0x31A6, 0x4208, 0x3186, 0x2104, 0x3186, 0x2945, 0x0861, 0x0000, 0x0000,
  0x0000, 0x0000, 0x0000, 0x0000, 0x0000, 0x0000, 0x0000, 0x0000, 0x0000, 0x0000, 0x0000, 0x0000,
  0x0000, 0x0000, 0x0000, 0x0000, 0x0020, 0x0000, 0x2945, 0x8C71, 0x8C51, 0x73AE, 0x0000, 0x0000,
  0x0841, 0x5B0B, 0x8C92, 0x9492, 0x8410, 0x0020, 0x0000, 0x0020, 0x0000, 0x52AA, 0x9CF3, 0x94B2,
  0x2104, 0x0000, 0x0000, 0x2104, 0x8C51, 0x8C51, 0x9CD3, 0x4A69, 0x0000, 0x0020, 0x0000, 0x0000,
  0x0861, 0x7BCF, 0x6B4D, 0x0000, 0x0020, 0x0000, 0x0000, 0x0020, 0x8430, 0x8C92, 0x0861, 0x0000,
  0x0020, 0x0000, 0x0000, 0x736E, 0xA534, 0x0862, 0x0000, 0x0000, 0x0000, 0x0000, 0x0000, 0x0000,
  0x0000, 0x0000, 0x0020, 0x0000, 0x0000, 0x0000, 0x0000, 0x0000, 0x0841, 0x1062, 0x0841, 0x0000,
  0x0000, 0x0000, 0x0000, 0x0000, 0x0000, 0x0000, 0x0000, 0x0000, 0x0000, 0x0000, 0x0000, 0x0000,
  0x0000, 0x0000, 0x0020, 0x0000, 0x0000, 0x0000, 0x0000, 0x0020, 0x18E3, 0x2966, 0x2966, 0x39C7,
  0x2104, 0x31A6, 0x31A6, 0x3186, 0x3186, 0x2124, 0x39C7, 0x2946, 0x18E4, 0x4208, 0x3186, 0x39C7,
  0x1904, 0x2124, 0x2104, 0x3186, 0x18E3, 0x31A6, 0x3186, 0x3166, 0x3166, 0x2945, 0x3166, 0x2945,
  0x2966, 0x2104, 0x3186, 0x2945, 0x2965, 0x31A6, 0x18E3, 0x39E7, 0x0841, 0x0000, 0x0020, 0x0000,
  0x0000, 0x0000, 0x0000, 0x0000, 0x0000, 0x0000, 0x0000, 0x0000, 0x0000, 0x0000, 0x0000, 0x0000,
  0x0000, 0x0000, 0x0000, 0x0000, 0x0000, 0x0000, 0x0000, 0x0000, 0x0000, 0x0000, 0x0000, 0x0000,
  0x0000, 0x0000, 0x0000, 0x0000, 0x0000, 0x0000, 0x0000, 0x0000, 0x10A2, 0x2965, 0x2104, 0x4A6B,
  0x2945, 0x3187, 0x3187, 0x2965, 0x31A6, 0x2965, 0x31A6, 0x2124, 0x2965, 0x39C7, 0x2965, 0x2945,
  0x31A6, 0x2104, 0x31C7, 0x39C7, 0x39A7, 0x3186, 0x0000, 0x0020, 0x0000, 0x0000, 0x0000, 0x0000,
  0x0000, 0x0000, 0x0000, 0x0000, 0x0000, 0x0000, 0x0000, 0x0000, 0x0000, 0x0000, 0x0000, 0x0000,
  0x0000, 0x0000, 0x0000, 0x0000, 0x0000, 0x0000, 0x0000, 0x0000, 0x0000, 0x0000, 0x0000, 0x0000,
  0x0000, 0x0000, 0x0000, 0x0000, 0x0000, 0x0000, 0x0000, 0x4A49, 0x3186, 0x3186, 0x4208, 0x39C7,
  0x3186, 0x3186, 0x2945, 0x2124, 0x18E3, 0x2945, 0x2945, 0x18E3, 0x2945, 0x39E7, 0x2124, 0x2965,
  0x3186, 0x2945, 0x4208, 0x0861, 0x0000, 0x0000, 0x0000, 0x0000, 0x0000, 0x0000, 0x0000, 0x0000,
  0x0000, 0x0000, 0x0000, 0x0000, 0x0000, 0x0000, 0x0000, 0x0000, 0x0000, 0x0000, 0x0020, 0x0000,
  0x2104, 0x9CD3, 0x4A69, 0x0000, 0x0020, 0x0020, 0x1082, 0x630C, 0xAD55, 0x73AE, 0x0000, 0x0000,
  0x0000, 0x0020, 0x0020, 0x630C, 0xA514, 0x10A2, 0x0000, 0x0020, 0x0000, 0x2104, 0x7BEF, 0x9CF3,
  0x4228, 0x0000, 0x0020, 0x0000, 0x0000, 0x0000, 0x18C3, 0x41E7, 0x0000, 0x0021, 0x0020, 0x0000,
  0x1082, 0xA514, 0x52AB, 0x0000, 0x0000, 0x0000, 0x0020, 0x0000, 0x73AF, 0x8C51, 0x0861, 0x0000,
  0x0020, 0x0020, 0x0000, 0x5AEB, 0x738E, 0x0000, 0x0020, 0x0020, 0x0000, 0x0000, 0x0000, 0x0000,
  0x0000, 0x0021, 0x18C3, 0x1082, 0x0861, 0x0000, 0x0020, 0x0020, 0x0000, 0x0020, 0x0020, 0x0020,
  0x0020, 0x0020, 0x0020, 0x0020, 0x0020, 0x0000, 0x0000, 0x0000, 0x0000, 0x0000, 0x0020, 0x1082,
  0x3186, 0x39A6, 0x31A6, 0x2965, 0x2965, 0x2965, 0x2944, 0x3186, 0x2965, 0x31C6, 0x1082, 0x39C7,
  0x3166, 0x10A3, 0x4A29, 0x2926, 0x3166, 0x2104, 0x10A3, 0x4228, 0x39E7, 0x2945, 0x2965, 0x2965,
  0x2124, 0x2945, 0x2924, 0x31A6, 0x31A6, 0x3186, 0x31A6, 0x2104, 0x39A7, 0x2104, 0x39C7, 0x2965,
  0x39A7, 0x10A2, 0x0000, 0x0020, 0x0000, 0x0000, 0x0000, 0x0000, 0x0000, 0x0000, 0x0000, 0x0000,
  0x0000, 0x0000, 0x0000, 0x0000, 0x0000, 0x0000, 0x0000, 0x0000, 0x0000, 0x0000, 0x0000, 0x0000,
  0x0000, 0x0000, 0x0000, 0x0000, 0x0000, 0x0000, 0x0000, 0x0000, 0x0000, 0x0000, 0x0000, 0x0000,
  0x0020, 0x0020, 0x2945, 0x39C7, 0x31A6, 0x2104, 0x2966, 0x18E4, 0x3186, 0x2965, 0x31A6, 0x2945,
  0x2104, 0x3186, 0x39E7, 0x2104, 0x2965, 0x2124, 0x2945, 0x2945, 0x2986, 0x2144, 0x0000, 0x0000,
  0x0000, 0x0000, 0x0000, 0x0000, 0x0000, 0x0000, 0x0000, 0x0000, 0x0000, 0x0000, 0x0000, 0x0000,
  0x0000, 0x0000, 0x0000, 0x0000, 0x0000, 0x0000, 0x0000, 0x0000, 0x0000, 0x0000, 0x0000, 0x0000,
  0x0000, 0x0000, 0x0000, 0x0000, 0x0000, 0x0000, 0x0000, 0x0000, 0x0000, 0x0000, 0x0000, 0x0020,
  0x0000, 0x2965, 0x3166, 0x39E8, 0x39C7, 0x39E7, 0x31A6, 0x1082, 0x18E3, 0x18C3, 0x18E3, 0x31A6,
  0x3186, 0x39E7, 0x39C7, 0x39C7, 0x2945, 0x4208, 0x2945, 0x39C7, 0x18E3, 0x18E3, 0x0000, 0x0020,
  0x0000, 0x0000, 0x0000, 0x0000, 0x0000, 0x0000, 0x0000, 0x0000, 0x0000, 0x0000, 0x0000, 0x0000,
  0x0000, 0x0000, 0x0000, 0x0000, 0x0020, 0x0000, 0x18C3, 0x4A49, 0x0841, 0x0020, 0x0020, 0x0000,
  0x0020, 0x8410, 0x738E, 0x0020, 0x0020, 0x0020, 0x0000, 0x0020, 0x0000, 0x4A49, 0x2945, 0x0000,
  0x0020, 0x0020, 0x0000, 0x2945, 0x9CD3, 0x4228, 0x0000, 0x0020, 0x0000, 0x0000, 0x0000, 0x0000,
  0x0000, 0x0000, 0x0020, 0x0020, 0x0000, 0x0020, 0x94B2, 0x632C, 0x0000, 0x0020, 0x0020, 0x0020,
  0x0000, 0x83F0, 0x9492, 0x0841, 0x0000, 0x0020, 0x0020, 0x0000, 0x4208, 0xB596, 0x4228, 0x0020,
  0x0841, 0x0000, 0x18E4, 0x2125, 0x0861, 0x10A2, 0x0000, 0x0000, 0x0841, 0x0000, 0x0000, 0x0000,
  0x0000, 0x0000, 0x0000, 0x0000, 0x0000, 0x0000, 0x0000, 0x0000, 0x0000, 0x0000, 0x0000, 0x0841,
  0x0861, 0x0861, 0x2965, 0x18E3, 0x4208, 0x2124, 0x2124, 0x2124, 0x39C7, 0x3186, 0x39C7, 0x2945,
  0x39C7, 0x3186, 0x2124, 0x2946, 0x2967, 0x2125, 0x1082, 0x3186, 0x4228, 0x3166, 0x3987, 0x3166,
  0x3187, 0x0000, 0x2945, 0x2965, 0x3186, 0x2965, 0x2144, 0x2945, 0x2904, 0x3186, 0x2124, 0x3166,
  0x2945, 0x2124, 0x2124, 0x1082, 0x3166, 0x2945, 0x0841, 0x0040, 0x0020, 0x0000, 0x0000, 0x0000,
  0x0000, 0x0000, 0x0000, 0x0000, 0x0000, 0x0000, 0x0000, 0x0000, 0x0000, 0x0000, 0x0000, 0x0000,
  0x0000, 0x0000, 0x0000, 0x0000, 0x0000, 0x0000, 0x0000, 0x0000, 0x0000, 0x0000, 0x0000, 0x0000,
  0x0000, 0x0000, 0x0000, 0x0000, 0x0000, 0x0020, 0x0000, 0x18E3, 0x39C7, 0x31A6, 0x1082, 0x39E8,
  0x3187, 0x31A8, 0x3186, 0x3186, 0x10A2, 0x31A6, 0x2965, 0x2124, 0x2965, 0x2965, 0x39C7, 0x10A2,
  0x1062, 0x2945, 0x3186, 0x2945, 0x0000, 0x0020, 0x0000, 0x0000, 0x0000, 0x0000, 0x0000, 0x0000,
  0x0000, 0x0000, 0x0000, 0x0000, 0x0000, 0x0000, 0x0000, 0x0000, 0x0000, 0x0000, 0x0000, 0x0000,
  0x0000, 0x0000, 0x0000, 0x0000, 0x0000, 0x0000, 0x0000, 0x0000, 0x0000, 0x0000, 0x0000, 0x0000,
  0x0000, 0x0000, 0x0000, 0x0000, 0x0000, 0x0020, 0x0000, 0x39C7, 0x18C3, 0x39E7, 0x18E3, 0x18E3,
  0x10A2, 0x1082, 0x18E3, 0x18E3, 0x2945, 0x2124, 0x10A2, 0x2965, 0x39C7, 0x1082, 0x2124, 0x39E7,
  0x18E3, 0x3186, 0x2124, 0x31A6, 0x0861, 0x0000, 0x0020, 0x0000, 0x0000, 0x0000, 0x0000, 0x0000,
  0x0000, 0x0000, 0x0000, 0x0000, 0x0000, 0x0000, 0x0000, 0x0000, 0x0000, 0x0000, 0x0000, 0x0000,
  0x0000, 0x0000, 0x0020, 0x0000, 0x0000, 0x0000, 0x0000, 0x31A6, 0x0841, 0x0000, 0x0020, 0x0000,
  0x0000, 0x0000, 0x0020, 0x0000, 0x0000, 0x0020, 0x0020, 0x0000, 0x0000, 0x1082, 0x2104, 0x0000,
  0x0020, 0x0020, 0x0000, 0x0000, 0x0000, 0x0000, 0x0020, 0x0020, 0x0020, 0x0020, 0x0000, 0x0020,
  0x2965, 0x0000, 0x0020, 0x0020, 0x0000, 0x0020, 0x0000, 0x2965, 0x10A2, 0x0000, 0x0020, 0x0000,
  0x0000, 0x0000, 0x18E3, 0x2945, 0x0000, 0x0020, 0x0000, 0x18C4, 0x4209, 0x2124, 0x39E7, 0x39C7,
  0x2965, 0x2965, 0x2945, 0x18E3, 0x2124, 0x18C3, 0x18C3, 0x18E3, 0x0861, 0x18C4, 0x18C4, 0x18C3,
  0x2125, 0x2105, 0x2966, 0x2945, 0x2965, 0x31A6, 0x3186, 0x39E7, 0x2144, 0x4208, 0x0841, 0x4228,
  0x2965, 0x4A69, 0x39C8, 0x39C8, 0x4209, 0x3187, 0x4229, 0x4229, 0x31A7, 0x41EA, 0x31A8, 0x39E8,
  0x2124, 0x31A6, 0x3186, 0x39E7, 0x18C3, 0x3186, 0x39C7, 0x31A6, 0x2965, 0x18E3, 0x39E7, 0x3186,
  0x3186, 0x31A6, 0x31A6, 0x39C7, 0x0841, 0x2965, 0x18E3, 0x3166, 0x20E4, 0x0841, 0x18E4, 0x18E3,
  0x0000, 0x0000, 0x0000, 0x0000, 0x0000, 0x0000, 0x0000, 0x0000, 0x0000, 0x0000, 0x0000, 0x0000,
  0x0000, 0x0000, 0x0000, 0x0000, 0x0000, 0x0000, 0x0000, 0x0000, 0x0000, 0x0000, 0x0000, 0x0000,
  0x0000, 0x0000, 0x0000, 0x0000, 0x0000, 0x0000, 0x0000, 0x0000, 0x0000, 0x0000, 0x0020, 0x0000,
  0x0841, 0x31A6, 0x3186, 0x2965, 0x3186, 0x2986, 0x2125, 0x39E8, 0x3186, 0x2965, 0x39C7, 0x2985,
  0x2965, 0x18E3, 0x4208, 0x2945, 0x10A3, 0x3187, 0x2105, 0x20E4, 0x31A6, 0x10A2, 0x0000, 0x0020,
  0x0000, 0x0000, 0x0000, 0x0000, 0x0000, 0x0000, 0x0000, 0x0000, 0x0000, 0x0000, 0x0000, 0x0000,
  0x0000, 0x0000, 0x0000, 0x0000, 0x0000, 0x0000, 0x0000, 0x0000, 0x0000, 0x0000, 0x0000, 0x0000,
  0x0000, 0x0000, 0x0000, 0x0000, 0x0000, 0x0000, 0x0000, 0x0000, 0x0000, 0x0000, 0x0000, 0x0000,
  0x0000, 0x0020, 0x4208, 0x18C3, 0x18E3, 0x2124, 0x18C3, 0x2124, 0x2104, 0x18E3, 0x2124, 0x2945,
  0x3186, 0x2945, 0x2945, 0x3186, 0x18E3, 0x10A2, 0x39E7, 0x2124, 0x39E7, 0x31A6, 0x2965, 0x0020,
  0x0020, 0x0000, 0x0000, 0x0000, 0x0000, 0x0000, 0x0000, 0x0000, 0x0000, 0x0000, 0x0000, 0x0000,
  0x0000, 0x0000, 0x0000, 0x0000, 0x0000, 0x0000, 0x0020, 0x0020, 0x0000, 0x0000, 0x0000, 0x0000,
  0x0000, 0x0000, 0x0000, 0x0020, 0x0020, 0x0000, 0x0000, 0x0000, 0x0000, 0x0000, 0x0020, 0x0020,
  0x0000, 0x0000, 0x0000, 0x0000, 0x0000, 0x0020, 0x0020, 0x0000, 0x0000, 0x0000, 0x0000, 0x0000,
  0x0000, 0x0000, 0x0000, 0x0000, 0x0000, 0x0000, 0x0000, 0x0000, 0x0020, 0x0020, 0x0000, 0x0000,
  0x0000, 0x0000, 0x0000, 0x0020, 0x0000, 0x0000, 0x0000, 0x0000, 0x0000, 0x0000, 0x0000, 0x0000,
  0x0000, 0x0841, 0x2145, 0x39C8, 0x31A6, 0x2124, 0x3186, 0x39C7, 0x2104, 0x4208, 0x4208, 0x3186,
  0x39C7, 0x4208, 0x2104, 0x31A7, 0x39C8, 0x31A7, 0x4A6A, 0x2946, 0x31A8, 0x2145, 0x39E7, 0x2945,
  0x2124, 0x2945, 0x2945, 0x3186, 0x2945, 0x3186, 0x2124, 0x2125, 0x3186, 0x2966, 0x2966, 0x4209,
  0x39C8, 0x31C8, 0x4249, 0x2125, 0x39E8, 0x31A6, 0x3186, 0x39C7, 0x2124, 0x2124, 0x3186, 0x3186,
  0x39E7, 0x18E3, 0x31A6, 0x39E7, 0x2124, 0x4208, 0x0861, 0x39E7, 0x18A3, 0x31A6, 0x4208, 0x39E7,
  0x1082, 0x4A49, 0x2104, 0x0882, 0x18C3, 0x1062, 0x0020, 0x0000, 0x0000, 0x0000, 0x0000, 0x0000,
  0x0000, 0x0000, 0x0000, 0x0000, 0x0000, 0x0000, 0x0000, 0x0000, 0x0000, 0x0000, 0x0000, 0x0000,
  0x0000, 0x0000, 0x0000, 0x0000, 0x0000, 0x0000, 0x0000, 0x0000, 0x0000, 0x0000, 0x0000, 0x0000,
  0x0000, 0x0000, 0x0000, 0x0000, 0x0000, 0x0000, 0x2945, 0x39C7, 0x2104, 0x31A6, 0x2966, 0x18C3,
  0x39E8, 0x2945, 0x39C7, 0x1082, 0x39E8, 0x2124, 0x39C7, 0x2945, 0x2965, 0x10A2, 0x18C3, 0x2105,
  0x2105, 0x1082, 0x3186, 0x0000, 0x0020, 0x0000, 0x0000, 0x0000, 0x0000, 0x0000, 0x0000, 0x0000,
  0x0000, 0x0000, 0x0000, 0x0000, 0x0000, 0x0000, 0x0000, 0x0000, 0x0000, 0x0000, 0x0000, 0x0000,
  0x0000, 0x0000, 0x0000, 0x0000, 0x0000, 0x0000, 0x0000, 0x0000, 0x0000, 0x0000, 0x0000, 0x0000,
  0x0000, 0x0000, 0x0000, 0x0000, 0x0000, 0x0020, 0x0020, 0x0000, 0x1082, 0x39E7, 0x0861, 0x2965,
  0x1082, 0x10A2, 0x0841, 0x1082, 0x2945, 0x4208, 0x18E3, 0x18C3, 0x2945, 0x2945, 0x2945, 0x2104,
  0x2104, 0x39C7, 0x2104, 0x3186, 0x39C7, 0x18C3, 0x0000, 0x0000, 0x0000, 0x0000, 0x0000, 0x0000,
  0x0000, 0x0000, 0x0000, 0x0000, 0x0000, 0x0000, 0x0000, 0x0000, 0x0000, 0x0000, 0x0000, 0x0000,
  0x0000, 0x0000, 0x0000, 0x0861, 0x1082, 0x0000, 0x0000, 0x2104, 0x0861, 0x0000, 0x0000, 0x1082,
  0x0000, 0x0000, 0x18C3, 0x18E3, 0x0000, 0x0000, 0x18C3, 0x0000, 0x0000, 0x0841, 0x18C3, 0x0020,
  0x0000, 0x10A2, 0x1082, 0x0000, 0x0000, 0x0000, 0x0000, 0x0000, 0x1082, 0x18E3, 0x0000, 0x0020,
  0x18C3, 0x0020, 0x0000, 0x0000, 0x1082, 0x0000, 0x0000, 0x18E3, 0x10A2, 0x0000, 0x0000, 0x10A3,
  0x0020, 0x0000, 0x0020, 0x0020, 0x0841, 0x18E3, 0x1082, 0x10A2, 0x41E8, 0x2926, 0x3185, 0x18E3,
  0x3186, 0x2104, 0x39C7, 0x2945, 0x18E3, 0x18C3, 0x2124, 0x31A6, 0x2965, 0x3186, 0x18C3, 0x31A7,
  0x0021, 0x39E8, 0x2925, 0x10A3, 0x2945, 0x2945, 0x2986, 0x2124, 0x3166, 0x3186, 0x2945, 0x39E7,
  0x39C7, 0x31C6, 0x39E7, 0x41E8, 0x2945, 0x4208, 0x3187, 0x3187, 0x3186, 0x18C3, 0x2945, 0x39C7,
  0x31A6, 0x3186, 0x2965, 0x31A6, 0x2965, 0x31A6, 0x3186, 0x3186, 0x2965, 0x2124, 0x4208, 0x1082,
  0x39C6, 0x31A6, 0x3166, 0x39A6, 0x18E4, 0x3166, 0x3186, 0x3166, 0x0000, 0x18E4, 0x10A2, 0x0021,
  0x0021, 0x0000, 0x0000, 0x0000, 0x0000, 0x0000, 0x0000, 0x0000, 0x0000, 0x0000, 0x0000, 0x0000,
  0x0000, 0x0000, 0x0000, 0x0000, 0x0000, 0x0000, 0x0000, 0x0000, 0x0000, 0x0000, 0x0000, 0x0000,
  0x0000, 0x0000, 0x0000, 0x0000, 0x0000, 0x0020, 0x0020, 0x0000, 0x0000, 0x0000, 0x0000, 0x10A2,
  0x39C7, 0x39C7, 0x2104, 0x3186, 0x2104, 0x31A7, 0x3187, 0x39E8, 0x0862, 0x4228, 0x2104, 0x39E7,
  0x3186, 0x2124, 0x31A6, 0x4A29, 0x3166, 0x10A2, 0x2104, 0x3186, 0x20E3, 0x0000, 0x0020, 0x0000,
  0x0000, 0x0000, 0x0000, 0x0000, 0x0000, 0x0000, 0x0000, 0x0000, 0x0000, 0x0000, 0x0000, 0x0000,
  0x0000, 0x0000, 0x0000, 0x0000, 0x0000, 0x0000, 0x0000, 0x0000, 0x0000, 0x0000, 0x0000, 0x0000,
  0x0000, 0x0000, 0x0000, 0x0000, 0x0000, 0x0000, 0x0000, 0x0000, 0x0000, 0x0000, 0x0000, 0x0020,
  0x0020, 0x0000, 0x0020, 0x18C3, 0x3186, 0x10A2, 0x2104, 0x2945, 0x2124, 0x31A6, 0x2124, 0x39C7,
  0x2965, 0x2965, 0x2104, 0x1082, 0x10A2, 0x2965, 0x52AA, 0x2945, 0x3186, 0x2945, 0x31A6, 0x2965,
  0x39C7, 0x0841, 0x0000, 0x0000, 0x0000, 0x0000, 0x0000, 0x0000, 0x0000, 0x0000, 0x0000, 0x0000,
  0x0000, 0x0000, 0x0000, 0x0000, 0x0000, 0x0000, 0x0000, 0x0020, 0x0000, 0x2104, 0x39C7, 0x0000,
  0x0020, 0x6B4D, 0x2124, 0x0841, 0x6B6E, 0x52CB, 0x0000, 0x0000, 0x52AA, 0x528A, 0x0000, 0x31A6,
  0x6B6D, 0x1082, 0x0020, 0x18C3, 0x39C7, 0x0000, 0x2124, 0x7BCF, 0x2965, 0x0000, 0x0020, 0x0000,
  0x0020, 0x0000, 0x39C7, 0x52AA, 0x0000, 0x0841, 0x5AEB, 0x0862, 0x0841, 0x5ACB, 0x528A, 0x0000,
  0x0000, 0x630C, 0x4228, 0x0000, 0x0841, 0x4A49, 0x0020, 0x0000, 0x0020, 0x0000, 0x18E3, 0x52AA,
  0x39C7, 0x31A6, 0x2945, 0x2945, 0x2965, 0x2104, 0x31A6, 0x2946, 0x3186, 0x2104, 0x31A6, 0x2104,
  0x39C7, 0x31A6, 0x39C7, 0x31A7, 0x3187, 0x3187, 0x2986, 0x2125, 0x3186, 0x20E4, 0x2104, 0x18C3,
  0x10A2, 0x2104, 0x3165, 0x2124, 0x18C3, 0x39A7, 0x2104, 0x1062, 0x3186, 0x39A7, 0x4228, 0x2945,
  0x2965, 0x31A6, 0x3186, 0x31A6, 0x2965, 0x3186, 0x18E3, 0x2104, 0x2965, 0x2104, 0x18E3, 0x31A6,
  0x2965, 0x2966, 0x2966, 0x31A6, 0x3186, 0x2945, 0x2965, 0x39C7, 0x18C3, 0x18E3, 0x39C7, 0x2104,
  0x2925, 0x18A3, 0x18C3, 0x0021, 0x0000, 0x0000, 0x0000, 0x0000, 0x0000, 0x0000, 0x0000, 0x0000,
  0x0000, 0x0000, 0x0000, 0x0000, 0x0000, 0x0000, 0x0000, 0x0000, 0x0000, 0x0000, 0x0000, 0x0000,
  0x0000, 0x0000, 0x0000, 0x0000, 0x0000, 0x0000, 0x0000, 0x0000, 0x0000, 0x0000, 0x0000, 0x0020,
  0x0020, 0x0000, 0x0000, 0x0020, 0x0000, 0x39C7, 0x3186, 0x31A6, 0x31A6, 0x3185, 0x2945, 0x2967,
  0x3187, 0x3187, 0x3187, 0x18C3, 0x39E8, 0x3187, 0x3186, 0x2965, 0x39C7, 0x18C3, 0x39C8, 0x2124,
  0x1082, 0x31A6, 0x0020, 0x0000, 0x0000, 0x0000, 0x0000, 0x0000, 0x0000, 0x0000, 0x0000, 0x0000,
  0x0000, 0x0000, 0x0000, 0x0000, 0x0000, 0x0000, 0x0000, 0x0000, 0x0000, 0x0000, 0x0000, 0x0000,
  0x0000, 0x0000, 0x0000, 0x0000, 0x0000, 0x0000, 0x0000, 0x0000, 0x0000, 0x0000, 0x0000, 0x0000,
  0x0000, 0x0000, 0x0000, 0x0000, 0x0000, 0x0000, 0x0000, 0x0020, 0x0000, 0x0020, 0x3186, 0x2945,
  0x4208, 0x2124, 0x2104, 0x2965, 0x4208, 0x2104, 0x2945, 0x2965, 0x10A2, 0x3186, 0x2965, 0x18E3,
  0x1082, 0x2945, 0x3186, 0x31A6, 0x2965, 0x2124, 0x18E3, 0x0841, 0x0000, 0x0000, 0x0000, 0x0000,
  0x0000, 0x0000, 0x0000, 0x0000, 0x0000, 0x0000, 0x0000, 0x0000, 0x0000, 0x0000, 0x0000, 0x0000,
  0x0000, 0x0000, 0x0000, 0x0000, 0x0020, 0x0000, 0x0020, 0x0000, 0x0000, 0x5ACB, 0xBDF7, 0x0020,
  0x0000, 0x0000, 0x0020, 0x0000, 0x2124, 0xB596, 0x2144, 0x0841, 0x0861, 0x0000, 0x0000, 0x10A2,
  0xA514, 0x5AEB, 0x0000, 0x0020, 0x0000, 0x0000, 0x0000, 0x0000, 0x0000, 0x0000, 0x0000, 0x0020,
  0x0000, 0x0000, 0x52AA, 0xAD55, 0x0861, 0x0000, 0x0020, 0x0000, 0x0000, 0x0000, 0x0020, 0x0000,
  0x0000, 0x0020, 0x0000, 0x2945, 0x31A6, 0x2104, 0x18E3, 0x31A6, 0x39C7, 0x18E3, 0x39C7, 0x18E3,
  0x4228, 0x2124, 0x3186, 0x2965, 0x3187, 0x41E8, 0x2104, 0x18A3, 0x1082, 0x18C3, 0x2104, 0x39C7,
  0x2925, 0x2104, 0x2965, 0x2966, 0x31A7, 0x2945, 0x10A2, 0x39E7, 0x20E3, 0x2945, 0x2125, 0x2125,
  0x18A3, 0x4208, 0x2925, 0x3165, 0x31A6, 0x2945, 0x2965, 0x2945, 0x3186, 0x2104, 0x39E7, 0x0841,
  0x39C7, 0x31A6, 0x2124, 0x4A69, 0x2965, 0x3186, 0x31A6, 0x2945, 0x2945, 0x18C3, 0x31A6, 0x2965,
  0x2965, 0x0861, 0x4228, 0x31A6, 0x39C7, 0x1082, 0x10A3, 0x1082, 0x0862, 0x0000, 0x0000, 0x0000,
  0x0000, 0x0000, 0x0000, 0x0000, 0x0000, 0x0000, 0x0000, 0x0000, 0x0000, 0x0000, 0x0000, 0x0000,
  0x0000, 0x0000, 0x0000, 0x0000, 0x0000, 0x0000, 0x0000, 0x0000, 0x0000, 0x0000, 0x0000, 0x0000,
  0x0000, 0x0000, 0x0000, 0x0000, 0x0000, 0x0000, 0x0000, 0x0000, 0x0020, 0x0000, 0x3186, 0x31A6,
  0x2104, 0x3186, 0x1082, 0x3186, 0x2965, 0x2966, 0x31A6, 0x2104, 0x2104, 0x4209, 0x18E5, 0x39C8,
  0x10A3, 0x3186, 0x2104, 0x2945, 0x3186, 0x2965, 0x2945, 0x2965, 0x0000, 0x0020, 0x0000, 0x0000,
  0x0000, 0x0000, 0x0000, 0x0000, 0x0000, 0x0000, 0x0000, 0x0000, 0x0000, 0x0000, 0x0000, 0x0000,
  0x0000, 0x0000, 0x0000, 0x0000, 0x0000, 0x0000, 0x0000, 0x0000, 0x0000, 0x0000, 0x0000, 0x0000,
  0x0000, 0x0000, 0x0000, 0x0000, 0x0000, 0x0000, 0x0000, 0x0000, 0x0000, 0x0000, 0x0000, 0x0000,
  0x0000, 0x0000, 0x0000, 0x1082, 0x2965, 0x31A6, 0x0861, 0x18E3, 0x0861, 0x0841, 0x2124, 0x39E7,
  0x31A6, 0x10A2, 0x18E3, 0x31A6, 0x10A2, 0x39E7, 0x39E7, 0x3186, 0x31A6, 0x18E3, 0x2124, 0x2945,
  0x4A69, 0x2104, 0x0000, 0x0020, 0x0000, 0x0000, 0x0000, 0x0000, 0x0000, 0x0000, 0x0000, 0x0000,
  0x0000, 0x0000, 0x0000, 0x0000, 0x0000, 0x0000, 0x0000, 0x0000, 0x0000, 0x0000, 0x0000, 0x0000,
  0x0000, 0x0000, 0x630C, 0x8C51, 0x0861, 0x0000, 0x0000, 0x0020, 0x0000, 0x3186, 0x8410, 0x2945,
  0x0020, 0x0020, 0x0020, 0x0000, 0x2124, 0x9CF3, 0x52AA, 0x0000, 0x0020, 0x0000, 0x0000, 0x0000,
  0x0000, 0x0000, 0x0020, 0x0000, 0x0020, 0x0000, 0x0000, 0x6B6D, 0x738E, 0x0020, 0x0020, 0x0000,
  0x0000, 0x0020, 0x0000, 0x0000, 0x0000, 0x0000, 0x0020, 0x0000, 0x0841, 0x3186, 0x3186, 0x2965,
  0x2965, 0x3186, 0x2104, 0x39E7, 0x18C3, 0x4228, 0x2104, 0x39C7, 0x2965, 0x3186, 0x18E4, 0x39E8,
  0x2945, 0x2103, 0x2945, 0x18E4, 0x20E4, 0x4229, 0x2104, 0x18C4, 0x10A2, 0x20E4, 0x1082, 0x18E3,
  0x2945, 0x2104, 0x39E7, 0x2945, 0x39C7, 0x2104, 0x20E4, 0x39C7, 0x18C4, 0x2104, 0x39C7, 0x0841,
  0x31A6, 0x2965, 0x31A6, 0x2965, 0x18C3, 0x4228, 0x3186, 0x2965, 0x2124, 0x10A2, 0x2965, 0x3186,
  0x31A6, 0x2965, 0x3186, 0x2965, 0x3186, 0x31A6, 0x2945, 0x2104, 0x39E7, 0x2124, 0x0861, 0x18E3,
  0x1082, 0x18C4, 0x0020, 0x0020, 0x0000, 0x0000, 0x0000, 0x0000, 0x0000, 0x0000, 0x0000, 0x0000,
  0x0000, 0x0000, 0x0000, 0x0000, 0x0000, 0x0000, 0x0000, 0x0000, 0x0000, 0x0000, 0x0020, 0x0000,
  0x0000, 0x0000, 0x0000, 0x0000, 0x0000, 0x0000, 0x0000, 0x0000, 0x0000, 0x0000, 0x0000, 0x0000,
  0x0000, 0x0020, 0x0000, 0x2103, 0x31A6, 0x3186, 0x2945, 0x3186, 0x39E8, 0x3186, 0x2124, 0x3187,
  0x31A8, 0x18E5, 0x2946, 0x2946, 0x39C8, 0x2946, 0x39C7, 0x2965, 0x18E3, 0x39C8, 0x2124, 0x2104,
  0x2924, 0x18C3, 0x0000, 0x0020, 0x0000, 0x0000, 0x0000, 0x0000, 0x0000, 0x0000, 0x0000, 0x0000,
  0x0000, 0x0000, 0x0000, 0x0000, 0x0000, 0x0000, 0x0000, 0x0000, 0x0000, 0x0000, 0x0000, 0x0000,
  0x0000, 0x0000, 0x0000, 0x0000, 0x0000, 0x0000, 0x0000, 0x0000, 0x0000, 0x0000, 0x0000, 0x0000,
  0x0000, 0x0000, 0x0000, 0x0000, 0x0000, 0x0000, 0x0000, 0x0000, 0x0020, 0x0000, 0x18C3, 0x31A6,
  0x3186, 0x0841, 0x18C3, 0x18E3, 0x3186, 0x2104, 0x18E3, 0x1082, 0x18E3, 0x2124, 0x0861, 0x2145,
  0x2124, 0x4208, 0x2965, 0x31A6, 0x31A6, 0x3186, 0x31A6, 0x39C7, 0x18E3, 0x0000, 0x0020, 0x0000,
  0x0000, 0x0841, 0x0020, 0x0000, 0x0000, 0x0000, 0x0000, 0x0000, 0x0000, 0x0020, 0x0020, 0x0000,
  0x0000, 0x0000, 0x0000, 0x0000, 0x0020, 0x0000, 0x0000, 0x738E, 0xB596, 0x18C3, 0x0000, 0x0020,
  0x0020, 0x0000, 0x4208, 0xAD55, 0x39E8, 0x0000, 0x0020, 0x0020, 0x0000, 0x2945, 0x8C51, 0x7BEF,
  0x0000, 0x0020, 0x0000, 0x0000, 0x0000, 0x0000, 0x0000, 0x0000, 0x0000, 0x0020, 0x0000, 0x0020,
  0x7BEF, 0x9CF3, 0x10A2, 0x0020, 0x0841, 0x0000, 0x0020, 0x0000, 0x0021, 0x0801, 0x18A3, 0x0841,
  0x0000, 0x0000, 0x18C3, 0x4208, 0x2965, 0x2105, 0x31A7, 0x2104, 0x2105, 0x18A3, 0x31A6, 0x2124,
  0x4208, 0x2104, 0x31A6, 0x2124, 0x3186, 0x2124, 0x2945, 0x39C7, 0x2966, 0x2965, 0x39A7, 0x39E8,
  0x3186, 0x41E8, 0x39C7, 0x18E3, 0x39C7, 0x18C3, 0x20E4, 0x4208, 0x0861, 0x18C3, 0x18E3, 0x1082,
  0x39E8, 0x18A3, 0x2125, 0x39C7, 0x18E3, 0x2965, 0x31A6, 0x2965, 0x3186, 0x31A6, 0x39E7, 0x2945,
  0x31A6, 0x3186, 0x2945, 0x2945, 0x39E7, 0x2965, 0x39C7, 0x2965, 0x3186, 0x18E3, 0x3186, 0x39C6,
  0x2124, 0x3186, 0x18E3, 0x0861, 0x0000, 0x0000, 0x1082, 0x18C3, 0x0000, 0x0020, 0x0000, 0x0000,
  0x0000, 0x0000, 0x0000, 0x0000, 0x0000, 0x0000, 0x0000, 0x0000, 0x0000, 0x0000, 0x0000, 0x0000,
  0x0000, 0x0000, 0x0000, 0x0020, 0x0020, 0x0000, 0x0000, 0x0000, 0x0000, 0x0000, 0x0000, 0x0000,
  0x0000, 0x0000, 0x0000, 0x0000, 0x0000, 0x0000, 0x0020, 0x0000, 0x1082, 0x31A8, 0x3186, 0x2945,
  0x31A6, 0x31A6, 0x1082, 0x3186, 0x2925, 0x2946, 0x31A6, 0x39C8, 0x4209, 0x3186, 0x2125, 0x2986,
  0x31A6, 0x2945, 0x39E7, 0x31A7, 0x18C3, 0x39C7, 0x10A2, 0x0000, 0x0020, 0x0000, 0x0000, 0x0000,
  0x0000, 0x0000, 0x0000, 0x0000, 0x0000, 0x0000, 0x0000, 0x0000, 0x0000, 0x0000, 0x0000, 0x0000,
  0x0000, 0x0000, 0x0000, 0x0000, 0x0000, 0x0000, 0x0000, 0x0000, 0x0000, 0x0000, 0x0000, 0x0000,
  0x0000, 0x0000, 0x0000, 0x0000, 0x0000, 0x0000, 0x0000, 0x0000, 0x0000, 0x0000, 0x0000, 0x0000,
  0x0000, 0x0000, 0x0000, 0x0020, 0x0000, 0x10A2, 0x2965, 0x18C3, 0x2966, 0x1082, 0x10A2, 0x1082,
  0x3186, 0x2104, 0x2965, 0x2945, 0x18E3, 0x2965, 0x2104, 0x10A2, 0x2965, 0x39C7, 0x4208, 0x31A6,
  0x39E7, 0x3186, 0x2945, 0x3186, 0x0000, 0x0020, 0x0000, 0x0000, 0x0000, 0x0000, 0x0000, 0x0000,
  0x0000, 0x0000, 0x0000, 0x0000, 0x0000, 0x0000, 0x0000, 0x0000, 0x0000, 0x0000, 0x0000, 0x0000,
  0x0020, 0x738E, 0x18E3, 0x0000, 0x0020, 0x0020, 0x0020, 0x0000, 0x4A49, 0x4A49, 0x0000, 0x0020,
  0x0000, 0x0020, 0x0000, 0x2965, 0x4228, 0x0000, 0x0020, 0x0020, 0x0000, 0x0000, 0x0000, 0x0000,
  0x0000, 0x1082, 0x0020, 0x0000, 0x0000, 0x0020, 0x5AEB, 0x0861, 0x0000, 0x0020, 0x0000, 0x1082,
  0x31A6, 0x39E7, 0x10A3, 0x2104, 0x10A2, 0x3166, 0x2946, 0x10A2, 0x18E4, 0x2104, 0x31A6, 0x2105,
  0x2125, 0x18C3, 0x1082, 0x2124, 0x39C7, 0x39E7, 0x2965, 0x3186, 0x3186, 0x1082, 0x31A6, 0x2965,
  0x31A6, 0x2945, 0x3186, 0x2945, 0x39C7, 0x18C3, 0x1082, 0x3186, 0x39E8, 0x3186, 0x39E7, 0x31A6,
  0x31A6, 0x2965, 0x31A6, 0x3186, 0x3186, 0x39C7, 0x2945, 0x31A6, 0x39C7, 0x3186, 0x18C3, 0x3186,
  0x31A6, 0x2965, 0x41E8, 0x2104, 0x39E7, 0x39C7, 0x3186, 0x2965, 0x2124, 0x3186, 0x2965, 0x2124,
  0x2965, 0x3186, 0x2965, 0x31C6, 0x3186, 0x3186, 0x31A6, 0x2144, 0x0000, 0x0000, 0x0020, 0x0000,
  0x0000, 0x0000, 0x0000, 0x0000, 0x0000, 0x0000, 0x0000, 0x0000, 0x0000, 0x0000, 0x0000, 0x0000,
  0x0000, 0x0000, 0x0000, 0x0000, 0x0000, 0x0000, 0x0000, 0x0000, 0x0000, 0x0000, 0x0000, 0x0000,
  0x0000, 0x0000, 0x0000, 0x0000, 0x0000, 0x0000, 0x0000, 0x0000, 0x0000, 0x0000, 0x0000, 0x0000,
  0x0020, 0x0841, 0x2945, 0x31A8, 0x2145, 0x2104, 0x39C7, 0x2965, 0x18E3, 0x31A6, 0x2125, 0x3186,
  0x2966, 0x2966, 0x2104, 0x39E7, 0x18E3, 0x2945, 0x2104, 0x31A6, 0x18E3, 0x2945, 0x31A6, 0x3186,
  0x2124, 0x0000, 0x0020, 0x0000, 0x0000, 0x0000, 0x0000, 0x0000, 0x0000, 0x0000, 0x0000, 0x0000,
  0x0000, 0x0000, 0x0000, 0x0000, 0x0000, 0x0000, 0x0000, 0x0000, 0x0000, 0x0000, 0x0000, 0x0000,
  0x0000, 0x0000, 0x0000, 0x0000, 0x0000, 0x0000, 0x0000, 0x0000, 0x0000, 0x0000, 0x0000, 0x0000,
  0x0000, 0x0000, 0x0000, 0x0000, 0x0000, 0x0000, 0x0000, 0x0000, 0x0000, 0x0020, 0x0000, 0x18C3,
  0x18C3, 0x2124, 0x4208, 0x2104, 0x2124, 0x1082, 0x2104, 0x10A2, 0x18C3, 0x18C3, 0x2965, 0x31A6,
  0x18E3, 0x10A2, 0x2945, 0x3186, 0x31A6, 0x2104, 0x2965, 0x18E3, 0x2965, 0x31A6, 0x18C3, 0x0000,
  0x0020, 0x0000, 0x0000, 0x0000, 0x0000, 0x0000, 0x0000, 0x0000, 0x0000, 0x0000, 0x0000, 0x0000,
  0x0000, 0x0000, 0x0000, 0x0000, 0x0000, 0x0000, 0x0000, 0x0000, 0x0000, 0x0020, 0x0000, 0x0000,
  0x0000, 0x0000, 0x0000, 0x0000, 0x0020, 0x0020, 0x0000, 0x0000, 0x0000, 0x0000, 0x0000, 0x0020,
  0x0020, 0x0000, 0x0000, 0x0000, 0x0000, 0x0000, 0x0841, 0x18C3, 0x10A2, 0x0020, 0x0000, 0x0000,
  0x0000, 0x0000, 0x0020, 0x0000, 0x0000, 0x0841, 0x3186, 0x2104, 0x3186, 0x10A3, 0x2124, 0x2945,
  0x41E8, 0x18A3, 0x0841, 0x39C7, 0x2124, 0x31A6, 0x18E3, 0x2104, 0x1082, 0x1082, 0x2965, 0x31A6,
  0x18A3, 0x39E7, 0x39C7, 0x39A7, 0x2945, 0x3186, 0x39C7, 0x2965, 0x2945, 0x31A6, 0x39E7, 0x1082,
  0x10A2, 0x10A2, 0x10A3, 0x2945, 0x2124, 0x3186, 0x18E3, 0x31A6, 0x3186, 0x3186, 0x31A6, 0x31A6,
  0x10A2, 0x31A6, 0x2104, 0x2965, 0x2965, 0x2965, 0x2965, 0x2965, 0x18E3, 0x2945, 0x3186, 0x3186,
  0x39C7, 0x3186, 0x31A6, 0x18E3, 0x3186, 0x2945, 0x3186, 0x3186, 0x18C3, 0x3186, 0x2104, 0x39C7,
  0x0020, 0x0000, 0x0020, 0x0000, 0x0000, 0x0000, 0x0000, 0x0000, 0x0000, 0x0000, 0x0000, 0x0000,
  0x0000, 0x0000, 0x0000, 0x0000, 0x0000, 0x0000, 0x0000, 0x0000, 0x0000, 0x0000, 0x0000, 0x0000,
  0x0000, 0x0000, 0x0000, 0x0000, 0x0000, 0x0000, 0x0000, 0x0000, 0x0000, 0x0000, 0x0000, 0x0000,
  0x0000, 0x0000, 0x0000, 0x0000, 0x0000, 0x0020, 0x0000, 0x39C7, 0x31A6, 0x31A7, 0x3186, 0x3186,
  0x39C7, 0x2945, 0x3186, 0x3186, 0x2104, 0x39E8, 0x18E5, 0x4229, 0x2966, 0x18A3, 0x2925, 0x3186,
  0x2945, 0x3186, 0x3186, 0x3186, 0x4208, 0x0000, 0x0000, 0x0000, 0x0000, 0x0000, 0x0000, 0x0000,
  0x0000, 0x0000, 0x0000, 0x0000, 0x0000, 0x0000, 0x0000, 0x0000, 0x0000, 0x0000, 0x0000, 0x0000,
  0x0000, 0x0000, 0x0000, 0x0000, 0x0000, 0x0000, 0x0000, 0x0000, 0x0000, 0x0000, 0x0000, 0x0000,
  0x0000, 0x0000, 0x0000, 0x0000, 0x0000, 0x0020, 0x0841, 0x0000, 0x0000, 0x0000, 0x0000, 0x0000,
  0x0000, 0x0000, 0x0000, 0x0000, 0x0000, 0x0000, 0x0000, 0x39C7, 0x2945, 0x4228, 0x0020, 0x18E3,
  0x10A2, 0x10A2, 0x2124, 0x3186, 0x2965, 0x2945, 0x18C3, 0x10A2, 0x2104, 0x2945, 0x4228, 0x39E7,
  0x4208, 0x10A2, 0x2965, 0x3186, 0x2945, 0x0000, 0x0000, 0x0000, 0x0000, 0x0000, 0x0000, 0x0000,
  0x0000, 0x0000, 0x0000, 0x0000, 0x0000, 0x0000, 0x0000, 0x0000, 0x0000, 0x0000, 0x0000, 0x0000,
  0x0000, 0x18C3, 0x0861, 0x0000, 0x0000, 0x10A2, 0x0000, 0x0000, 0x1082, 0x10A2, 0x0000, 0x0000,
  0x0841, 0x0020, 0x0000, 0x0841, 0x10A2, 0x0020, 0x0000, 0x0841, 0x0841, 0x0000, 0x0000, 0x0000,
  0x0020, 0x0861, 0x0841, 0x0861, 0x0841, 0x0020, 0x0020, 0x0020, 0x0000, 0x0000, 0x0000, 0x10A2,
  0x2965, 0x2104, 0x2945, 0x18C3, 0x2124, 0x2965, 0x18A2, 0x18E4, 0x18E3, 0x2104, 0x2966, 0x41E8,
  0x4208, 0x2966, 0x2124, 0x18E4, 0x2925, 0x2925, 0x39E7, 0x31A6, 0x2924, 0x18C3, 0x4228, 0x18E3,
  0x18E3, 0x31A6, 0x31A6, 0x2965, 0x1082, 0x39E7, 0x3186, 0x18C3, 0x3186, 0x2104, 0x2965, 0x2965,
  0x18E3, 0x2965, 0x2124, 0x3186, 0x18E3, 0x2104, 0x31A7, 0x2945, 0x3186, 0x39C7, 0x3186, 0x31A6,
  0x3186, 0x2125, 0x18C3, 0x4208, 0x2125, 0x4A49, 0x3186, 0x18E3, 0x2944, 0x2945, 0x2104, 0x3186,
  0x18E4, 0x3186, 0x1082, 0x2945, 0x1082, 0x2104, 0x0000, 0x0020, 0x0000, 0x0000, 0x0000, 0x0000,
  0x0000, 0x0000, 0x0000, 0x0000, 0x0000, 0x0000, 0x0000, 0x0000, 0x0000, 0x0000, 0x0000, 0x0000,
  0x0000, 0x0000, 0x0000, 0x0000, 0x0000, 0x0000, 0x0020, 0x0020, 0x0000, 0x0000, 0x0000, 0x0000,
  0x0000, 0x0000, 0x0000, 0x0000, 0x0000, 0x0000, 0x0000, 0x0000, 0x0000, 0x0000, 0x0020, 0x0000,
  0x2125, 0x31A7, 0x31A8, 0x2966, 0x18E3, 0x31A6, 0x3186, 0x2124, 0x39C7, 0x2965, 0x31A7, 0x18E4,
  0x39C8, 0x2125, 0x2965, 0x39C7, 0x2966, 0x3165, 0x31A6, 0x2124, 0x2104, 0x2965, 0x0841, 0x0020,
  0x0020, 0x0000, 0x0000, 0x0000, 0x0000, 0x0000, 0x0000, 0x0000, 0x0000, 0x0000, 0x0000, 0x0000,
  0x0000, 0x0000, 0x0000, 0x0000, 0x0000, 0x0000, 0x0000, 0x0000, 0x0000, 0x0000, 0x0000, 0x0000,
  0x0000, 0x0000, 0x0000, 0x0000, 0x0000, 0x0000, 0x0000, 0x0000, 0x0000, 0x0000, 0x0000, 0x0000,
  0x0020, 0x0000, 0x0000, 0x0000, 0x0000, 0x0000, 0x0000, 0x0000, 0x0000, 0x0000, 0x0000, 0x0020,
  0x0000, 0x31A6, 0x31A6, 0x31A6, 0x3186, 0x31A6, 0x4208, 0x39E7, 0x2965, 0x2104, 0x18E3, 0x2965,
  0x4208, 0x4208, 0x2104, 0x10A2, 0x2945, 0x2124, 0x2124, 0x3186, 0x31A6, 0x3186, 0x3186, 0x2104,
  0x0841, 0x0000, 0x0000, 0x0000, 0x0000, 0x0000, 0x0000, 0x0000, 0x0000, 0x0000, 0x0000, 0x0000,
  0x0000, 0x0000, 0x0000, 0x0000, 0x0000, 0x0000, 0x0000, 0x94B2, 0x39C7, 0x0000, 0x4228, 0x738E,
  0x0000, 0x0000, 0x73AE, 0x73AE, 0x0000, 0x39C7, 0x8C71, 0x0861, 0x0000, 0x31A6, 0x7BCF, 0x0000,
  0x18E3, 0x9CD3, 0x4208, 0x0000, 0x0020, 0x0000, 0x0000, 0x0000, 0x0000, 0x0000, 0x0020, 0x0020,
  0x0000, 0x0000, 0x0000, 0x0000, 0x0000, 0x1082, 0x31A6, 0x3186, 0x2103, 0x10A2, 0x4208, 0x1061,
  0x2945, 0x39C7, 0x4208, 0x18E4, 0x2104, 0x3967, 0x18C3, 0x31A7, 0x3186, 0x2944, 0x2945, 0x2966,
  0x31A6, 0x18C3, 0x20E3, 0x3165, 0x18C3, 0x39E7, 0x39E7, 0x3186, 0x31A6, 0x31A6, 0x3186, 0x3185,
  0x39C7, 0x39C7, 0x31A6, 0x31A6, 0x2124, 0x31A6, 0x2965, 0x3186, 0x18E3, 0x3186, 0x31A6, 0x2945,
  0x3186, 0x18C3, 0x2965, 0x2104, 0x3186, 0x18E3, 0x39C7, 0x2104, 0x4228, 0x39E8, 0x2125, 0x2124,
  0x31A6, 0x31A6, 0x2124, 0x3186, 0x2965, 0x2945, 0x2966, 0x31A6, 0x31C7, 0x1082, 0x0000, 0x0000,
  0x0020, 0x0000, 0x0000, 0x0000, 0x0000, 0x0000, 0x0000, 0x0000, 0x0000, 0x0000, 0x0000, 0x0000,
  0x0000, 0x0000, 0x0000, 0x0000, 0x0000, 0x0000, 0x0000, 0x0000, 0x0000, 0x0000, 0x0000, 0x0000,
  0x0020, 0x0020, 0x0000, 0x0000, 0x0000, 0x0000, 0x0000, 0x0000, 0x0000, 0x0000, 0x0000, 0x0000,
  0x0000, 0x0000, 0x0000, 0x0020, 0x0000, 0x10A2, 0x3186, 0x2966, 0x2965, 0x31A7, 0x2124, 0x31A6,
  0x18C3, 0x3186, 0x3186, 0x31C7, 0x31C7, 0x18E3, 0x31A7, 0x2125, 0x2967, 0x2124, 0x2125, 0x2125,
  0x31A6, 0x1082, 0x39C7, 0x3186, 0x0841, 0x0000, 0x0020, 0x0000, 0x0000, 0x0000, 0x0000, 0x0000,
  0x0000, 0x0000, 0x0000, 0x0000, 0x0000, 0x0000, 0x0000, 0x0000, 0x0000, 0x0000, 0x0000, 0x0000,
  0x0000, 0x0000, 0x0000, 0x0000, 0x0000, 0x0000, 0x0000, 0x0000, 0x0000, 0x0000, 0x0000, 0x0000,
  0x0000, 0x0000, 0x0000, 0x0000, 0x0000, 0x0000, 0x0000, 0x0000, 0x0000, 0x0000, 0x0000, 0x0000,
  0x0000, 0x0000, 0x0000, 0x0000, 0x0000, 0x0000, 0x0000, 0x1082, 0x39C7, 0x31A6, 0x31A6, 0x31A6,
  0x39E7, 0x0020, 0x3186, 0x18C3, 0x18E3, 0x20E4, 0x31A6, 0x18C3, 0x10A2, 0x3186, 0x18E3, 0x31A6,
  0x2945, 0x0861, 0x4208, 0x31A6, 0x2124, 0x31A6, 0x18E3, 0x0020, 0x0000, 0x0000, 0x0000, 0x0000,
  0x0000, 0x0000, 0x0000, 0x0000, 0x0000, 0x0000, 0x0000, 0x0000, 0x0000, 0x0000, 0x0000, 0x0000,
  0x0000, 0x18C3, 0x0020, 0x4A49, 0xA514, 0x10A2, 0x0000, 0x0000, 0x1082, 0x0020, 0x18C3, 0xAD55,
  0x3186, 0x0000, 0x0000, 0x0841, 0x1082, 0x0020, 0x8C71, 0x7BEF, 0x0020, 0x0020, 0x0000, 0x0000,
  0x0000, 0x0000, 0x0000, 0x0000, 0x0000, 0x0000, 0x0000, 0x0000, 0x0000, 0x0000, 0x0020, 0x0000,
  0x31A6, 0x1082, 0x1904, 0x2145, 0x2945, 0x3186, 0x31A6, 0x39E7, 0x10A3, 0x1082, 0x2105, 0x18A3,
  0x10A2, 0x31A6, 0x31A6, 0x2965, 0x18E3, 0x31A6, 0x31A6, 0x2925, 0x31A6, 0x3166, 0x31A7, 0x31C6,
  0x10A2, 0x18E3, 0x3186, 0x2945, 0x2965, 0x39E7, 0x2124, 0x2124, 0x2125, 0x1082, 0x3185, 0x31A6,
  0x31A6, 0x31A6, 0x31A6, 0x39C7, 0x3186, 0x3186, 0x2965, 0x39C7, 0x31A6, 0x3186, 0x2965, 0x2965,
  0x2945, 0x39C7, 0x31A6, 0x2965, 0x2945, 0x2965, 0x31A6, 0x2945, 0x18C3, 0x39C7, 0x39C7, 0x3186,
  0x10A2, 0x1082, 0x0000, 0x0000, 0x0000, 0x0020, 0x0000, 0x0000, 0x0000, 0x0000, 0x0000, 0x0000,
  0x0000, 0x0000, 0x0000, 0x0000, 0x0000, 0x0000, 0x0000, 0x0000, 0x0000, 0x0000, 0x0000, 0x0000,
  0x0000, 0x0000, 0x0000, 0x0000, 0x0000, 0x0000, 0x0000, 0x0000, 0x0000, 0x0000, 0x0000, 0x0000,
  0x0000, 0x0000, 0x0000, 0x0000, 0x0000, 0x0000, 0x0000, 0x0000, 0x0000, 0x0020, 0x0861, 0x2946,
  0x31A7, 0x2946, 0x2145, 0x39C8, 0x3186, 0x3185, 0x2104, 0x31A6, 0x31A6, 0x18E3, 0x18E3, 0x31A7,
  0x3187, 0x2126, 0x3187, 0x2965, 0x39C8, 0x39E8, 0x18A3, 0x39A7, 0x39A7, 0x1082, 0x0000, 0x0020,
  0x0000, 0x0000, 0x0000, 0x0000, 0x0000, 0x0000, 0x0000, 0x0000, 0x0000, 0x0000, 0x0000, 0x0000,
  0x0000, 0x0000, 0x0000, 0x0000, 0x0000, 0x0000, 0x0000, 0x0000, 0x0000, 0x0000, 0x0000, 0x0000,
  0x0000, 0x0000, 0x0000, 0x0000, 0x0000, 0x0000, 0x0000, 0x0000, 0x0000, 0x0000, 0x0000, 0x0000,
  0x0000, 0x0000, 0x0000, 0x0000, 0x0000, 0x0000, 0x0000, 0x0000, 0x0000, 0x0000, 0x0000, 0x0000,
  0x0020, 0x0000, 0x18E3, 0x2124, 0x31A6, 0x2965, 0x2965, 0x2965, 0x3186, 0x18C3, 0x4228, 0x2945,
  0x18E3, 0x3186, 0x4A69, 0x2965, 0x1082, 0x2945, 0x2945, 0x0861, 0x0861, 0x39E7, 0x2104, 0x2965,
  0x39C7, 0x0861, 0x0000, 0x0000, 0x0000, 0x0000, 0x0000, 0x0000, 0x0000, 0x0000, 0x0000, 0x0000,
  0x0020, 0x0020, 0x0000, 0x0000, 0x0000, 0x0000, 0x0020, 0x0000, 0x0841, 0x6B6D, 0x1082, 0x0000,
  0x0020, 0x0020, 0x0000, 0x18C3, 0x73AE, 0x39E7, 0x0000, 0x0020, 0x0020, 0x0000, 0x10A2, 0x7BCF,
  0x5ACB, 0x0000, 0x0000, 0x0000, 0x0000, 0x0000, 0x0000, 0x0020, 0x0000, 0x0000, 0x0000, 0x0000,
  0x0000, 0x0000, 0x0000, 0x0000, 0x0020, 0x0000, 0x31A6, 0x39C7, 0x3186, 0x0861, 0x18C3, 0x2124,
  0x2104, 0x18E3, 0x2965, 0x41E8, 0x2906, 0x1904, 0x18C3, 0x41E8, 0x18C3, 0x18E3, 0x39A6, 0x3166,
  0x3146, 0x3186, 0x31A6, 0x3186, 0x3186, 0x2124, 0x39C7, 0x39E7, 0x2966, 0x2125, 0x2946, 0x39C7,
  0x1082, 0x1062, 0x10A3, 0x2124, 0x39E7, 0x3186, 0x2965, 0x2124, 0x18E3, 0x31A6, 0x2945, 0x3186,
  0x2124, 0x31A6, 0x3186, 0x3186, 0x31A6, 0x39C7, 0x2965, 0x3186, 0x39E7, 0x10A2, 0x3186, 0x2945,
  0x39C7, 0x2124, 0x3186, 0x31A6, 0x10A2, 0x2104, 0x10A2, 0x0000, 0x0020, 0x0020, 0x0000, 0x0000,
  0x0000, 0x0000, 0x0000, 0x0000, 0x0000, 0x0000, 0x0000, 0x0000, 0x0000, 0x0000, 0x0000, 0x0000,
  0x0000, 0x0000, 0x0000, 0x0000, 0x0000, 0x0000, 0x0000, 0x0000, 0x0000, 0x0020, 0x0000, 0x0000,
  0x0000, 0x0000, 0x0000, 0x0000, 0x0000, 0x0000, 0x0000, 0x0000, 0x0000, 0x0000, 0x0000, 0x0000,
  0x0000, 0x0000, 0x0020, 0x0000, 0x31A7, 0x31A8, 0x2986, 0x31A7, 0x31A7, 0x3186, 0x31A6, 0x2965,
  0x2124, 0x31A6, 0x2945, 0x4207, 0x39C7, 0x2966, 0x18E3, 0x39C7, 0x2124, 0x4209, 0x10A3, 0x3186,
  0x3166, 0x31A7, 0x39A7, 0x0020, 0x0020, 0x0000, 0x0000, 0x0000, 0x0000, 0x0000, 0x0000, 0x0000,
  0x0000, 0x0000, 0x0000, 0x0000, 0x0000, 0x0000, 0x0000, 0x0000, 0x0000, 0x0000, 0x0000, 0x0000,
  0x0000, 0x0000, 0x0000, 0x0000, 0x0000, 0x0000, 0x0000, 0x0000, 0x0000, 0x0000, 0x0000, 0x0000,
  0x0000, 0x0000, 0x0000, 0x0000, 0x0000, 0x0000, 0x0000, 0x0000, 0x0000, 0x0000, 0x0000, 0x0000,
  0x0000, 0x0000, 0x0000, 0x0000, 0x0000, 0x0000, 0x0000, 0x0020, 0x0000, 0x0861, 0x2965, 0x2104,
  0x2965, 0x2965, 0x4208, 0x18E3, 0x18C3, 0x3186, 0x39C7, 0x2965, 0x2104, 0x3186, 0x2965, 0x3186,
  0x3186, 0x4208, 0x2124, 0x3186, 0x39A7, 0x31A6, 0x3186, 0x31A6, 0x0861, 0x0020, 0x0000, 0x0000,
  0x0000, 0x0000, 0x0000, 0x0000, 0x0000, 0x0000, 0x0020, 0x0020, 0x0000, 0x0000, 0x0000, 0x0000,
  0x0000, 0x0020, 0x0000, 0x0000, 0x0000, 0x0020, 0x0020, 0x0020, 0x10A2, 0xA534, 0x630C, 0x0000,
  0x0841, 0x0841, 0x0000, 0x0841, 0x738E, 0x9CF3, 0x0000, 0x0020, 0x0000, 0x0000, 0x0000, 0x0000,
  0x0020, 0x0841, 0x0000, 0x0000, 0x0000, 0x0000, 0x0000, 0x0000, 0x0000, 0x0000, 0x0000, 0x0000,
  0x10C3, 0x18C3, 0x10A2, 0x0000, 0x0000, 0x0000, 0x0000, 0x0000, 0x1082, 0x10A2, 0x0000, 0x0020,
  0x18C3, 0x18C3, 0x0841, 0x0000, 0x2965, 0x2925, 0x2945, 0x39A7, 0x31C7, 0x41E8, 0x2925, 0x0861,
  0x18C3, 0x10A2, 0x3186, 0x3186, 0x3166, 0x2945, 0x31A7, 0x2125, 0x1083, 0x18E3, 0x2925, 0x2925,
  0x2104, 0x10A2, 0x2945, 0x2965, 0x2945, 0x3186, 0x3186, 0x39C7, 0x2124, 0x31A6, 0x2124, 0x10A2,
  0x3166, 0x0000, 0x18A3, 0x0821, 0x10A2, 0x1082, 0x18C3, 0x0841, 0x0000, 0x0000, 0x0000, 0x0000,
  0x0000, 0x0020, 0x0000, 0x0020, 0x0020, 0x0000, 0x0000, 0x0000, 0x0000, 0x0000, 0x0000, 0x0000,
  0x0000, 0x0000, 0x0000, 0x0000, 0x0000, 0x0000, 0x0000, 0x0000, 0x0000, 0x0000, 0x0000, 0x0000,
  0x0000, 0x0000, 0x0000, 0x0020, 0x0000, 0x0000, 0x0000, 0x0000, 0x0000, 0x0000, 0x0000, 0x0000,
  0x0000, 0x0000, 0x0000, 0x0000, 0x0000, 0x0000, 0x0000, 0x0000, 0x0020, 0x39C7, 0x2945, 0x1081,
  0x31A7, 0x18E4, 0x3186, 0x10A2, 0x39E8, 0x0841, 0x2965, 0x3186, 0x2104, 0x39E7, 0x18E3, 0x39E8,
  0x18C3, 0x18E3, 0x2966, 0x39C7, 0x31A7, 0x39E8, 0x2104, 0x18A2, 0x10A2, 0x0000, 0x0000, 0x0000,
  0x0000, 0x0000, 0x0000, 0x0000, 0x0000, 0x0000, 0x0000, 0x0000, 0x0000, 0x0000, 0x0000, 0x0000,
  0x0000, 0x0000, 0x0000, 0x0000, 0x0000, 0x0000, 0x0000, 0x0000, 0x0000, 0x0000, 0x0000, 0x0000,
  0x0000, 0x0000, 0x0000, 0x0000, 0x0000, 0x0000, 0x0000, 0x0000, 0x0000, 0x0000, 0x0000, 0x0000,
  0x0000, 0x0000, 0x0000, 0x0000, 0x0000, 0x0000, 0x0000, 0x0000, 0x0000, 0x0000, 0x0000, 0x0000,
  0x0000, 0x0000, 0x0000, 0x1082, 0x39C7, 0x3186, 0x18E3, 0x3186, 0x10A2, 0x2104, 0x0861, 0x2104,
  0x39C7, 0x31A6, 0x2945, 0x4208, 0x2945, 0x2945, 0x2945, 0x2965, 0x2945, 0x0861, 0x2104, 0x3186,
  0x2945, 0x2945, 0x39C7, 0x10A2, 0x0000, 0x0020, 0x0000, 0x0000, 0x0000, 0x0000, 0x0000, 0x0000,
  0x0000, 0x0000, 0x0000, 0x0000, 0x0000, 0x0000, 0x0000, 0x0000, 0x0000, 0x0020, 0x0020, 0x0000,
  0x0020, 0x0000, 0x528A, 0x5ACB, 0x0020, 0x0020, 0x0000, 0x0020, 0x0000, 0x2124, 0x528A, 0x0841,
  0x0020, 0x0000, 0x0000, 0x0000, 0x0000, 0x0000, 0x0000, 0x0000, 0x0000, 0x0000, 0x0000, 0x0000,
  0x0000, 0x0000, 0x0000, 0x0000, 0x0000, 0x0000, 0x0000, 0x0000, 0x0000, 0x0000, 0x0020, 0x0020,
  0x0020, 0x0020, 0x0000, 0x0000, 0x0020, 0x0000, 0x0000, 0x0000, 0x0000, 0x0000, 0x10A2, 0x2125,
  0x0020, 0x2945, 0x2945, 0x2104, 0x2104, 0x3166, 0x18C3, 0x2104, 0x3186, 0x18E4, 0x3166, 0x39A7,
  0x3186, 0x41E8, 0x2104, 0x0020, 0x10A2, 0x18A3, 0x1062, 0x2124, 0x2125, 0x18A3, 0x2945, 0x2104,
  0x39E7, 0x18E3, 0x3186, 0x2965, 0x18E3, 0x2965, 0x3186, 0x2965, 0x10A2, 0x0000, 0x0000, 0x0000,
  0x0000, 0x0000, 0x0020, 0x0000, 0x0000, 0x0020, 0x0000, 0x0000, 0x0000, 0x0020, 0x0020, 0x0000,
  0x0000, 0x0000, 0x0000, 0x0000, 0x0000, 0x0000, 0x0000, 0x0000, 0x0000, 0x0000, 0x0000, 0x0000,
  0x0000, 0x0000, 0x0000, 0x0000, 0x0000, 0x0000, 0x0000, 0x0000, 0x0000, 0x0000, 0x0000, 0x0000,
  0x0000, 0x0000, 0x0000, 0x0000, 0x0000, 0x0000, 0x0000, 0x0000, 0x0000, 0x0000, 0x0000, 0x0000,
  0x0000, 0x0000, 0x2945, 0x31A6, 0x39E7, 0x3186, 0x3187, 0x3187, 0x2125, 0x39C8, 0x0861, 0x31A6,
  0x3186, 0x3186, 0x39C7, 0x2945, 0x2104, 0x2965, 0x2125, 0x39A7, 0x2966, 0x2945, 0x10A3, 0x2945,
  0x3186, 0x18E3, 0x0000, 0x0020, 0x0000, 0x0000, 0x0000, 0x0000, 0x0000, 0x0000, 0x0000, 0x0000,
  0x0000, 0x0000, 0x0000, 0x0000, 0x0000, 0x0000, 0x0000, 0x0000, 0x0000, 0x0000, 0x0000, 0x0000,
  0x0000, 0x0000, 0x0000, 0x0000, 0x0000, 0x0000, 0x0000, 0x0000, 0x0000, 0x0000, 0x0000, 0x0000,
  0x0000, 0x0000, 0x0000, 0x0000, 0x0000, 0x0000, 0x0000, 0x0000, 0x0000, 0x0000, 0x0000, 0x0000,
  0x0000, 0x0000, 0x0000, 0x0000, 0x0000, 0x0000, 0x0000, 0x0000, 0x0000, 0x0020, 0x0841, 0x31A6,
  0x3186, 0x2124, 0x0861, 0x2945, 0x18C3, 0x18C3, 0x2124, 0x39E7, 0x2124, 0x31A6, 0x2945, 0x2965,
  0x2945, 0x18C3, 0x3186, 0x18C3, 0x10A2, 0x2965, 0x2124, 0x31A6, 0x3186, 0x3186, 0x0020, 0x0000,
  0x0000, 0x0000, 0x0000, 0x0000, 0x0000, 0x0000, 0x0000, 0x0000, 0x0000, 0x0000, 0x0000, 0x0000,
  0x0000, 0x0000, 0x0000, 0x0000, 0x0000, 0x0000, 0x0000, 0x0000, 0x0000, 0x0000, 0x0000, 0x0020,
  0x0020, 0x0020, 0x0000, 0x0000, 0x0000, 0x0000, 0x0000, 0x0000, 0x0000, 0x0000, 0x0000, 0x0000,
  0x0000, 0x0000, 0x0000, 0x0000, 0x0000, 0x0000, 0x0000, 0x0000, 0x0000, 0x0000, 0x0000, 0x0000,
  0x0020, 0x0020, 0x0020, 0x0000, 0x0000, 0x0000, 0x0000, 0x0000, 0x0020, 0x0020, 0x0000, 0x0000,
  0x0020, 0x0020, 0x0020, 0x0000, 0x2124, 0x39C7, 0x10A3, 0x39C7, 0x2124, 0x4207, 0x2124, 0x2104,
  0x2104, 0x31A7, 0x2945, 0x3186, 0x2965, 0x2125, 0x3186, 0x31A6, 0x39E7, 0x10A2, 0x10A2, 0x0861,
  0x2124, 0x2104, 0x2925, 0x10A3, 0x18E4, 0x31A6, 0x2104, 0x2965, 0x2965, 0x2945, 0x39E7, 0x3186,
  0x3186, 0x2945, 0x18C3, 0x0000, 0x0020, 0x0000, 0x0020, 0x0000, 0x0000, 0x0000, 0x0000, 0x0000,
  0x0000, 0x0000, 0x0000, 0x0000, 0x0020, 0x0000, 0x0000, 0x0000, 0x0000, 0x0000, 0x0000, 0x0000,
  0x0000, 0x0000, 0x0000, 0x0000, 0x0000, 0x0000, 0x0000, 0x0000, 0x0000, 0x0000, 0x0000, 0x0000,
  0x0000, 0x0000, 0x0000, 0x0000, 0x0000, 0x0000, 0x0000, 0x0000, 0x0000, 0x0000, 0x0000, 0x0000,
  0x0000, 0x0000, 0x0000, 0x0000, 0x0000, 0x0000, 0x0841, 0x18C3, 0x31A6, 0x2965, 0x31A6, 0x2945,
  0x3186, 0x31A7, 0x2965, 0x31A8, 0x4208, 0x39C7, 0x2966, 0x39C8, 0x39E7, 0x31A7, 0x10A3, 0x1083,
  0x1082, 0x2966, 0x2126, 0x2966, 0x2945, 0x3166, 0x2945, 0x0020, 0x0020, 0x0000, 0x0000, 0x0000,
  0x0000, 0x0000, 0x0000, 0x0000, 0x0000, 0x0000, 0x0000, 0x0000, 0x0000, 0x0000, 0x0000, 0x0000,
  0x0000, 0x0000, 0x0000, 0x0000, 0x0000, 0x0000, 0x0000, 0x0000, 0x0000, 0x0000, 0x0000, 0x0000,
  0x0020, 0x0841, 0x0000, 0x0000, 0x0000, 0x0000, 0x0000, 0x0000, 0x0000, 0x0000, 0x0000, 0x0000,
  0x0000, 0x0000, 0x0000, 0x0000, 0x0000, 0x0000, 0x0000, 0x0000, 0x0000, 0x0000, 0x0000, 0x0000,
  0x0000, 0x0000, 0x0020, 0x0020, 0x0000, 0x2965, 0x3186, 0x39E7, 0x2124, 0x10A2, 0x2104, 0x2945,
  0x4208, 0x18C3, 0x39C7, 0x2124, 0x31A6, 0x3186, 0x18C3, 0x2965, 0x4228, 0x2124, 0x18C3, 0x39C7,
  0x4208, 0x3186, 0x3186, 0x39C7, 0x2124, 0x2104, 0x0020, 0x0000, 0x0000, 0x0000, 0x0000, 0x0000,
  0x0000, 0x0000, 0x0000, 0x0000, 0x0000, 0x0000, 0x0000, 0x0000, 0x0000, 0x0000, 0x0000, 0x0000,
  0x0000, 0x0000, 0x0020, 0x0020, 0x0020, 0x0000, 0x0000, 0x0000, 0x0000, 0x0000, 0x0020, 0x0020,
  0x0000, 0x0000, 0x0020, 0x0000, 0x0000, 0x0000, 0x0000, 0x0000, 0x0000, 0x0000, 0x0000, 0x0000,
  0x0000, 0x0000, 0x0000, 0x0000, 0x0000, 0x0000, 0x0000, 0x0000, 0x0000, 0x0000, 0x0000, 0x0000,
  0x0000, 0x0000, 0x0000, 0x0000, 0x0841, 0x0020, 0x0000, 0x0000, 0x0000, 0x0000, 0x0861, 0x3186,
  0x2965, 0x2104, 0x2965, 0x2945, 0x3186, 0x2124, 0x2945, 0x2125, 0x3186, 0x39C7, 0x3186, 0x3186,
  0x39C7, 0x31A6, 0x39C7, 0x2966, 0x1062, 0x0881, 0x10A2, 0x1082, 0x2945, 0x18E3, 0x10A2, 0x39C7,
  0x3186, 0x39C7, 0x3186, 0x2104, 0x18E3, 0x1082, 0x2965, 0x0000, 0x0000, 0x0000, 0x0000, 0x0000,
  0x0000, 0x0020, 0x0841, 0x0000, 0x0000, 0x0000, 0x0000, 0x0000, 0x0000, 0x0000, 0x0000, 0x0000,
  0x0000, 0x0841, 0x0000, 0x0000, 0x0000, 0x0000, 0x0000, 0x0000, 0x0000, 0x0000, 0x0000, 0x0000,
  0x0000, 0x0000, 0x0000, 0x0000, 0x0020, 0x0020, 0x0000, 0x0000, 0x0000, 0x0000, 0x0000, 0x0000,
  0x0000, 0x0000, 0x0000, 0x0000, 0x0000, 0x0000, 0x0000, 0x0000, 0x0000, 0x0000, 0x0020, 0x0020,
  0x10A2, 0x31A6, 0x3186, 0x10A3, 0x2945, 0x2105, 0x31A7, 0x2925, 0x3186, 0x2125, 0x2945, 0x18E3,
  0x3186, 0x2965, 0x39C7, 0x4229, 0x2965, 0x18E4, 0x2965, 0x18C3, 0x2945, 0x3166, 0x20E4, 0x10A2,
  0x18C3, 0x0000, 0x0020, 0x0000, 0x0000, 0x0000, 0x0000, 0x0000, 0x0000, 0x0000, 0x0000, 0x0000,
  0x0000, 0x0000, 0x0000, 0x0000, 0x0000, 0x0000, 0x0000, 0x0000, 0x0000, 0x0000, 0x0000, 0x0000,
  0x0000, 0x0000, 0x0000, 0x0000, 0x0000, 0x0000, 0x0020, 0x0020, 0x0000, 0x0000, 0x0000, 0x0000,
  0x0000, 0x0000, 0x0000, 0x0000, 0x0000, 0x0000, 0x0000, 0x0000, 0x0000, 0x0000, 0x0000, 0x0000,
  0x0000, 0x0000, 0x0000, 0x0000, 0x0000, 0x0000, 0x0000, 0x0000, 0x0000, 0x0020, 0x0000, 0x18C3,
  0x3186, 0x18E3, 0x31A6, 0x31A6, 0x2104, 0x39C7, 0x18C3, 0x2124, 0x0861, 0x2945, 0x39C7, 0x2124,
  0x2124, 0x18E3, 0x3186, 0x0861, 0x18E3, 0x18C3, 0x2124, 0x31A6, 0x3186, 0x3186, 0x39C7, 0x39E7,
  0x0000, 0x0020, 0x0000, 0x0000, 0x0000, 0x0000, 0x0000, 0x0000, 0x0000, 0x0000, 0x0000, 0x0000,
  0x0000, 0x0000, 0x0000, 0x0000, 0x0000, 0x0000, 0x0020, 0x0000, 0x632C, 0x632C, 0x0000, 0x0861,
  0x7BF0, 0x18E3, 0x0000, 0x0000, 0x0000, 0x0000, 0x0000, 0x0000, 0x0020, 0x0000, 0x0000, 0x0000,
  0x0000, 0x0000, 0x0000, 0x0000, 0x0000, 0x0000, 0x0000, 0x0000, 0x0000, 0x0000, 0x0000, 0x0000,
  0x0000, 0x0000, 0x0000, 0x0000, 0x0000, 0x0000, 0x0000, 0x0000, 0x0000, 0x0000, 0x0020, 0x0020,
  0x0000, 0x0000, 0x0000, 0x0000, 0x0020, 0x39C7, 0x10A2, 0x2104, 0x3186, 0x2965, 0x2965, 0x31A6,
  0x31A6, 0x2965, 0x2965, 0x3186, 0x31A6, 0x2965, 0x2965, 0x2965, 0x31A6, 0x2104, 0x2104, 0x1082,
  0x2124, 0x2124, 0x2124, 0x3185, 0x3186, 0x39C7, 0x1082, 0x1082, 0x2104, 0x2945, 0x0000, 0x0000,
  0x0000, 0x0000, 0x0000, 0x0000, 0x0000, 0x0000, 0x0000, 0x0000, 0x0020, 0x0000, 0x0000, 0x0000,
  0x0000, 0x0000, 0x0000, 0x0000, 0x0000, 0x0000, 0x0000, 0x0020, 0x0000, 0x0000, 0x0000, 0x0000,
  0x0000, 0x0000, 0x0000, 0x0000, 0x0000, 0x0000, 0x0000, 0x0000, 0x0000, 0x0000, 0x0020, 0x0020,
  0x0000, 0x0000, 0x0000, 0x0000, 0x0000, 0x0000, 0x0000, 0x0000, 0x0000, 0x0000, 0x0000, 0x0000,
  0x0000, 0x0000, 0x0000, 0x0020, 0x0000, 0x2124, 0x2945, 0x10A2, 0x18C3, 0x3186, 0x31A7, 0x2966,
  0x31A7, 0x1083, 0x2967, 0x2986, 0x4A69, 0x39E7, 0x3186, 0x2124, 0x2945, 0x39C8, 0x2945, 0x2125,
  0x2965, 0x39C7, 0x2965, 0x4208, 0x39C7, 0x0000, 0x0000, 0x0000, 0x0000, 0x0000, 0x0000, 0x0000,
  0x0000, 0x0000, 0x0000, 0x0000, 0x0000, 0x0000, 0x0000, 0x0000, 0x0000, 0x0000, 0x0000, 0x0000,
  0x0000, 0x0000, 0x0000, 0x0000, 0x0000, 0x0000, 0x0000, 0x0000, 0x0000, 0x0000, 0x0000, 0x0000,
  0x0000, 0x0000, 0x0000, 0x0000, 0x0000, 0x0000, 0x0000, 0x0000, 0x0000, 0x0000, 0x0000, 0x0000,
  0x0000, 0x0000, 0x0000, 0x0000, 0x0000, 0x0020, 0x0020, 0x0000, 0x0000, 0x0000, 0x0000, 0x0000,
  0x0000, 0x0000, 0x0000, 0x0000, 0x0020, 0x0000, 0x0861, 0x39C7, 0x2945, 0x18E3, 0x39C7, 0x2965,
  0x2965, 0x18C3, 0x2124, 0x2965, 0x3186, 0x18E3, 0x3186, 0x31A6, 0x4208, 0x39E7, 0x3186, 0x2124,
  0x2104, 0x2104, 0x18C3, 0x2945, 0x2104, 0x39E7, 0x2965, 0x0000, 0x0020, 0x0000, 0x0000, 0x0000,
  0x0000, 0x0000, 0x0000, 0x0000, 0x0000, 0x0000, 0x0000, 0x0000, 0x0000, 0x0000, 0x0000, 0x0000,
  0x0000, 0x0020, 0x3186, 0x18E3, 0x1082, 0xA534, 0x5ACB, 0x0841, 0x0020, 0x0000, 0x0000, 0x0000,
  0x0000, 0x0000, 0x0000, 0x0000, 0x0000, 0x0000, 0x0000, 0x0000, 0x0000, 0x0000, 0x0000, 0x0000,
  0x0000, 0x0000, 0x0000, 0x0000, 0x0000, 0x0000, 0x0000, 0x0000, 0x0000, 0x0000, 0x0000, 0x0000,
  0x0000, 0x0000, 0x0000, 0x0000, 0x0000, 0x0000, 0x0000, 0x0000, 0x0020, 0x0000, 0x18E3, 0x31A6,
  0x3186, 0x31A6, 0x31A6, 0x2945, 0x2104, 0x2945, 0x2945, 0x18C3, 0x18C3, 0x2124, 0x2965, 0x18E3,
  0x31A6, 0x18E3, 0x2965, 0x18C3, 0x39C7, 0x39C7, 0x39C7, 0x39C7, 0x2124, 0x2124, 0x2104, 0x2104,
  0x0000, 0x0000, 0x0000, 0x0000, 0x0020, 0x0000, 0x0020, 0x0000, 0x0000, 0x0000, 0x0000, 0x0000,
  0x0000, 0x0000, 0x0000, 0x0000, 0x0000, 0x0000, 0x0000, 0x0000, 0x0000, 0x0000, 0x0000, 0x0000,
  0x0000, 0x0000, 0x0000, 0x0000, 0x0000, 0x0000, 0x0000, 0x0000, 0x0000, 0x0000, 0x0000, 0x0000,
  0x0000, 0x0000, 0x0000, 0x0000, 0x0000, 0x0000, 0x0000, 0x0000, 0x0000, 0x0000, 0x0000, 0x0000,
  0x0000, 0x0000, 0x0000, 0x0000, 0x0000, 0x0000, 0x0000, 0x0000, 0x0000, 0x0000, 0x3186, 0x31A6,
  0x31A6, 0x18E3, 0x10A2, 0x18C3, 0x31A7, 0x39C7, 0x2145, 0x31A6, 0x2966, 0x2966, 0x18C3, 0x18E3,
  0x1082, 0x39E7, 0x31A6, 0x3146, 0x3186, 0x3186, 0x3186, 0x2965, 0x3166, 0x2925, 0x0000, 0x0000,
  0x0020, 0x0000, 0x0000, 0x0000, 0x0000, 0x0000, 0x0000, 0x0000, 0x0000, 0x0000, 0x0000, 0x0000,
  0x0000, 0x0000, 0x0000, 0x0000, 0x0000, 0x0000, 0x0000, 0x0000, 0x0000, 0x0000, 0x0000, 0x0000,
  0x0000, 0x0000, 0x0000, 0x0000, 0x0000, 0x0000, 0x0000, 0x0000, 0x0000, 0x0000, 0x0000, 0x0000,
  0x0000, 0x0000, 0x0000, 0x0000, 0x0000, 0x0000, 0x0020, 0x0000, 0x0000, 0x0000, 0x0000, 0x0020,
  0x0020, 0x0000, 0x0000, 0x0000, 0x0000, 0x0000, 0x0000, 0x0000, 0x0000, 0x0000, 0x0000, 0x0020,
  0x0000, 0x18C3, 0x39E7, 0x39C7, 0x2945, 0x2945, 0x1082, 0x3186, 0x2965, 0x3186, 0x31A6, 0x18E3,
  0x2965, 0x39C7, 0x39C7, 0x2945, 0x31A6, 0x2965, 0x31A6, 0x39E7, 0x31A6, 0x3186, 0x31A6, 0x4228,
  0x4208, 0x31A6, 0x0000, 0x0020, 0x0000, 0x0000, 0x0000, 0x0000, 0x0000, 0x0000, 0x0000, 0x0000,
  0x0020, 0x0020, 0x0020, 0x0020, 0x0000, 0x0000, 0x0000, 0x0020, 0x0000, 0x0861, 0xA514, 0x632C,
  0x0000, 0x0020, 0x0000, 0x0000, 0x0000, 0x0000, 0x0000, 0x0000, 0x0000, 0x0000, 0x0000, 0x0000,
  0x0000, 0x0000, 0x0000, 0x0000, 0x0020, 0x0020, 0x0020, 0x0000, 0x0000, 0x0000, 0x0000, 0x0000,
  0x0000, 0x0000, 0x0000, 0x0000, 0x0000, 0x0000, 0x0000, 0x0000, 0x0000, 0x0000, 0x0000, 0x0000,
  0x0000, 0x0000, 0x0000, 0x0000, 0x0000, 0x0000, 0x0000, 0x0000, 0x1082, 0x2104, 0x39C7, 0x0000,
  0x0000, 0x0000, 0x0000, 0x0000, 0x0000, 0x2124, 0x2985, 0x0000, 0x0000, 0x2945, 0x4228, 0x2104,
  0x18C3, 0x18E3, 0x0000, 0x0000, 0x0000, 0x0000, 0x0020, 0x0000, 0x0020, 0x0020, 0x0000, 0x0000,
  0x0000, 0x0000, 0x0000, 0x0000, 0x0000, 0x0000, 0x0000, 0x0000, 0x0000, 0x0000, 0x0000, 0x0020,
  0x0020, 0x0000, 0x0000, 0x0000, 0x0000, 0x0000, 0x0000, 0x0000, 0x0000, 0x0000, 0x0000, 0x0000,
  0x0000, 0x0000, 0x0000, 0x0000, 0x0000, 0x0000, 0x0000, 0x0000, 0x0000, 0x0000, 0x0000, 0x0000,
  0x0000, 0x0000, 0x0000, 0x0000, 0x0000, 0x0000, 0x0000, 0x0000, 0x0000, 0x0000, 0x0000, 0x0000,
  0x0000, 0x0000, 0x0040, 0x2104, 0x3186, 0x31A6, 0x2965, 0x10A2, 0x10A2, 0x2945, 0x2146, 0x31A8,
  0x2125, 0x39C7, 0x31A7, 0x2946, 0x3186, 0x3186, 0x31A7, 0x3186, 0x2104, 0x3186, 0x2125, 0x2965,
  0x3987, 0x0861, 0x3186, 0x0841, 0x0000, 0x0000, 0x0000, 0x0000, 0x0000, 0x0000, 0x0000, 0x0000,
  0x0000, 0x0000, 0x0000, 0x0000, 0x0000, 0x0000, 0x0000, 0x0000, 0x0000, 0x0000, 0x0000, 0x0000,
  0x0000, 0x0000, 0x0000, 0x0000, 0x0000, 0x0000, 0x0000, 0x0000, 0x0000, 0x0000, 0x0000, 0x0000,
  0x0000, 0x0000, 0x0000, 0x0000, 0x0000, 0x0000, 0x0000, 0x0000, 0x0000, 0x0000, 0x0000, 0x0020,
  0x0841, 0x0000, 0x0000, 0x0000, 0x0000, 0x0000, 0x0000, 0x0000, 0x0000, 0x0000, 0x0000, 0x0000,
  0x0000, 0x0000, 0x0000, 0x0000, 0x0000, 0x0000, 0x0000, 0x0861, 0x1082, 0x2945, 0x2965, 0x31A6,
  0x2945, 0x2104, 0x39C7, 0x2104, 0x31A6, 0x2104, 0x3186, 0x2965, 0x3186, 0x31A6, 0x18E3, 0x31A6,
  0x39E7, 0x2124, 0x39C7, 0x4228, 0x39C7, 0x2945, 0x3186, 0x31A6, 0x3186, 0x2965, 0x0000, 0x0020,
  0x0000, 0x0000, 0x0000, 0x0000, 0x0000, 0x0000, 0x0000, 0x0841, 0x0841, 0x0020, 0x0000, 0x0000,
  0x0000, 0x0020, 0x0861, 0x94B2, 0x632C, 0x0000, 0x0020, 0x0841, 0x0000, 0x0000, 0x0000, 0x0000,
  0x0000, 0x0000, 0x0000, 0x0000, 0x0000, 0x0000, 0x0000, 0x0000, 0x0000, 0x0000, 0x0020, 0x0841,
  0x0841, 0x0000, 0x0000, 0x0000, 0x0000, 0x0000, 0x0000, 0x0000, 0x0000, 0x0000, 0x0000, 0x0000,
  0x0000, 0x0000, 0x0000, 0x0000, 0x0000, 0x0000, 0x0000, 0x0000, 0x0000, 0x0000, 0x0000, 0x0020,
  0x0000, 0x0020, 0x0000, 0x0000, 0x0000, 0x0000, 0x0000, 0x0000, 0x0000, 0x0000, 0x0020, 0x0000,
  0x0000, 0x0000, 0x0020, 0x0000, 0x0000, 0x0000, 0x0000, 0x0000, 0x0020, 0x0020, 0x0020, 0x0020,
  0x0000, 0x0000, 0x0000, 0x0000, 0x0000, 0x0000, 0x0000, 0x0000, 0x0000, 0x0000, 0x0000, 0x0000,
  0x0000, 0x0000, 0x0000, 0x0000, 0x0020, 0x0841, 0x0841, 0x0020, 0x0000, 0x0000, 0x0000, 0x0000,
  0x0000, 0x0000, 0x0000, 0x0000, 0x0000, 0x0000, 0x0000, 0x0000, 0x0000, 0x0000, 0x0000, 0x0000,
  0x0000, 0x0000, 0x0000, 0x0000, 0x0000, 0x0000, 0x0000, 0x0000, 0x0000, 0x0000, 0x0000, 0x0000,
  0x0000, 0x0000, 0x0000, 0x0000, 0x0000, 0x0020, 0x0000, 0x0000, 0x10A2, 0x39C7, 0x3186, 0x31A6,
  0x2125, 0x18E4, 0x18E4, 0x31A7, 0x2104, 0x31A7, 0x18C3, 0x2966, 0x39A7, 0x2946, 0x2125, 0x2104,
  0x39C7, 0x39E8, 0x3166, 0x2945, 0x10A3, 0x2986, 0x2945, 0x3166, 0x1082, 0x0000, 0x0020, 0x0000,
  0x0000, 0x0000, 0x0000, 0x0000, 0x0000, 0x0000, 0x0000, 0x0000, 0x0000, 0x0000, 0x0000, 0x0000,
  0x0000, 0x0000, 0x0000, 0x0000, 0x0000, 0x0000, 0x0000, 0x0000, 0x0000, 0x0000, 0x0000, 0x0000,
  0x0000, 0x0000, 0x0000, 0x0000, 0x0000, 0x0000, 0x0000, 0x0000, 0x0000, 0x0000, 0x0000, 0x0000,
  0x0000, 0x0000, 0x0000, 0x0000, 0x0000, 0x0000, 0x0000, 0x0000, 0x0000, 0x0000, 0x0000, 0x0000,
  0x0000, 0x0000, 0x0000, 0x0000, 0x0000, 0x0000, 0x0000, 0x0000, 0x0000, 0x0000, 0x0000, 0x0000,
  0x0000, 0x0000, 0x0000, 0x2124, 0x2104, 0x3186, 0x2104, 0x3186, 0x2945, 0x10A2, 0x10A2, 0x2104,
  0x18C3, 0x3186, 0x39C7, 0x39C7, 0x2965, 0x2965, 0x2965, 0x18E3, 0x2124, 0x18C3, 0x2945, 0x39C7,
  0x31A6, 0x39C7, 0x2965, 0x31A6, 0x0020, 0x0000, 0x0020, 0x0000, 0x0000, 0x0000, 0x0000, 0x0000,
  0x0000, 0x0000, 0x0000, 0x0000, 0x0000, 0x0000, 0x0020, 0x0000, 0x39E7, 0x528A, 0x0020, 0x0000,
  0x0020, 0x0000, 0x0000, 0x0000, 0x0000, 0x0000, 0x0000, 0x0000, 0x0000, 0x0000, 0x0000, 0x0000,
  0x0000, 0x0000, 0x0000, 0x0000, 0x0000, 0x0000, 0x0000, 0x0000, 0x0000, 0x0000, 0x0000, 0x0000,
  0x0000, 0x0000, 0x0000, 0x0000, 0x0000, 0x0000, 0x0000, 0x0000, 0x0000, 0x0000, 0x0000, 0x0000,
  0x0000, 0x0000, 0x0000, 0x0000, 0x0000, 0x0000, 0x0000, 0x0000, 0x0000, 0x0020, 0x0020, 0x0000,
  0x0000, 0x0000, 0x0000, 0x0000, 0x0020, 0x0020, 0x0020, 0x0000, 0x0000, 0x0020, 0x0020, 0x0020,
  0x0020, 0x0020, 0x0000, 0x0000, 0x0000, 0x0000, 0x0000, 0x0000, 0x0000, 0x0000, 0x0000, 0x0000,
  0x0000, 0x0000, 0x0000, 0x0000, 0x0000, 0x0000, 0x0000, 0x0000, 0x0000, 0x0000, 0x0000, 0x0000,
  0x0000, 0x0000, 0x0000, 0x0000, 0x0000, 0x0000, 0x0000, 0x0000, 0x0000, 0x0000, 0x0000, 0x0000,
  0x0000, 0x0000, 0x0000, 0x0000, 0x0000, 0x0000, 0x0000, 0x0000, 0x0000, 0x0000, 0x0000, 0x0000,
  0x0000, 0x0000, 0x0000, 0x0000, 0x0000, 0x0000, 0x0000, 0x0000, 0x0000, 0x0000, 0x0020, 0x0000,
  0x0020, 0x31A6, 0x39C8, 0x2966, 0x2105, 0x2125, 0x2124, 0x31A6, 0x31A6, 0x3186, 0x31A7, 0x31A8,
  0x2965, 0x1082, 0x2125, 0x31A7, 0x3186, 0x20E4, 0x2965, 0x2965, 0x39C6, 0x2125, 0x39A7, 0x2965,
  0x2945, 0x2104, 0x0020, 0x0020, 0x0000, 0x0000, 0x0000, 0x0000, 0x0000, 0x0000, 0x0000, 0x0000,
  0x0000, 0x0020, 0x0000, 0x0000, 0x0000, 0x0000, 0x0000, 0x0000, 0x0000, 0x0000, 0x0000, 0x0000,
  0x0000, 0x0000, 0x0000, 0x0000, 0x0000, 0x0000, 0x0000, 0x0000, 0x0000, 0x0000, 0x0000, 0x0000,
  0x0000, 0x0000, 0x0000, 0x0000, 0x0000, 0x0000, 0x0000, 0x0000, 0x0000, 0x0000, 0x0000, 0x0000,
  0x0000, 0x0000, 0x0000, 0x0000, 0x0000, 0x0000, 0x0000, 0x0000, 0x0000, 0x0000, 0x0000, 0x0000,
  0x0000, 0x0000, 0x0000, 0x0000, 0x0000, 0x0000, 0x0000, 0x0020, 0x0000, 0x2104, 0x31A6, 0x3186,
  0x31A6, 0x2965, 0x2945, 0x18E3, 0x2104, 0x1082, 0x2965, 0x2945, 0x2965, 0x3186, 0x3186, 0x18E3,
  0x2945, 0x18E3, 0x0861, 0x2104, 0x2104, 0x39E7, 0x2965, 0x39C7, 0x3186, 0x3186, 0x2965, 0x31A6,
  0x0000, 0x0020, 0x0000, 0x0000, 0x0000, 0x0000, 0x0000, 0x0000, 0x0000, 0x0000, 0x0000, 0x0000,
  0x0000, 0x0000, 0x0000, 0x0000, 0x0000, 0x0000, 0x0000, 0x0000, 0x0000, 0x0000, 0x0000, 0x0000,
  0x0000, 0x0000, 0x0000, 0x0000, 0x0000, 0x0000, 0x0000, 0x0000, 0x0000, 0x0000, 0x0000, 0x0000,
  0x0000, 0x0000, 0x0000, 0x0000, 0x0000, 0x0000, 0x0000, 0x0000, 0x0000, 0x0000, 0x0000, 0x0000,
  0x0000, 0x0000, 0x0000, 0x0000, 0x0000, 0x0000, 0x0000, 0x0000, 0x0000, 0x0000, 0x0000, 0x0000,
  0x0000, 0x0000, 0x0000, 0x0000, 0x0000, 0x0000, 0x0000, 0x0000, 0x0000, 0x0000, 0x0000, 0x0000,
  0x0000, 0x0000, 0x0000, 0x0000, 0x0000, 0x0000, 0x0000, 0x0000, 0x0000, 0x0000, 0x0000, 0x0000,
  0x0000, 0x0000, 0x0000, 0x0000, 0x0000, 0x0000, 0x0000, 0x0000, 0x0000, 0x0000, 0x0000, 0x0000,
  0x0000, 0x0000, 0x0000, 0x0000, 0x0000, 0x0000, 0x0000, 0x0000, 0x0000, 0x0000, 0x0000, 0x0000,
  0x0000, 0x0000, 0x0000, 0x0000, 0x0000, 0x0000, 0x0000, 0x0861, 0x0861, 0x0000, 0x0000, 0x0000,
  0x0000, 0x0000, 0x0000, 0x0000, 0x0000, 0x0000, 0x0000, 0x0000, 0x0000, 0x0000, 0x0000, 0x0000,
  0x0000, 0x0000, 0x0000, 0x0020, 0x0000, 0x10A2, 0x2965, 0x31A8, 0x1904, 0x39C8, 0x31A7, 0x3187,
  0x31A7, 0x18E3, 0x3186, 0x18E3, 0x3187, 0x3187, 0x1904, 0x39C7, 0x2105, 0x18C3, 0x2125, 0x3186,
  0x2945, 0x2965, 0x3186, 0x2925, 0x3186, 0x2925, 0x3186, 0x1082, 0x0000, 0x0020, 0x0000, 0x0000,
  0x0000, 0x0000, 0x0000, 0x0000, 0x0000, 0x0000, 0x0000, 0x0020, 0x0000, 0x0000, 0x0000, 0x0000,
  0x0000, 0x0000, 0x0000, 0x0000, 0x0000, 0x0000, 0x0000, 0x0000, 0x0000, 0x0000, 0x0000, 0x0000,
  0x0000, 0x0000, 0x0000, 0x0000, 0x0000, 0x0000, 0x0000, 0x0000, 0x0000, 0x0000, 0x0000, 0x0000,
  0x0000, 0x0000, 0x0000, 0x0000, 0x0000, 0x0000, 0x0000, 0x0000, 0x0000, 0x0000, 0x0000, 0x0000,
  0x0000, 0x0000, 0x0000, 0x0000, 0x0000, 0x0000, 0x0000, 0x0000, 0x0000, 0x0000, 0x0000, 0x0000,
  0x0000, 0x0000, 0x0000, 0x0000, 0x0020, 0x39C7, 0x31A6, 0x2104, 0x31A6, 0x18E3, 0x18C3, 0x2965,
  0x39C7, 0x2965, 0x2124, 0x31A6, 0x18C3, 0x39E7, 0x4A49, 0x18E3, 0x3186, 0x2124, 0x2104, 0x2104,
  0x2104, 0x18E3, 0x2965, 0x2945, 0x2965, 0x31A6, 0x1082, 0x0000, 0x0020, 0x0000, 0x0000, 0x0000,
  0x0020, 0x0841, 0x0020, 0x0000, 0x0000, 0x0000, 0x0000, 0x0000, 0x0020, 0x0020, 0x0000, 0x0000,
  0x0000, 0x0841, 0x0000, 0x0000, 0x0000, 0x0000, 0x0000, 0x0000, 0x0000, 0x0000, 0x0000, 0x0000,
  0x0000, 0x0000, 0x0000, 0x0000, 0x0000, 0x0000, 0x0000, 0x0000, 0x0000, 0x0000, 0x0000, 0x0000,
  0x0000, 0x0000, 0x0020, 0x0020, 0x0000, 0x0000, 0x0000, 0x0000, 0x0000, 0x0000, 0x0000, 0x0000,
  0x0000, 0x0000, 0x0000, 0x0000, 0x0000, 0x0000, 0x0000, 0x0000, 0x0000, 0x0000, 0x0000, 0x0000,
  0x0000, 0x0000, 0x0000, 0x0000, 0x0000, 0x0000, 0x0000, 0x0000, 0x0000, 0x0000, 0x0000, 0x0000,
  0x0000, 0x0000, 0x0000, 0x0000, 0x0000, 0x0000, 0x0000, 0x0000, 0x0000, 0x0000, 0x0000, 0x0000,
  0x0000, 0x0020, 0x0000, 0x0000, 0x0000, 0x0000, 0x0000, 0x0000, 0x0000, 0x0000, 0x0000, 0x0000,
  0x0000, 0x0000, 0x0000, 0x0000, 0x0000, 0x0000, 0x0000, 0x0000, 0x0000, 0x0000, 0x0000, 0x0020,
  0x0000, 0x1082, 0x1082, 0x0000, 0x0000, 0x0000, 0x0000, 0x0000, 0x0000, 0x0000, 0x0000, 0x0000,
  0x0000, 0x0000, 0x0000, 0x0020, 0x0020, 0x0000, 0x0000, 0x0000, 0x0020, 0x0020, 0x0841, 0x3186,
  0x2105, 0x2946, 0x1904, 0x31C7, 0x2125, 0x31A6, 0x31A6, 0x2965, 0x31C6, 0x2966, 0x2986, 0x3186,
  0x4208, 0x2945, 0x20E4, 0x2925, 0x2925, 0x31A7, 0x2965, 0x2965, 0x2925, 0x3165, 0x2124, 0x2925,
  0x2124, 0x0000, 0x0020, 0x0000, 0x0000, 0x0000, 0x0000, 0x0000, 0x0000, 0x0000, 0x0000, 0x0000,
  0x0000, 0x0000, 0x0000, 0x0000, 0x0000, 0x0000, 0x0000, 0x0000, 0x0000, 0x0000, 0x0000, 0x0000,
  0x0000, 0x0000, 0x0000, 0x0000, 0x0000, 0x0000, 0x0000, 0x0000, 0x0000, 0x0000, 0x0000, 0x0000,
  0x0000, 0x0000, 0x0000, 0x0000, 0x0000, 0x0000, 0x0000, 0x0000, 0x0000, 0x0000, 0x0000, 0x0000,
  0x0000, 0x0000, 0x0000, 0x0000, 0x0000, 0x0000, 0x0000, 0x0000, 0x0000, 0x0000, 0x0000, 0x0000,
  0x0000, 0x0000, 0x0000, 0x0000, 0x0000, 0x0000, 0x0000, 0x0000, 0x0000, 0x0020, 0x0000, 0x2124,
  0x2945, 0x2124, 0x3186, 0x3186, 0x31A6, 0x31A6, 0x3186, 0x2965, 0x3186, 0x2965, 0x18E3, 0x10A2,
  0x18C3, 0x2965, 0x2965, 0x39C7, 0x31A6, 0x31A6, 0x39E7, 0x4208, 0x10A2, 0x3186, 0x3186, 0x18E3,
  0x2965, 0x2124, 0x0000, 0x0020, 0x0020, 0x0000, 0x0000, 0x0020, 0x0000, 0x0000, 0x0000, 0x0000,
  0x0000, 0x0000, 0x0000, 0x0000, 0x0000, 0x0000, 0x0000, 0x0020, 0x0000, 0x0000, 0x0000, 0x0000,
  0x0000, 0x0000, 0x0000, 0x0000, 0x0000, 0x0000, 0x0000, 0x0000, 0x0000, 0x0000, 0x0000, 0x0000,
  0x0000, 0x0000, 0x0000, 0x0000, 0x0000, 0x0000, 0x0000, 0x0000, 0x0000, 0x0000, 0x0000, 0x0000,
  0x0000, 0x0000, 0x0000, 0x0000, 0x0000, 0x0000, 0x0000, 0x0000, 0x0000, 0x0000, 0x0000, 0x0000,
  0x0000, 0x0000, 0x0000, 0x0000, 0x0000, 0x0000, 0x0000, 0x0000, 0x0000, 0x0000, 0x0000, 0x0000,
  0x0000, 0x0000, 0x0000, 0x0000, 0x0000, 0x0000, 0x0000, 0x0000, 0x0000, 0x0000, 0x0000, 0x0000,
  0x0000, 0x0000, 0x0000, 0x0000, 0x0000, 0x0000, 0x0000, 0x0020, 0x0000, 0x0000, 0x0000, 0x0000,
  0x0000, 0x0000, 0x0000, 0x0000, 0x0000, 0x0000, 0x0000, 0x0000, 0x0000, 0x0000, 0x0000, 0x0000,
  0x0000, 0x0000, 0x0000, 0x0000, 0x0000, 0x0000, 0x0000, 0x0000, 0x0000, 0x0000, 0x0000, 0x0000,
  0x0000, 0x0000, 0x0000, 0x0000, 0x0000, 0x0000, 0x0000, 0x0000, 0x0000, 0x0020, 0x0000, 0x0000,
  0x0000, 0x0020, 0x0000, 0x0000, 0x31A6, 0x3186, 0x2966, 0x3187, 0x31A7, 0x2966, 0x2126, 0x31A8,
  0x2965, 0x31A6, 0x18E3, 0x31A7, 0x2946, 0x39C8, 0x10A3, 0x2125, 0x20E4, 0x18C4, 0x2104, 0x2104,
  0x39A7, 0x39E8, 0x20E4, 0x2925, 0x41E8, 0x31A6, 0x0000, 0x0020, 0x0000, 0x0000, 0x0000, 0x0000,
  0x0000, 0x0000, 0x0000, 0x0000, 0x0000, 0x0000, 0x0000, 0x0000, 0x0000, 0x0000, 0x0000, 0x0000,
  0x0000, 0x0000, 0x0000, 0x0000, 0x0000, 0x0000, 0x0000, 0x0000, 0x0000, 0x0000, 0x0000, 0x0000,
  0x0000, 0x0000, 0x0000, 0x0000, 0x0000, 0x0000, 0x0000, 0x0000, 0x0000, 0x0000, 0x0000, 0x0000,
  0x0000, 0x0000, 0x0000, 0x0000, 0x0000, 0x0000, 0x0000, 0x0000, 0x0000, 0x0000, 0x0000, 0x0000,
  0x0000, 0x0000, 0x0000, 0x0000, 0x0000, 0x0000, 0x0000, 0x0000, 0x0000, 0x0000, 0x0000, 0x0000,
  0x0000, 0x0000, 0x0000, 0x0000, 0x0000, 0x0000, 0x0861, 0x39E7, 0x18C3, 0x39C7, 0x10A2, 0x3186,
  0x2104, 0x3186, 0x31A6, 0x10A2, 0x2104, 0x10A2, 0x18C3, 0x39C7, 0x31A6, 0x2945, 0x39C7, 0x2965,
  0x2945, 0x2945, 0x2945, 0x3186, 0x2945, 0x2945, 0x31A6, 0x18E3, 0x3186, 0x0000, 0x0000, 0x0020,
  0x0000, 0x0000, 0x0000, 0x0000, 0x0000, 0x0000, 0x0000, 0x0000, 0x0000, 0x0000, 0x0000, 0x0000,
  0x0000, 0x0000, 0x0000, 0x0000, 0x0000, 0x0000, 0x0000, 0x0000, 0x0000, 0x0000, 0x0000, 0x0000,
  0x0000, 0x0000, 0x0000, 0x0000, 0x0000, 0x0000, 0x0000, 0x0000, 0x0000, 0x0000, 0x0000, 0x0000,
  0x0000, 0x0000, 0x0000, 0x0000, 0x0000, 0x0000, 0x0000, 0x0000, 0x0000, 0x0000, 0x0000, 0x0000,
  0x0000, 0x0000, 0x0000, 0x0000, 0x0000, 0x0000, 0x0000, 0x0000, 0x0000, 0x0000, 0x0000, 0x0000,
  0x0000, 0x0000, 0x0000, 0x0000, 0x0000, 0x0000, 0x0000, 0x0000, 0x0000, 0x0000, 0x0000, 0x0000,
  0x0000, 0x0000, 0x0000, 0x0000, 0x0000, 0x0000, 0x0000, 0x0000, 0x0000, 0x0000, 0x0000, 0x0000,
  0x0000, 0x0000, 0x0000, 0x0000, 0x0000, 0x0000, 0x0000, 0x0000, 0x0000, 0x0000, 0x0000, 0x0000,
  0x0000, 0x0000, 0x0000, 0x0000, 0x0000, 0x0000, 0x0000, 0x0000, 0x0000, 0x0000, 0x0000, 0x0000,
  0x0000, 0x0000, 0x0000, 0x0000, 0x0000, 0x0000, 0x0000, 0x0000, 0x0000, 0x0000, 0x0000, 0x0000,
  0x0000, 0x0000, 0x0000, 0x0000, 0x0000, 0x0020, 0x0000, 0x0000, 0x2104, 0x2966, 0x2965, 0x3186,
  0x2966, 0x31A7, 0x3188, 0x3187, 0x39C7, 0x3186, 0x18C3, 0x2965, 0x2104, 0x39E7, 0x18C3, 0x3186,
  0x3186, 0x3166, 0x3126, 0x2966, 0x2965, 0x2945, 0x4A69, 0x39C7, 0x3186, 0x31A6, 0x31A7, 0x0020,
  0x0020, 0x0000, 0x0000, 0x0000, 0x0000, 0x0000, 0x0000, 0x0000, 0x0000, 0x0000, 0x0000, 0x0000,
  0x0000, 0x0000, 0x0000, 0x0000, 0x0000, 0x0000, 0x0000, 0x0000, 0x0000, 0x0000, 0x0000, 0x0000,
  0x0000, 0x0000, 0x0000, 0x0000, 0x0000, 0x0000, 0x0000, 0x0000, 0x0000, 0x0000, 0x0000, 0x0000,
  0x0000, 0x0000, 0x0000, 0x0000, 0x0000, 0x0000, 0x0000, 0x0000, 0x0000, 0x0000, 0x0000, 0x0000,
  0x0000, 0x0000, 0x0000, 0x0000, 0x0000, 0x0000, 0x0000, 0x0000, 0x0000, 0x0000, 0x0000, 0x0000,
  0x0000, 0x0000, 0x0000, 0x0000, 0x0000, 0x0000, 0x0000, 0x0000, 0x0000, 0x0000, 0x0000, 0x0020,
  0x0000, 0x3186, 0x31A6, 0x2965, 0x3186, 0x2124, 0x4208, 0x3186, 0x2965, 0x2104, 0x3186, 0x2945,
  0x10A2, 0x2945, 0x2965, 0x2945, 0x2945, 0x0841, 0x10A2, 0x0861, 0x39E7, 0x31A6, 0x2945, 0x39C7,
  0x3186, 0x2124, 0x4228, 0x18E3, 0x18E3, 0x0000, 0x0000, 0x0000, 0x0000, 0x0000, 0x0000, 0x0000,
  0x0000, 0x0000, 0x0020, 0x0020, 0x0000, 0x0000, 0x0000, 0x0000, 0x0000, 0x0000, 0x0000, 0x0000,
  0x0000, 0x0000, 0x0000, 0x0000, 0x0000, 0x0000, 0x0000, 0x0000, 0x0000, 0x0000, 0x0000, 0x0000,
  0x0000, 0x0000, 0x0000, 0x0000, 0x0000, 0x0000, 0x0000, 0x0000, 0x0000, 0x0000, 0x0000, 0x0000,
  0x0000, 0x0000, 0x0000, 0x0000, 0x0000, 0x0000, 0x0000, 0x0000, 0x0000, 0x0000, 0x0000, 0x0000,
  0x0000, 0x0000, 0x0000, 0x0000, 0x0000, 0x0000, 0x0000, 0x0000, 0x0000, 0x0000, 0x0000, 0x0000,
  0x0000, 0x0000, 0x0000, 0x0000, 0x0000, 0x0000, 0x0000, 0x0000, 0x0000, 0x0000, 0x0000, 0x0000,
  0x0000, 0x0000, 0x0000, 0x0000, 0x0000, 0x0000, 0x0000, 0x0000, 0x0000, 0x0000, 0x0000, 0x0000,
  0x0000, 0x0000, 0x0000, 0x0000, 0x0000, 0x0000, 0x0000, 0x0000, 0x0000, 0x0000, 0x0000, 0x0000,
  0x0841, 0x0841, 0x0000, 0x0000, 0x0000, 0x0000, 0x0000, 0x0000, 0x0000, 0x0000, 0x0000, 0x0000,
  0x0000, 0x0000, 0x0000, 0x0000, 0x0020, 0x0020, 0x0000, 0x0000, 0x0000, 0x0000, 0x0000, 0x0000,
  0x1082, 0x2125, 0x2986, 0x31A6, 0x2124, 0x18C3, 0x3187, 0x3186, 0x3187, 0x3186, 0x2125, 0x39E7,
  0x31A7, 0x2965, 0x4208, 0x3166, 0x39A7, 0x18E3, 0x2966, 0x3166, 0x20E4, 0x18C3, 0x18C3, 0x39E7,
  0x31C7, 0x2966, 0x2945, 0x0000, 0x0000, 0x0020, 0x0020, 0x0020, 0x0000, 0x0000, 0x0000, 0x0000,
  0x0000, 0x0000, 0x0000, 0x0000, 0x0000, 0x0000, 0x0000, 0x0000, 0x0000, 0x0000, 0x0000, 0x0000,
  0x0000, 0x0000, 0x0000, 0x0000, 0x0000, 0x0000, 0x0000, 0x0000, 0x0000, 0x0000, 0x0000, 0x0000,
  0x0000, 0x0000, 0x0000, 0x0000, 0x0000, 0x0000, 0x0000, 0x0000, 0x0000, 0x0000, 0x0000, 0x0000,
  0x0000, 0x0000, 0x0000, 0x0000, 0x0000, 0x0000, 0x0000, 0x0000, 0x0000, 0x0000, 0x0000, 0x0000,
  0x0000, 0x0000, 0x0000, 0x0000, 0x0000, 0x0000, 0x0000, 0x0000, 0x0000, 0x0000, 0x0000, 0x0000,
  0x0000, 0x0000, 0x0000, 0x0000, 0x0000, 0x0000, 0x0000, 0x0841, 0x18C3, 0x3186, 0x3186, 0x2945,
  0x2945, 0x2965, 0x2945, 0x39C7, 0x2104, 0x2124, 0x4228, 0x39E7, 0x1082, 0x39C7, 0x39E7, 0x2104,
  0x2945, 0x2945, 0x2945, 0x31A6, 0x31A6, 0x2124, 0x2124, 0x2124, 0x3186, 0x31A6, 0x3186, 0x10A2,
  0x10A2, 0x0000, 0x0020, 0x0000, 0x0000, 0x0000, 0x0000, 0x0000, 0x0020, 0x0020, 0x0000, 0x0000,
  0x0000, 0x0000, 0x0000, 0x0000, 0x0000, 0x0000, 0x0000, 0x0000, 0x0000, 0x0000, 0x0000, 0x0000,
  0x0000, 0x0000, 0x0000, 0x0000, 0x0000, 0x0000, 0x0000, 0x0000, 0x0000, 0x0000, 0x0000, 0x0000,
  0x0000, 0x0000, 0x0000, 0x0000, 0x0000, 0x0000, 0x0000, 0x0000, 0x0000, 0x0000, 0x0000, 0x0000,
  0x0000, 0x0000, 0x0000, 0x0000, 0x0000, 0x0000, 0x0000, 0x0000, 0x0000, 0x0000, 0x0000, 0x0000,
  0x0000, 0x0000, 0x0000, 0x0000, 0x0000, 0x0000, 0x0000, 0x0000, 0x0000, 0x0000, 0x0000, 0x0000,
  0x0000, 0x0000, 0x0000, 0x0000, 0x0000, 0x0000, 0x0000, 0x0000, 0x0000, 0x0000, 0x0000, 0x0000,
  0x0000, 0x0000, 0x0000, 0x0000, 0x0000, 0x0000, 0x0000, 0x0000, 0x0000, 0x0000, 0x0000, 0x0000,
  0x0000, 0x0000, 0x0000, 0x0000, 0x0000, 0x0000, 0x0841, 0x0841, 0x0000, 0x0000, 0x0000, 0x0000,
  0x0000, 0x0000, 0x0000, 0x0000, 0x0000, 0x0000, 0x0000, 0x0000, 0x0000, 0x0000, 0x0020, 0x0020,
  0x0000, 0x0000, 0x0000, 0x0000, 0x0020, 0x10A2, 0x2124, 0x3A08, 0x2986, 0x2124, 0x4228, 0x31A6,
  0x3187, 0x39E9, 0x0020, 0x4208, 0x31A7, 0x3186, 0x18A3, 0x3186, 0x2124, 0x10A3, 0x41E8, 0x31A6,
  0x2125, 0x31A7, 0x31A6, 0x3186, 0x18A3, 0x3186, 0x3186, 0x31A7, 0x39A7, 0x0841, 0x0000, 0x0020,
  0x0020, 0x0020, 0x0000, 0x0000, 0x0000, 0x0000, 0x0000, 0x0000, 0x0000, 0x0000, 0x0000, 0x0000,
  0x0000, 0x0000, 0x0000, 0x0000, 0x0000, 0x0000, 0x0000, 0x0000, 0x0000, 0x0000, 0x0000, 0x0000,
  0x0000, 0x0000, 0x0000, 0x0000, 0x0000, 0x0000, 0x0000, 0x0000, 0x0000, 0x0000, 0x0000, 0x0000,
  0x0000, 0x0000, 0x0000, 0x0000, 0x0000, 0x0000, 0x0000, 0x0000, 0x0000, 0x0000, 0x0000, 0x0000,
  0x0000, 0x0000, 0x0000, 0x0000, 0x0000, 0x0000, 0x0000, 0x0000, 0x0000, 0x0000, 0x0000, 0x0000,
  0x0000, 0x0000, 0x0000, 0x0000, 0x0000, 0x0000, 0x0000, 0x0000, 0x0000, 0x0000, 0x0000, 0x0000,
  0x0000, 0x0000, 0x0000, 0x39C7, 0x2945, 0x2945, 0x39C7, 0x31A6, 0x31A6, 0x2965, 0x31A6, 0x2965,
  0x39E7, 0x2965, 0x31A6, 0x39C7, 0x31A6, 0x18E3, 0x18C3, 0x3186, 0x3186, 0x31A6, 0x0841, 0x10A2,
  0x2965, 0x5ACB, 0x18C3, 0x39C7, 0x3186, 0x39C7, 0x31A6, 0x0000, 0x0000, 0x0020, 0x0000, 0x0000,
  0x0000, 0x0000, 0x0000, 0x0000, 0x0000, 0x0000, 0x0000, 0x0000, 0x0000, 0x0000, 0x0000, 0x0000,
  0x0000, 0x0000, 0x0000, 0x0000, 0x0000, 0x0000, 0x0000, 0x0000, 0x0000, 0x0000, 0x0000, 0x0000,
  0x0000, 0x0000, 0x0000, 0x0000, 0x0000, 0x0000, 0x0000, 0x0000, 0x0000, 0x0000, 0x0000, 0x0000,
  0x0000, 0x0000, 0x0000, 0x0000, 0x0000, 0x0000, 0x0000, 0x0000, 0x0000, 0x0000, 0x0000, 0x0000,
  0x0000, 0x0000, 0x0000, 0x0000, 0x0000, 0x0000, 0x0000, 0x0000, 0x0000, 0x0000, 0x0000, 0x0000,
  0x0000, 0x0000, 0x0000, 0x0000, 0x0000, 0x0000, 0x0000, 0x0000, 0x0000, 0x0000, 0x0000, 0x0000,
  0x0000, 0x0000, 0x0000, 0x0000, 0x0000, 0x0000, 0x0000, 0x0000, 0x0000, 0x0000, 0x0000, 0x0000,
  0x0000, 0x0000, 0x0000, 0x0000, 0x0000, 0x0000, 0x0000, 0x0000, 0x0000, 0x0000, 0x0000, 0x0000,
  0x0000, 0x0000, 0x0000, 0x0000, 0x0000, 0x0000, 0x0000, 0x0000, 0x0000, 0x0000, 0x0000, 0x0000,
  0x0000, 0x0000, 0x0000, 0x0000, 0x0000, 0x0000, 0x0000, 0x0020, 0x0020, 0x0020, 0x0041, 0x39E8,
  0x31A8, 0x31A7, 0x2125, 0x0861, 0x31A6, 0x2125, 0x3187, 0x31A8, 0x3186, 0x4A4A, 0x2965, 0x0841,
  0x2105, 0x3127, 0x2945, 0x20C4, 0x2104, 0x2104, 0x18E3, 0x2124, 0x2965, 0x3166, 0x3165, 0x3166,
  0x20E4, 0x18E3, 0x18E3, 0x0040, 0x0000, 0x0000, 0x0000, 0x0000, 0x0000, 0x0000, 0x0000, 0x0000,
  0x0000, 0x0000, 0x0000, 0x0000, 0x0000, 0x0000, 0x0000, 0x0000, 0x0000, 0x0000, 0x0000, 0x0000,
  0x0000, 0x0000, 0x0000, 0x0000, 0x0000, 0x0000, 0x0000, 0x0000, 0x0000, 0x0000, 0x0000, 0x0000,
  0x0000, 0x0000, 0x0000, 0x0000, 0x0000, 0x0000, 0x0000, 0x0000, 0x0000, 0x0000, 0x0000, 0x0000,
  0x0000, 0x0000, 0x0000, 0x0000, 0x0000, 0x0000, 0x0000, 0x0000, 0x0000, 0x0000, 0x0000, 0x0000,
  0x0000, 0x0000, 0x0000, 0x0000, 0x0000, 0x0000, 0x0000, 0x0000, 0x0000, 0x0000, 0x0000, 0x0000,
  0x0000, 0x0000, 0x0000, 0x0000, 0x0000, 0x0000, 0x0000, 0x0000, 0x0020, 0x0000, 0x1082, 0x2965,
  0x18E3, 0x39C7, 0x0861, 0x39C7, 0x2104, 0x31A6, 0x2945, 0x18E3, 0x39C7, 0x31A6, 0x10A2, 0x18C3,
  0x2104, 0x1082, 0x2124, 0x2945, 0x2965, 0x2965, 0x18C3, 0x3186, 0x2965, 0x39C7, 0x31A6, 0x3186,
  0x3186, 0x2945, 0x0020, 0x0000, 0x0000, 0x0020, 0x0000, 0x0000, 0x0000, 0x0000, 0x0000, 0x0000,
  0x0000, 0x0000, 0x0000, 0x0000, 0x0000, 0x0000, 0x0000, 0x0000, 0x0000, 0x0000, 0x0000, 0x0000,
  0x0000, 0x0000, 0x0000, 0x0000, 0x0000, 0x0000, 0x0000, 0x0000, 0x0000, 0x0000, 0x0000, 0x0000,
  0x0000, 0x0000, 0x0000, 0x0000, 0x0000, 0x0000, 0x0000, 0x0000, 0x0000, 0x0000, 0x0000, 0x0000,
  0x0000, 0x0000, 0x0000, 0x0000, 0x0000, 0x0000, 0x0000, 0x0000, 0x0000, 0x0000, 0x0000, 0x0000,
  0x0000, 0x0000, 0x0000, 0x0000, 0x0000, 0x0000, 0x0000, 0x0000, 0x0000, 0x0000, 0x0000, 0x0000,
  0x0000, 0x0000, 0x0000, 0x0000, 0x0000, 0x0000, 0x0000, 0x0000, 0x0000, 0x0000, 0x0000, 0x0000,
  0x0000, 0x0000, 0x0000, 0x0000, 0x0000, 0x0000, 0x0000, 0x0000, 0x0000, 0x0000, 0x0000, 0x0000,
  0x0000, 0x0000, 0x0000, 0x0000, 0x0000, 0x0000, 0x0000, 0x0000, 0x0000, 0x0000, 0x0000, 0x0000,
  0x0000, 0x0000, 0x0000, 0x0000, 0x0000, 0x0000, 0x0000, 0x0000, 0x0000, 0x0000, 0x0000, 0x0000,
  0x0020, 0x0000, 0x0000, 0x3186, 0x39C8, 0x31A7, 0x3187, 0x3187, 0x2965, 0x4A49, 0x2965, 0x3186,
  0x2125, 0x18E4, 0x3186, 0x20C5, 0x18E4, 0x18C3, 0x18C3, 0x28E5, 0x1082, 0x39A7, 0x1062, 0x18E3,
  0x31A6, 0x3186, 0x2124, 0x2124, 0x2965, 0x18E3, 0x39A7, 0x0000, 0x0000, 0x0000, 0x0000, 0x0000,
  0x0000, 0x0000, 0x0000, 0x0000, 0x0000, 0x0000, 0x0000, 0x0000, 0x0000, 0x0000, 0x0000, 0x0000,
  0x0000, 0x0000, 0x0000, 0x0000, 0x0000, 0x0000, 0x0000, 0x0000, 0x0000, 0x0000, 0x0000, 0x0000,
  0x0000, 0x0000, 0x0000, 0x0000, 0x0000, 0x0000, 0x0000, 0x0000, 0x0000, 0x0000, 0x0000, 0x0000,
  0x0000, 0x0000, 0x0000, 0x0000, 0x0000, 0x0000, 0x0000, 0x0000, 0x0000, 0x0000, 0x0000, 0x0000,
  0x0000, 0x0000, 0x0000, 0x0000, 0x0000, 0x0000, 0x0000, 0x0000, 0x0000, 0x0000, 0x0000, 0x0000,
  0x0000, 0x0000, 0x0000, 0x0000, 0x0000, 0x0000, 0x0000, 0x0000, 0x0000, 0x0000, 0x0000, 0x0000,
  0x0000, 0x0000, 0x0020, 0x0000, 0x18C3, 0x39C7, 0x31A6, 0x18C3, 0x31A6, 0x2124, 0x4208, 0x31A6,
  0x2945, 0x10A2, 0x18C3, 0x2945, 0x39C7, 0x39C7, 0x2965, 0x2124, 0x4228, 0x2965, 0x1082, 0x18C3,
  0x2945, 0x2124, 0x31A6, 0x2945, 0x18C3, 0x18E3, 0x39E7, 0x2104, 0x39E7, 0x10A2, 0x0020, 0x0000,
  0x0020, 0x0000, 0x0000, 0x0000, 0x0000, 0x0020, 0x0000, 0x0000, 0x0000, 0x0000, 0x0000, 0x0000,
  0x0000, 0x0000, 0x0000, 0x0000, 0x0000, 0x0000, 0x0000, 0x0000, 0x0000, 0x0000, 0x0000, 0x0000,
  0x0000, 0x0000, 0x0000, 0x0000, 0x0000, 0x0000, 0x0000, 0x0000, 0x0000, 0x0000, 0x0000, 0x0000,
  0x0000, 0x0000, 0x0000, 0x0000, 0x0000, 0x0000, 0x0000, 0x0000, 0x0000, 0x0000, 0x0000, 0x0000,
  0x0000, 0x0000, 0x0000, 0x0000, 0x0000, 0x0000, 0x0000, 0x0000, 0x0000, 0x0000, 0x0000, 0x0000,
  0x0000, 0x0000, 0x0000, 0x0000, 0x0000, 0x0000, 0x0000, 0x0000, 0x0000, 0x0000, 0x0000, 0x0000,
  0x0000, 0x0000, 0x0000, 0x0000, 0x0000, 0x0000, 0x0000, 0x0000, 0x0000, 0x0000, 0x0000, 0x0000,
  0x0000, 0x0020, 0x0841, 0x0000, 0x0000, 0x0000, 0x0000, 0x0000, 0x0000, 0x0000, 0x0000, 0x0000,
  0x0000, 0x0000, 0x0000, 0x0000, 0x0000, 0x0000, 0x0000, 0x0000, 0x0000, 0x0000, 0x0000, 0x0020,
  0x0000, 0x0000, 0x0000, 0x0000, 0x0000, 0x0020, 0x0000, 0x18C3, 0x2945, 0x2945, 0x18C3, 0x0861,
  0x3186, 0x2124, 0x2104, 0x10C3, 0x3186, 0x2945, 0x4208, 0x2104, 0x4229, 0x2906, 0x1082, 0x1082,
  0x2966, 0x39A7, 0x2104, 0x18C3, 0x3186, 0x3186, 0x31A6, 0x18E3, 0x2945, 0x2925, 0x3186, 0x1082,
  0x0861, 0x0020, 0x0020, 0x0000, 0x0000, 0x0000, 0x0000, 0x0000, 0x0000, 0x0000, 0x0000, 0x0000,
  0x0000, 0x0000, 0x0000, 0x0000, 0x0000, 0x0000, 0x0000, 0x0000, 0x0000, 0x0000, 0x0000, 0x0000,
  0x0000, 0x0000, 0x0000, 0x0000, 0x0000, 0x0000, 0x0000, 0x0000, 0x0000, 0x0000, 0x0000, 0x0000,
  0x0000, 0x0000, 0x0000, 0x0000, 0x0000, 0x0000, 0x0000, 0x0000, 0x0000, 0x0000, 0x0000, 0x0000,
  0x0000, 0x0000, 0x0000, 0x0000, 0x0000, 0x0000, 0x0000, 0x0000, 0x0000, 0x0000, 0x0000, 0x0000,
  0x0000, 0x0000, 0x0000, 0x0000, 0x0000, 0x0000, 0x0000, 0x0000, 0x0000, 0x0000, 0x0000, 0x0000,
  0x0000, 0x0000, 0x0000, 0x0000, 0x0000, 0x0000, 0x0000, 0x0000, 0x0000, 0x0000, 0x0020, 0x0841,
  0x18E3, 0x2965, 0x3186, 0x39C7, 0x2104, 0x39E7, 0x2104, 0x31A6, 0x2104, 0x2945, 0x18E3, 0x2965,
  0x2965, 0x18C3, 0x39E7, 0x18C3, 0x31A6, 0x2965, 0x2104, 0x18C3, 0x39C7, 0x31A6, 0x39E7, 0x2945,
  0x39C7, 0x2965, 0x2124, 0x39E7, 0x2945, 0x0861, 0x0000, 0x0000, 0x0000, 0x0000, 0x0000, 0x0000,
  0x0000, 0x0000, 0x0000, 0x0000, 0x0000, 0x0000, 0x0000, 0x0000, 0x0000, 0x0000, 0x0000, 0x0000,
  0x0000, 0x0000, 0x0000, 0x0000, 0x0000, 0x0000, 0x0000, 0x0000, 0x0000, 0x0000, 0x0000, 0x0000,
  0x0000, 0x0000, 0x0000, 0x0000, 0x0000, 0x0000, 0x0000, 0x0000, 0x0000, 0x0000, 0x0000, 0x0000,
  0x0000, 0x0000, 0x0000, 0x0000, 0x0000, 0x0000, 0x0000, 0x0000, 0x0000, 0x0000, 0x0000, 0x0000,
  0x0000, 0x0000, 0x0000, 0x0000, 0x0000, 0x0000, 0x0000, 0x0000, 0x0000, 0x0000, 0x0000, 0x0000,
  0x0000, 0x0000, 0x0000, 0x0000, 0x0000, 0x0000, 0x0000, 0x0000, 0x0000, 0x0000, 0x0000, 0x0000,
  0x0000, 0x0000, 0x0000, 0x0000, 0x0000, 0x0000, 0x0000, 0x0000, 0x0020, 0x0000, 0x0000, 0x0000,
  0x0000, 0x0000, 0x0000, 0x0000, 0x0000, 0x0000, 0x0000, 0x0000, 0x0000, 0x0000, 0x0000, 0x0000,
  0x0000, 0x0000, 0x0000, 0x0000, 0x0000, 0x0000, 0x0000, 0x0000, 0x0000, 0x0000, 0x0000, 0x0000,
  0x10A2, 0x4208, 0x2965, 0x3186, 0x3186, 0x2965, 0x39C7, 0x2945, 0x5ACB, 0x18C3, 0x3186, 0x31A7,
  0x2124, 0x10A2, 0x18C4, 0x2927, 0x39C7, 0x3146, 0x18C4, 0x18A3, 0x2926, 0x0862, 0x39C7, 0x39E8,
  0x2945, 0x18C3, 0x39C7, 0x2945, 0x39C7, 0x10A2, 0x0000, 0x0020, 0x0000, 0x0000, 0x0000, 0x0000,
  0x0000, 0x0000, 0x0000, 0x0000, 0x0000, 0x0000, 0x0000, 0x0000, 0x0000, 0x0000, 0x0000, 0x0000,
  0x0000, 0x0000, 0x0000, 0x0000, 0x0000, 0x0000, 0x0000, 0x0000, 0x0000, 0x0000, 0x0000, 0x0000,
  0x0000, 0x0000, 0x0000, 0x0000, 0x0000, 0x0000, 0x0000, 0x0000, 0x0000, 0x0000, 0x0000, 0x0000,
  0x0000, 0x0000, 0x0000, 0x0000, 0x0000, 0x0000, 0x0000, 0x0000, 0x0000, 0x0000, 0x0000, 0x0000,
  0x0000, 0x0000, 0x0000, 0x0000, 0x0000, 0x0000, 0x0000, 0x0000, 0x0000, 0x0000, 0x0000, 0x0000,
  0x0000, 0x0000, 0x0000, 0x0000, 0x0000, 0x0000, 0x0000, 0x0000, 0x0000, 0x0000, 0x0000, 0x0000,
  0x0000, 0x0000, 0x0000, 0x0000, 0x0000, 0x0000, 0x0000, 0x3186, 0x2945, 0x2945, 0x31A6, 0x18E3,
  0x2945, 0x3186, 0x10A2, 0x18C3, 0x2104, 0x0020, 0x0861, 0x18C3, 0x2965, 0x2945, 0x2945, 0x2945,
  0x18C3, 0x18E3, 0x2104, 0x2945, 0x2124, 0x18C3, 0x2104, 0x3186, 0x18E3, 0x3186, 0x2965, 0x3186,
  0x18E3, 0x0861, 0x0020, 0x0020, 0x0000, 0x0000, 0x0000, 0x0000, 0x0020, 0x0861, 0x0000, 0x0000,
  0x0000, 0x0000, 0x0000, 0x0000, 0x0000, 0x0000, 0x0000, 0x0000, 0x0000, 0x0000, 0x0000, 0x0000,
  0x0000, 0x0000, 0x0000, 0x0000, 0x0000, 0x0000, 0x0000, 0x0000, 0x0000, 0x0000, 0x0000, 0x0000,
  0x0000, 0x0000, 0x0000, 0x0000, 0x0000, 0x0000, 0x0000, 0x0000, 0x0000, 0x0000, 0x0000, 0x0000,
  0x0000, 0x0000, 0x0000, 0x0000, 0x0000, 0x0000, 0x0000, 0x0000, 0x0000, 0x0000, 0x0000, 0x0000,
  0x0000, 0x0000, 0x0000, 0x0000, 0x0000, 0x0000, 0x0000, 0x0000, 0x0000, 0x0000, 0x0000, 0x0000,
  0x0000, 0x0000, 0x0000, 0x0000, 0x0000, 0x0000, 0x0000, 0x0000, 0x0000, 0x0000, 0x0000, 0x0000,
  0x0000, 0x0000, 0x0000, 0x0000, 0x0000, 0x0000, 0x0000, 0x0000, 0x0000, 0x0000, 0x0000, 0x0000,
  0x0000, 0x0000, 0x0000, 0x0000, 0x0000, 0x0000, 0x0000, 0x0000, 0x0000, 0x0000, 0x0000, 0x0000,
  0x0000, 0x0020, 0x0000, 0x0020, 0x1082, 0x31A6, 0x2965, 0x2965, 0x39C7, 0x31A6, 0x3185, 0x2945,
  0x2125, 0x2966, 0x2125, 0x2945, 0x3186, 0x18E3, 0x18E3, 0x3186, 0x2945, 0x10A3, 0x3187, 0x3166,
  0x18C3, 0x2906, 0x20E4, 0x18E3, 0x31A6, 0x39C7, 0x31A6, 0x39C7, 0x3186, 0x2124, 0x0000, 0x0000,
  0x0000, 0x0000, 0x0000, 0x0000, 0x0000, 0x0000, 0x0000, 0x0000, 0x0000, 0x0000, 0x0000, 0x0000,
  0x0000, 0x0000, 0x0000, 0x0000, 0x0000, 0x0000, 0x0000, 0x0000, 0x0000, 0x0000, 0x0000, 0x0000,
  0x0000, 0x0000, 0x0000, 0x0000, 0x0000, 0x0000, 0x0000, 0x0000, 0x0000, 0x0000, 0x0000, 0x0000,
  0x0000, 0x0000, 0x0000, 0x0000, 0x0000, 0x0000, 0x0000, 0x0000, 0x0000, 0x0000, 0x0000, 0x0000,
  0x0000, 0x0000, 0x0000, 0x0000, 0x0000, 0x0000, 0x0000, 0x0000, 0x0000, 0x0000, 0x0000, 0x0000,
  0x0000, 0x0000, 0x0000, 0x0000, 0x0000, 0x0000, 0x0000, 0x0000, 0x0000, 0x0000, 0x0000, 0x0000,
  0x0000, 0x0000, 0x0000, 0x0000, 0x0000, 0x0000, 0x0000, 0x0000, 0x0000, 0x0000, 0x0000, 0x0020,
  0x0000, 0x2104, 0x10A2, 0x2965, 0x4208, 0x31A6, 0x3186, 0x18C3, 0x10A2, 0x31A6, 0x2965, 0x2965,
  0x3186, 0x2124, 0x2965, 0x39C7, 0x18E3, 0x31A6, 0x3186, 0x2104, 0x2104, 0x0841, 0x18E3, 0x2965,
  0x18E3, 0x2945, 0x31A6, 0x2124, 0x31A6, 0x2124, 0x2945, 0x4208, 0x0841, 0x0000, 0x0000, 0x0020,
  0x0000, 0x0000, 0x0020, 0x0020, 0x0841, 0x0020, 0x0000, 0x0020, 0x0000, 0x0000, 0x0000, 0x0000,
  0x0000, 0x0000, 0x0000, 0x0000, 0x0000, 0x0000, 0x0000, 0x0000, 0x0000, 0x0000, 0x0000, 0x0000,
  0x0000, 0x0000, 0x0000, 0x0000, 0x0000, 0x0000, 0x0000, 0x0000, 0x0000, 0x0000, 0x0000, 0x0000,
  0x0000, 0x0000, 0x0000, 0x0000, 0x0000, 0x0000, 0x0000, 0x0000, 0x0000, 0x0000, 0x0000, 0x0000,
  0x0000, 0x0000, 0x0000, 0x0000, 0x0000, 0x0000, 0x0000, 0x0000, 0x0000, 0x0000, 0x0000, 0x0000,
  0x0000, 0x0000, 0x0000, 0x0000, 0x0000, 0x0000, 0x0020, 0x0020, 0x0020, 0x0020, 0x0020, 0x0000,
  0x0000, 0x0000, 0x0000, 0x0000, 0x0000, 0x0000, 0x0000, 0x0000, 0x0000, 0x0000, 0x0000, 0x0000,
  0x0000, 0x0000, 0x0000, 0x0000, 0x0000, 0x0000, 0x0000, 0x0000, 0x0000, 0x0000, 0x0020, 0x0000,
  0x0000, 0x0000, 0x0000, 0x0000, 0x0000, 0x0020, 0x0000, 0x0000, 0x0861, 0x2945, 0x3186, 0x2124,
  0x39C7, 0x3186, 0x18C3, 0x2965, 0x2104, 0x2966, 0x2946, 0x3167, 0x4229, 0x2104, 0x1082, 0x3186,
  0x2945, 0x2966, 0x2124, 0x2945, 0x18C4, 0x4208, 0x18C3, 0x2946, 0x18C4, 0x18C3, 0x39C7, 0x18E3,
  0x31A6, 0x18E3, 0x18C3, 0x2945, 0x0000, 0x0000, 0x0000, 0x0000, 0x0000, 0x0000, 0x0000, 0x0000,
  0x0000, 0x0000, 0x0000, 0x0000, 0x0000, 0x0000, 0x0000, 0x0000, 0x0000, 0x0000, 0x0000, 0x0000,
  0x0000, 0x0000, 0x0000, 0x0000, 0x0000, 0x0000, 0x0000, 0x0000, 0x0000, 0x0000, 0x0000, 0x0000,
  0x0000, 0x0000, 0x0000, 0x0000, 0x0000, 0x0000, 0x0000, 0x0000, 0x0000, 0x0000, 0x0000, 0x0000,
  0x0000, 0x0000, 0x0000, 0x0000, 0x0000, 0x0000, 0x0000, 0x0000, 0x0000, 0x0000, 0x0000, 0x0000,
  0x0000, 0x0000, 0x0000, 0x0000, 0x0000, 0x0000, 0x0000, 0x0000, 0x0000, 0x0000, 0x0000, 0x0000,
  0x0000, 0x0000, 0x0000, 0x0000, 0x0000, 0x0000, 0x0000, 0x0000, 0x0000, 0x0000, 0x0000, 0x0000,
  0x0000, 0x0000, 0x0000, 0x0000, 0x0000, 0x0000, 0x0000, 0x0000, 0x0000, 0x2945, 0x2945, 0x3186,
  0x2124, 0x2965, 0x18E3, 0x18E3, 0x18C3, 0x2965, 0x39C7, 0x2945, 0x39C7, 0x1082, 0x31A6, 0x2965,
  0x10A2, 0x10A2, 0x0861, 0x4228, 0x2124, 0x4208, 0x18E3, 0x0861, 0x2124, 0x2945, 0x2965, 0x3186,
  0x2965, 0x2965, 0x2945, 0x31A6, 0x0861, 0x0000, 0x0000, 0x0020, 0x0000, 0x0000, 0x0020, 0x0000,
  0x0020, 0x0020, 0x0000, 0x0000, 0x0000, 0x0000, 0x0000, 0x0000, 0x0000, 0x0000, 0x0000, 0x0000,
  0x0000, 0x0000, 0x0000, 0x0000, 0x0000, 0x0000, 0x0000, 0x0000, 0x0000, 0x0000, 0x0000, 0x0000,
  0x0000, 0x0000, 0x0000, 0x0000, 0x0000, 0x0000, 0x0000, 0x0000, 0x0000, 0x0000, 0x0000, 0x0000,
  0x0000, 0x0000, 0x0000, 0x0000, 0x0000, 0x0000, 0x0000, 0x0000, 0x0000, 0x0000, 0x0000, 0x0000,
  0x0000, 0x0000, 0x0000, 0x0000, 0x0000, 0x0000, 0x0000, 0x0000, 0x0000, 0x0000, 0x0000, 0x0000,
  0x0020, 0x0020, 0x0020, 0x0020, 0x0020, 0x0000, 0x0000, 0x0000, 0x0000, 0x0000, 0x0000, 0x0000,
  0x0000, 0x0000, 0x0000, 0x0000, 0x0000, 0x0000, 0x0000, 0x0000, 0x0000, 0x0000, 0x0000, 0x0000,
  0x0000, 0x0000, 0x0000, 0x0000, 0x0020, 0x0000, 0x0000, 0x0000, 0x0000, 0x0000, 0x0020, 0x0000,
  0x0861, 0x10A2, 0x2965, 0x31A6, 0x2945, 0x2945, 0x2124, 0x31A6, 0x3186, 0x2965, 0x31C7, 0x2966,
  0x2966, 0x2966, 0x2945, 0x2125, 0x4228, 0x4A69, 0x1082, 0x18C3, 0x10A3, 0x1062, 0x18A3, 0x10A3,
  0x20E4, 0x39E7, 0x3186, 0x4A49, 0x3186, 0x2124, 0x18E3, 0x39E7, 0x10A2, 0x0000, 0x0020, 0x0000,
  0x0000, 0x0000, 0x0000, 0x0000, 0x0000, 0x0000, 0x0000, 0x0000, 0x0000, 0x0000, 0x0000, 0x0000,
  0x0000, 0x0000, 0x0000, 0x0000, 0x0000, 0x0000, 0x0000, 0x0000, 0x0000, 0x0000, 0x0000, 0x0000,
  0x0000, 0x0000, 0x0000, 0x0000, 0x0000, 0x0000, 0x0000, 0x0000, 0x0000, 0x0000, 0x0000, 0x0000,
  0x0000, 0x0000, 0x0000, 0x0000, 0x0000, 0x0000, 0x0000, 0x0000, 0x0000, 0x0000, 0x0000, 0x0000,
  0x0000, 0x0000, 0x0000, 0x0000, 0x0000, 0x0000, 0x0000, 0x0000, 0x0000, 0x0000, 0x0000, 0x0000,
  0x0000, 0x0000, 0x0000, 0x0000, 0x0000, 0x0000, 0x0000, 0x0000, 0x0000, 0x0000, 0x0000, 0x0000,
  0x0000, 0x0000, 0x0000, 0x0000, 0x0000, 0x0000, 0x0000, 0x0000, 0x0000, 0x0000, 0x0000, 0x0000,
  0x0000, 0x0020, 0x0020, 0x0000, 0x0841, 0x3186, 0x2945, 0x4A49, 0x3186, 0x2945, 0x2965, 0x39C7,
  0x2965, 0x2965, 0x2945, 0x18C3, 0x2965, 0x2104, 0x2124, 0x2104, 0x10A2, 0x2965, 0x18E3, 0x18C3,
  0x528A, 0x2945, 0x10A2, 0x10A2, 0x2104, 0x31A6, 0x2945, 0x3186, 0x2965, 0x31A6, 0x2104, 0x18E3,
  0x0882, 0x0000, 0x0000, 0x0020, 0x0000, 0x0000, 0x0000, 0x0000, 0x0000, 0x0000, 0x0000, 0x0000,
  0x0000, 0x0000, 0x0000, 0x0000, 0x0000, 0x0000, 0x0000, 0x0000, 0x0000, 0x0000, 0x0000, 0x0000,
  0x0000, 0x0000, 0x0000, 0x0000, 0x0000, 0x0000, 0x0000, 0x0000, 0x0000, 0x0000, 0x0000, 0x0000,
  0x0000, 0x0000, 0x0000, 0x0000, 0x0000, 0x0000, 0x0000, 0x0000, 0x0000, 0x0000, 0x0000, 0x0000,
  0x0000, 0x0000, 0x0000, 0x0000, 0x0000, 0x0000, 0x0000, 0x0000, 0x0000, 0x0000, 0x0000, 0x0000,
  0x0000, 0x0000, 0x0000, 0x0000, 0x0000, 0x0000, 0x0000, 0x0000, 0x0000, 0x0000, 0x0000, 0x0000,
  0x0000, 0x0000, 0x0000, 0x0000, 0x0000, 0x0000, 0x0000, 0x0000, 0x0000, 0x0000, 0x0000, 0x0000,
  0x0000, 0x0000, 0x0000, 0x0000, 0x0000, 0x0000, 0x0000, 0x0000, 0x0000, 0x0000, 0x0000, 0x0000,
  0x0000, 0x0020, 0x0000, 0x0000, 0x0000, 0x18C3, 0x2144, 0x39C7, 0x31A6, 0x2945, 0x2945, 0x2965,
  0x39C7, 0x2124, 0x2124, 0x2945, 0x31A7, 0x1082, 0x39E8, 0x2966, 0x2925, 0x2105, 0x2104, 0x39A7,
  0x3186, 0x31A6, 0x4A29, 0x28E6, 0x4188, 0x18E3, 0x2104, 0x18C3, 0x18E3, 0x2124, 0x2124, 0x31A6,
  0x0020, 0x0000, 0x0000, 0x0020, 0x0000, 0x0000, 0x0000, 0x0000, 0x0000, 0x0000, 0x0000, 0x0000,
  0x0000, 0x0000, 0x0000, 0x0000, 0x0000, 0x0000, 0x0000, 0x0000, 0x0000, 0x0000, 0x0000, 0x0000,
  0x0000, 0x0000, 0x0000, 0x0000, 0x0000, 0x0000, 0x0000, 0x0000, 0x0000, 0x0000, 0x0000, 0x0000,
  0x0000, 0x0000, 0x0000, 0x0000, 0x0000, 0x0000, 0x0000, 0x0000, 0x0000, 0x0000, 0x0000, 0x0000,
  0x0000, 0x0000, 0x0000, 0x0000, 0x0000, 0x0000, 0x0000, 0x0000, 0x0000, 0x0000, 0x0000, 0x0000,
  0x0000, 0x0000, 0x0000, 0x0000, 0x0000, 0x0000, 0x0000, 0x0000, 0x0000, 0x0000, 0x0000, 0x0000,
  0x0000, 0x0000, 0x0000, 0x0000, 0x0000, 0x0000, 0x0000, 0x0000, 0x0000, 0x0000, 0x0000, 0x0000,
  0x0000, 0x0000, 0x0000, 0x0000, 0x0000, 0x0000, 0x0000, 0x0000, 0x0000, 0x0000, 0x1082, 0x18E3,
  0x2104, 0x2104, 0x10A2, 0x39E7, 0x3186, 0x3186, 0x2965, 0x2124, 0x2945, 0x18E3, 0x18E3, 0x18E3,
  0x1082, 0x18E3, 0x1082, 0x2124, 0x3186, 0x2965, 0x2124, 0x31A6, 0x18C3, 0x10A2, 0x2965, 0x3186,
  0x3186, 0x31A6, 0x2124, 0x3186, 0x31A6, 0x39C7, 0x2104, 0x2945, 0x0020, 0x0000, 0x0020, 0x0000,
  0x0000, 0x0000, 0x0000, 0x0000, 0x0000, 0x0000, 0x0000, 0x0000, 0x0000, 0x0000, 0x0000, 0x0000,
  0x0000, 0x0000, 0x0000, 0x0000, 0x0000, 0x0000, 0x0000, 0x0000, 0x0000, 0x0000, 0x0000, 0x0000,
  0x0000, 0x0000, 0x0000, 0x0000, 0x0000, 0x0000, 0x0000, 0x0000, 0x0000, 0x0000, 0x0000, 0x0000,
  0x0000, 0x0000, 0x0000, 0x0000, 0x0000, 0x0000, 0x0000, 0x0000, 0x0000, 0x0000, 0x0000, 0x0000,
  0x0000, 0x0000, 0x0000, 0x0000, 0x0000, 0x0000, 0x0000, 0x0000, 0x0000, 0x0000, 0x0000, 0x0000,
  0x0000, 0x0000, 0x0000, 0x0000, 0x0000, 0x0000, 0x0000, 0x0000, 0x0000, 0x0000, 0x0000, 0x0000,
  0x0000, 0x0000, 0x0000, 0x0000, 0x0000, 0x0000, 0x0000, 0x0000, 0x0000, 0x0000, 0x0000, 0x0000,
  0x0000, 0x0000, 0x0000, 0x0000, 0x0000, 0x0020, 0x0020, 0x0000, 0x0020, 0x10A3, 0x2986, 0x39C9,
  0x18E4, 0x39C7, 0x2945, 0x2945, 0x2965, 0x31A6, 0x2965, 0x2104, 0x39E7, 0x3185, 0x2966, 0x39C8,
  0x31A7, 0x3187, 0x18E3, 0x2104, 0x10A2, 0x2125, 0x18E3, 0x41E8, 0x2104, 0x2905, 0x2946, 0x1083,
  0x2104, 0x0861, 0x2104, 0x39C7, 0x2945, 0x0000, 0x0020, 0x0020, 0x0000, 0x0000, 0x0000, 0x0000,
  0x0000, 0x0000, 0x0000, 0x0000, 0x0000, 0x0000, 0x0000, 0x0000, 0x0000, 0x0000, 0x0000, 0x0000,
  0x0000, 0x0000, 0x0000, 0x0000, 0x0000, 0x0000, 0x0000, 0x0000, 0x0000, 0x0000, 0x0000, 0x0000,
  0x0000, 0x0000, 0x0000, 0x0000, 0x0000, 0x0000, 0x0000, 0x0000, 0x0000, 0x0000, 0x0000, 0x0000,
  0x0000, 0x0000, 0x0000, 0x0000, 0x0000, 0x0000, 0x0000, 0x0000, 0x0000, 0x0000, 0x0000, 0x0000,
  0x0000, 0x0000, 0x0000, 0x0000, 0x0000, 0x0000, 0x0000, 0x0000, 0x0000, 0x0000, 0x0000, 0x0000,
  0x0000, 0x0000, 0x0000, 0x0000, 0x0000, 0x0000, 0x0000, 0x0000, 0x0000, 0x0000, 0x0000, 0x0000,
  0x0000, 0x0000, 0x0000, 0x0000, 0x0000, 0x0000, 0x0000, 0x0000, 0x0000, 0x0000, 0x0000, 0x0000,
  0x0000, 0x0000, 0x0000, 0x0000, 0x0000, 0x0000, 0x2945, 0x39E7, 0x31A6, 0x31A6, 0x18E3, 0x39C7,
  0x2945, 0x39E7, 0x2124, 0x0841, 0x10A2, 0x10A2, 0x2124, 0x31A6, 0x18E3, 0x2945, 0x31A6, 0x18C3,
  0x2124, 0x2124, 0x10A2, 0x31A6, 0x31A6, 0x2965, 0x2965, 0x31A6, 0x0020, 0x2965, 0x3186, 0x31A6,
  0x3186, 0x2965, 0x2965, 0x31A6, 0x0000, 0x0000, 0x0000, 0x0020, 0x0000, 0x0000, 0x0000, 0x0000,
  0x0000, 0x0000, 0x0000, 0x0000, 0x0000, 0x0000, 0x0000, 0x0000, 0x0000, 0x0000, 0x0000, 0x0000,
  0x0000, 0x0000, 0x0000, 0x0000, 0x0000, 0x0000, 0x0000, 0x0000, 0x0000, 0x0000, 0x0000, 0x0000,
  0x0020, 0x10A2, 0x0841, 0x0861, 0x0861, 0x0841, 0x0020, 0x0020, 0x0000, 0x0000, 0x0000, 0x0000,
  0x0000, 0x0000, 0x0000, 0x0000, 0x0000, 0x0000, 0x0000, 0x0000, 0x0000, 0x0000, 0x0000, 0x0000,
  0x0000, 0x0000, 0x0000, 0x0000, 0x0000, 0x0020, 0x0841, 0x0000, 0x0020, 0x0841, 0x0821, 0x0000,
  0x0000, 0x0000, 0x0000, 0x0000, 0x0000, 0x0000, 0x0000, 0x0000, 0x0000, 0x0000, 0x0000, 0x0000,
  0x0000, 0x0000, 0x0841, 0x0841, 0x0020, 0x0000, 0x0000, 0x0000, 0x0000, 0x0020, 0x0000, 0x0000,
  0x0000, 0x1082, 0x2125, 0x39E7, 0x2104, 0x3187, 0x3186, 0x2945, 0x3186, 0x2124, 0x20E4, 0x2925,
  0x10A2, 0x3186, 0x3186, 0x39C7, 0x3186, 0x2966, 0x2125, 0x18E3, 0x2966, 0x41E8, 0x3187, 0x18C3,
  0x18C3, 0x3186, 0x0841, 0x3166, 0x3186, 0x3186, 0x2124, 0x18E3, 0x2945, 0x39C7, 0x0000, 0x0020,
  0x0000, 0x0000, 0x0000, 0x0000, 0x0000, 0x0000, 0x0000, 0x0000, 0x0000, 0x0000, 0x0000, 0x0000,
  0x0000, 0x0000, 0x0000, 0x0000, 0x0000, 0x0000, 0x0000, 0x0000, 0x0000, 0x0000, 0x0000, 0x0000,
  0x0000, 0x0000, 0x0000, 0x0000, 0x0000, 0x0000, 0x0000, 0x0000, 0x0000, 0x0000, 0x0000, 0x0000,
  0x0000, 0x0000, 0x0000, 0x0000, 0x0000, 0x0000, 0x0000, 0x0000, 0x0000, 0x0000, 0x0000, 0x0000,
  0x0000, 0x0000, 0x0000, 0x0000, 0x0000, 0x0000, 0x0000, 0x0000, 0x0000, 0x0000, 0x0000, 0x0000,
  0x0000, 0x0000, 0x0000, 0x0000, 0x0000, 0x0000, 0x0000, 0x0000, 0x0000, 0x0000, 0x0000, 0x0000,
  0x0000, 0x0000, 0x0000, 0x0000, 0x0000, 0x0000, 0x0000, 0x0000, 0x0000, 0x0000, 0x0000, 0x0000,
  0x0000, 0x0000, 0x0000, 0x0000, 0x0000, 0x0000, 0x0000, 0x0000, 0x0000, 0x0000, 0x0020, 0x0000,
  0x1082, 0x10A2, 0x2124, 0x39C7, 0x2965, 0x2104, 0x3186, 0x2965, 0x2124, 0x5ACB, 0x3186, 0x39E7,
  0x528A, 0x3186, 0x3186, 0x2965, 0x3186, 0x39E7, 0x2124, 0x18E3, 0x18E3, 0x2104, 0x2104, 0x2124,
  0x18E3, 0x2965, 0x31A6, 0x31A6, 0x2104, 0x31A6, 0x3186, 0x2965, 0x2965, 0x18E3, 0x4208, 0x0861,
  0x0000, 0x0000, 0x0000, 0x0000, 0x0020, 0x0000, 0x0000, 0x0000, 0x0000, 0x0000, 0x0000, 0x0000,
  0x0000, 0x0000, 0x0000, 0x0000, 0x0000, 0x0000, 0x0000, 0x0000, 0x0000, 0x0000, 0x0000, 0x0000,
  0x0000, 0x0000, 0x0000, 0x0000, 0x0000, 0x0000, 0x0020, 0x1082, 0x0841, 0x0861, 0x10A2, 0x0861,
  0x0000, 0x0020, 0x0000, 0x0000, 0x0000, 0x0000, 0x0000, 0x0000, 0x0000, 0x0000, 0x0000, 0x0000,
  0x0000, 0x0000, 0x0000, 0x0000, 0x0000, 0x0000, 0x0000, 0x0000, 0x0000, 0x0000, 0x0000, 0x0020,
  0x0020, 0x0000, 0x0000, 0x0020, 0x0000, 0x0000, 0x0000, 0x0000, 0x0000, 0x0000, 0x0000, 0x0000,
  0x0000, 0x0000, 0x0000, 0x0000, 0x0000, 0x0000, 0x0000, 0x0000, 0x0000, 0x0000, 0x0000, 0x0000,
  0x0000, 0x0020, 0x0000, 0x0000, 0x0020, 0x2124, 0x39C7, 0x2965, 0x2966, 0x3186, 0x2986, 0x31A7,
  0x31A6, 0x31A6, 0x39C7, 0x18C3, 0x3146, 0x2945, 0x18E3, 0x18C3, 0x1062, 0x2945, 0x2925, 0x2925,
  0x31A7, 0x2925, 0x0841, 0x2925, 0x20E4, 0x2925, 0x2125, 0x3186, 0x39C7, 0x2966, 0x3166, 0x2124,
  0x31A6, 0x3186, 0x3186, 0x18E3, 0x0000, 0x0020, 0x0000, 0x0000, 0x0000, 0x0000, 0x0000, 0x0000,
  0x0000, 0x0000, 0x0000, 0x0000, 0x0000, 0x0000, 0x0000, 0x0000, 0x0000, 0x0000, 0x0000, 0x0000,
  0x0000, 0x0000, 0x0000, 0x0000, 0x0000, 0x0000, 0x0000, 0x0000, 0x0000, 0x0000, 0x0000, 0x0000,
  0x0000, 0x0000, 0x0000, 0x0000, 0x0000, 0x0000, 0x0000, 0x0000, 0x0000, 0x0000, 0x0000, 0x0000,
  0x0000, 0x0000, 0x0000, 0x0000, 0x0000, 0x0000, 0x0000, 0x0000, 0x0000, 0x0000, 0x0000, 0x0000,
  0x0000, 0x0000, 0x0000, 0x0000, 0x0000, 0x0000, 0x0000, 0x0000, 0x0000, 0x0000, 0x0000, 0x0000,
  0x0000, 0x0000, 0x0000, 0x0000, 0x0000, 0x0000, 0x0000, 0x0000, 0x0000, 0x0000, 0x0000, 0x0000,
  0x0000, 0x0000, 0x0000, 0x0000, 0x0000, 0x0000, 0x0000, 0x0000, 0x0000, 0x0000, 0x0000, 0x0000,
  0x0000, 0x0000, 0x0000, 0x0000, 0x0000, 0x0000, 0x0000, 0x0000, 0x10A2, 0x2945, 0x18E3, 0x2965,
  0x3186, 0x3186, 0x2965, 0x18E3, 0x18E4, 0x18C3, 0x31A6, 0x39C7, 0x3186, 0x39E7, 0x2104, 0x2104,
  0x2104, 0x18E3, 0x3186, 0x3186, 0x2945, 0x4228, 0x31A6, 0x18C3, 0x2965, 0x31A6, 0x3186, 0x2965,
  0x2104, 0x3186, 0x2965, 0x39C7, 0x10A2, 0x39C7, 0x39E7, 0x2104, 0x0841, 0x0841, 0x0000, 0x0000,
  0x0020, 0x0000, 0x0000, 0x0000, 0x0000, 0x0000, 0x0000, 0x0000, 0x0000, 0x0000, 0x0000, 0x0000,
  0x0000, 0x0000, 0x0000, 0x0000, 0x0000, 0x0000, 0x0000, 0x0000, 0x0000, 0x0000, 0x0000, 0x0000,
  0x0000, 0x0000, 0x0000, 0x0000, 0x0000, 0x0000, 0x0000, 0x0000, 0x0000, 0x0000, 0x0000, 0x0000,
  0x0000, 0x0000, 0x0000, 0x0000, 0x0000, 0x0000, 0x0000, 0x0000, 0x0000, 0x0000, 0x0000, 0x0000,
  0x0000, 0x0000, 0x0000, 0x0000, 0x0000, 0x0000, 0x0000, 0x0000, 0x0000, 0x0000, 0x0000, 0x0000,
  0x0000, 0x0000, 0x0000, 0x0000, 0x0000, 0x0000, 0x0000, 0x0000, 0x0000, 0x0000, 0x0000, 0x0000,
  0x0000, 0x0000, 0x0000, 0x0000, 0x0020, 0x0020, 0x0000, 0x0000, 0x0841, 0x1904, 0x31A7, 0x31A6,
  0x2104, 0x2965, 0x2124, 0x39C8, 0x39A8, 0x2946, 0x2104, 0x2145, 0x1082, 0x1062, 0x1083, 0x1082,
  0x10A2, 0x2104, 0x2945, 0x4A29, 0x18C3, 0x1082, 0x20E4, 0x18A3, 0x3166, 0x3987, 0x18C3, 0x2105,
  0x2126, 0x2966, 0x18C3, 0x2966, 0x2965, 0x2104, 0x3186, 0x18C3, 0x3186, 0x0000, 0x0020, 0x0000,
  0x0000, 0x0000, 0x0000, 0x0000, 0x0000, 0x0000, 0x0000, 0x0000, 0x0000, 0x0000, 0x0000, 0x0000,
  0x0000, 0x0000, 0x0000, 0x0000, 0x0000, 0x0000, 0x0000, 0x0000, 0x0000, 0x0000, 0x0000, 0x0000,
  0x0000, 0x0000, 0x0000, 0x0000, 0x0000, 0x0000, 0x0000, 0x0000, 0x0000, 0x0000, 0x0000, 0x0000,
  0x0000, 0x0000, 0x0000, 0x0000, 0x0000, 0x0000, 0x0000, 0x0000, 0x0000, 0x0000, 0x0000, 0x0000,
  0x0000, 0x0000, 0x0000, 0x0000, 0x0000, 0x0000, 0x0000, 0x0000, 0x0000, 0x0000, 0x0000, 0x0000,
  0x0000, 0x0000, 0x0000, 0x0000, 0x0000, 0x0000, 0x0000, 0x0000, 0x0000, 0x0000, 0x0000, 0x0000,
  0x0000, 0x0000, 0x0000, 0x0000, 0x0000, 0x0000, 0x0000, 0x0000, 0x0000, 0x0000, 0x0000, 0x0000,
  0x0000, 0x0000, 0x0000, 0x0000, 0x0000, 0x0000, 0x0000, 0x0000, 0x0000, 0x0000, 0x0000, 0x0000,
  0x0000, 0x0020, 0x0000, 0x0000, 0x2945, 0x39E7, 0x31A6, 0x2104, 0x2945, 0x3186, 0x3186, 0x31A6,
  0x1082, 0x10A2, 0x2965, 0x2104, 0x2965, 0x4228, 0x18E3, 0x2965, 0x2124, 0x2124, 0x2965, 0x2124,
  0x2104, 0x2945, 0x39E7, 0x2965, 0x31A6, 0x2965, 0x2124, 0x31A6, 0x3186, 0x31A6, 0x2965, 0x2945,
  0x2965, 0x2965, 0x31A6, 0x18E3, 0x10A2, 0x0020, 0x0000, 0x0000, 0x0020, 0x0000, 0x0000, 0x0000,
  0x0000, 0x0000, 0x0000, 0x0000, 0x0000, 0x0020, 0x0020, 0x0020, 0x0000, 0x0000, 0x0000, 0x0000,
  0x0000, 0x0000, 0x0000, 0x0000, 0x0000, 0x0000, 0x0000, 0x0000, 0x0000, 0x0000, 0x0020, 0x0000,
  0x0000, 0x0000, 0x0000, 0x0000, 0x0000, 0x0000, 0x0000, 0x0000, 0x0000, 0x0000, 0x0000, 0x0000,
  0x0000, 0x0000, 0x0000, 0x0000, 0x0000, 0x0000, 0x0000, 0x0000, 0x0000, 0x0000, 0x0000, 0x0000,
  0x0000, 0x0000, 0x0000, 0x0000, 0x0000, 0x0000, 0x0000, 0x0000, 0x0000, 0x0841, 0x0020, 0x0841,
  0x0000, 0x0000, 0x0000, 0x0000, 0x0000, 0x0000, 0x0000, 0x0020, 0x0020, 0x0000, 0x0000, 0x0000,
  0x0841, 0x1082, 0x2966, 0x3187, 0x2124, 0x31A6, 0x2104, 0x31A6, 0x31A6, 0x2125, 0x2966, 0x2124,
  0x31A7, 0x0862, 0x0861, 0x2104, 0x3968, 0x3146, 0x18E3, 0x31A7, 0x39E8, 0x3186, 0x39A7, 0x41E9,
  0x2926, 0x18C3, 0x3166, 0x20C4, 0x2925, 0x0841, 0x3166, 0x39A7, 0x18C3, 0x3186, 0x2104, 0x39C7,
  0x39E7, 0x0020, 0x0020, 0x0000, 0x0000, 0x0000, 0x0000, 0x0000, 0x0000, 0x0000, 0x0000, 0x0000,
  0x0000, 0x0000, 0x0000, 0x0000, 0x0000, 0x0000, 0x0000, 0x0000, 0x0000, 0x0000, 0x0000, 0x0000,
  0x0000, 0x0000, 0x0000, 0x0000, 0x0000, 0x0000, 0x0000, 0x0000, 0x0000, 0x0000, 0x0000, 0x0000,
  0x0000, 0x0000, 0x0000, 0x0000, 0x0000, 0x0000, 0x0000, 0x0000, 0x0000, 0x0000, 0x0000, 0x0000,
  0x0000, 0x0000, 0x0000, 0x0000, 0x0000, 0x0000, 0x0000, 0x0000, 0x0000, 0x0000, 0x0000, 0x0000,
  0x0000, 0x0000, 0x0000, 0x0000, 0x0000, 0x0000, 0x0000, 0x0000, 0x0000, 0x0000, 0x0000, 0x0000,
  0x0000, 0x0000, 0x0000, 0x0000, 0x0000, 0x0000, 0x0000, 0x0000, 0x0000, 0x0000, 0x0000, 0x0000,
  0x0000, 0x0000, 0x0000, 0x0000, 0x0000, 0x0000, 0x0000, 0x0000, 0x0000, 0x0000, 0x0000, 0x0000,
  0x0000, 0x0000, 0x0000, 0x0000, 0x0000, 0x0000, 0x0000, 0x0000, 0x0020, 0x0000, 0x18C3, 0x18C3,
  0x18E3, 0x39C7, 0x2965, 0x31A6, 0x2104, 0x2104, 0x10A2, 0x31A6, 0x3186, 0x3186, 0x39C7, 0x2945,
  0x18E3, 0x10A2, 0x1082, 0x2104, 0x2945, 0x1082, 0x18E3, 0x31A6, 0x3186, 0x39C7, 0x2965, 0x31A6,
  0x3186, 0x2945, 0x2965, 0x31A6, 0x2104, 0x39E7, 0x2104, 0x31A6, 0x31A6, 0x18E3, 0x3186, 0x2124,
  0x18C3, 0x0020, 0x0000, 0x0000, 0x0000, 0x0020, 0x0020, 0x0000, 0x0000, 0x0000, 0x0000, 0x0020,
  0x0020, 0x0020, 0x0000, 0x0000, 0x0000, 0x0000, 0x0000, 0x0000, 0x0000, 0x0000, 0x0000, 0x0000,
  0x0000, 0x0000, 0x0020, 0x0000, 0x0000, 0x0000, 0x0000, 0x0000, 0x0000, 0x0000, 0x0000, 0x0000,
  0x0000, 0x0000, 0x0000, 0x0000, 0x0000, 0x0000, 0x0000, 0x0000, 0x0000, 0x0000, 0x0000, 0x0000,
  0x0000, 0x0020, 0x0020, 0x0000, 0x0000, 0x0000, 0x0000, 0x0000, 0x0000, 0x0000, 0x0000, 0x0841,
  0x0841, 0x0841, 0x0841, 0x0020, 0x0020, 0x0020, 0x0000, 0x0000, 0x0000, 0x0000, 0x0000, 0x0020,
  0x0000, 0x0000, 0x0000, 0x0020, 0x18E3, 0x18E3, 0x39E7, 0x3186, 0x31A7, 0x2966, 0x39A7, 0x2125,
  0x2967, 0x31A7, 0x2925, 0x18A4, 0x3167, 0x0041, 0x2945, 0x31A6, 0x39C7, 0x39C7, 0x1082, 0x2945,
  0x39C7, 0x2104, 0x2945, 0x2145, 0x3166, 0x2965, 0x18A3, 0x3146, 0x2925, 0x2124, 0x2124, 0x3186,
  0x39C7, 0x39A7, 0x3186, 0x3186, 0x18C3, 0x0020, 0x18E3, 0x0000, 0x0000, 0x0000, 0x0000, 0x0000,
  0x0000, 0x0000, 0x0000, 0x0000, 0x0000, 0x0000, 0x0000, 0x0000, 0x0000, 0x0000, 0x0000, 0x0000,
  0x0000, 0x0000, 0x0000, 0x0000, 0x0000, 0x0000, 0x0000, 0x0000, 0x0000, 0x0000, 0x0000, 0x0000,
  0x0000, 0x0000, 0x0000, 0x0000, 0x0000, 0x0000, 0x0000, 0x0000, 0x0000, 0x0000, 0x0000, 0x0000,
  0x0000, 0x0000, 0x0000, 0x0000, 0x0000, 0x0000, 0x0000, 0x0000, 0x0000, 0x0000, 0x0000, 0x0000,
  0x0000, 0x0000, 0x0000, 0x0000, 0x0000, 0x0000, 0x0000, 0x0000, 0x0000, 0x0000, 0x0000, 0x0000,
  0x0000, 0x0000, 0x0000, 0x0000, 0x0000, 0x0000, 0x0000, 0x0000, 0x0000, 0x0000, 0x0000, 0x0000,
  0x0000, 0x0000, 0x0000, 0x0000, 0x0000, 0x0000, 0x0000, 0x0000, 0x0000, 0x0000, 0x0000, 0x0000,
  0x0000, 0x0000, 0x0000, 0x0000, 0x0000, 0x0000, 0x0000, 0x0000, 0x0000, 0x0000, 0x0000, 0x0000,
  0x0000, 0x0000, 0x0000, 0x0000, 0x0000, 0x0000, 0x0040, 0x39E7, 0x2945, 0x39E7, 0x31A6, 0x10A2,
  0x2104, 0x39E7, 0x2104, 0x2104, 0x2104, 0x39C7, 0x2124, 0x2945, 0x4208, 0x0020, 0x1082, 0x18E3,
  0x18E3, 0x2104, 0x39E7, 0x18E3, 0x31A6, 0x1082, 0x39E7, 0x3186, 0x31A6, 0x2965, 0x0841, 0x4208,
  0x2124, 0x2124, 0x2965, 0x3186, 0x3186, 0x2124, 0x31A6, 0x31A6, 0x2965, 0x10A2, 0x0020, 0x0000,
  0x0000, 0x0000, 0x0020, 0x0020, 0x0000, 0x0000, 0x0000, 0x0000, 0x0000, 0x0000, 0x0000, 0x0000,
  0x0000, 0x0000, 0x0000, 0x0000, 0x0000, 0x0000, 0x0000, 0x0000, 0x0000, 0x0000, 0x0000, 0x0000,
  0x0000, 0x0000, 0x0000, 0x0000, 0x0000, 0x0000, 0x0000, 0x0000, 0x0000, 0x0000, 0x0000, 0x0000,
  0x0000, 0x0000, 0x0000, 0x0000, 0x0000, 0x0000, 0x0000, 0x0000, 0x0000, 0x0000, 0x0000, 0x0000,
  0x0000, 0x0000, 0x0000, 0x0000, 0x0000, 0x0841, 0x1082, 0x18C3, 0x0861, 0x0000, 0x0000, 0x0000,
  0x0000, 0x0020, 0x0000, 0x0000, 0x0000, 0x0000, 0x0020, 0x18C3, 0x2965, 0x3186, 0x3186, 0x39C7,
  0x2124, 0x2145, 0x31A6, 0x39C7, 0x3186, 0x18C3, 0x31C8, 0x31A8, 0x3186, 0x2925, 0x18A3, 0x39C8,
  0x10A2, 0x39C7, 0x18E4, 0x31A7, 0x0861, 0x0861, 0x0861, 0x3166, 0x39A7, 0x3186, 0x39E8, 0x18E3,
  0x2124, 0x41E8, 0x2945, 0x3166, 0x3186, 0x2945, 0x31A6, 0x2124, 0x3186, 0x1082, 0x4208, 0x0000,
  0x0000, 0x0000, 0x0000, 0x0000, 0x0000, 0x0000, 0x0000, 0x0000, 0x0000, 0x0000, 0x0000, 0x0000,
  0x0000, 0x0000, 0x0000, 0x0000, 0x0000, 0x0000, 0x0000, 0x0000, 0x0000, 0x0000, 0x0000, 0x0000,
  0x0000, 0x0000, 0x0000, 0x0000, 0x0000, 0x0000, 0x0000, 0x0000, 0x0000, 0x0000, 0x0000, 0x0000,
  0x0000, 0x0000, 0x0000, 0x0000, 0x0000, 0x0000, 0x0000, 0x0000, 0x0000, 0x0000, 0x0000, 0x0000,
  0x0000, 0x0000, 0x0000, 0x0000, 0x0000, 0x0000, 0x0000, 0x0000, 0x0000, 0x0000, 0x0000, 0x0000,
  0x0000, 0x0000, 0x0000, 0x0000, 0x0000, 0x0000, 0x0000, 0x0000, 0x0000, 0x0000, 0x0000, 0x0000,
  0x0000, 0x0000, 0x0000, 0x0000, 0x0000, 0x0000, 0x0000, 0x0000, 0x0000, 0x0000, 0x0000, 0x0000,
  0x0000, 0x0000, 0x0000, 0x0000, 0x0000, 0x0000, 0x0000, 0x0000, 0x0000, 0x0000, 0x0000, 0x0000,
  0x0000, 0x0000, 0x0000, 0x0000, 0x0000, 0x0000, 0x0000, 0x0000, 0x0000, 0x0000, 0x0020, 0x0020,
  0x0020, 0x0821, 0x1082, 0x3186, 0x2965, 0x18C3, 0x18C3, 0x18C3, 0x3186, 0x31A6, 0x2965, 0x2965,
  0x2965, 0x1082, 0x2104, 0x2104, 0x2104, 0x2124, 0x2965, 0x0841, 0x2965, 0x39E7, 0x2945, 0x4A49,
  0x2104, 0x39E7, 0x18E3, 0x31A6, 0x3186, 0x39C7, 0x2965, 0x2965, 0x2965, 0x3186, 0x0861, 0x31A6,
  0x31A6, 0x2945, 0x2965, 0x3186, 0x3186, 0x2965, 0x10A2, 0x0020, 0x0000, 0x0000, 0x0000, 0x0000,
  0x0000, 0x0020, 0x0000, 0x0000, 0x0000, 0x0000, 0x0000, 0x0000, 0x0000, 0x0000, 0x0000, 0x0000,
  0x0021, 0x1082, 0x1082, 0x0020, 0x0000, 0x0020, 0x0020, 0x0020, 0x0020, 0x0020, 0x0020, 0x0020,
  0x0020, 0x0020, 0x0020, 0x0020, 0x0020, 0x0020, 0x0020, 0x0000, 0x0000, 0x0020, 0x0020, 0x0000,
  0x0020, 0x1082, 0x1082, 0x0000, 0x0861, 0x10A2, 0x1062, 0x0000, 0x0000, 0x0020, 0x0000, 0x10A2,
  0x0841, 0x18A3, 0x0000, 0x0000, 0x0020, 0x0000, 0x0000, 0x0000, 0x0000, 0x0000, 0x10A2, 0x10A2,
  0x39C7, 0x31A6, 0x3186, 0x2965, 0x31A6, 0x3186, 0x1082, 0x39E8, 0x2946, 0x31A8, 0x2945, 0x3187,
  0x39E8, 0x2124, 0x2966, 0x2945, 0x3186, 0x18E4, 0x31A7, 0x4228, 0x2124, 0x3166, 0x2125, 0x31A7,
  0x2925, 0x39C7, 0x2104, 0x2125, 0x0862, 0x2945, 0x2965, 0x2124, 0x0861, 0x3166, 0x3166, 0x2945,
  0x2925, 0x18C3, 0x18C3, 0x0000, 0x0841, 0x0000, 0x0020, 0x0000, 0x0000, 0x0000, 0x0000, 0x0000,
  0x0000, 0x0000, 0x0000, 0x0000, 0x0000, 0x0000, 0x0000, 0x0000, 0x0000, 0x0000, 0x0000, 0x0000,
  0x0000, 0x0000, 0x0000, 0x0000, 0x0000, 0x0000, 0x0000, 0x0000, 0x0000, 0x0000, 0x0000, 0x0000,
  0x0000, 0x0000, 0x0000, 0x0000, 0x0000, 0x0000, 0x0000, 0x0000, 0x0000, 0x0000, 0x0000, 0x0000,
  0x0000, 0x0000, 0x0000, 0x0000, 0x0000, 0x0000, 0x0000, 0x0000, 0x0000, 0x0000, 0x0000, 0x0000,
  0x0000, 0x0000, 0x0000, 0x0000, 0x0000, 0x0000, 0x0000, 0x0000, 0x0000, 0x0000, 0x0000, 0x0000,
  0x0000, 0x0000, 0x0000, 0x0000, 0x0000, 0x0000, 0x0000, 0x0000, 0x0000, 0x0000, 0x0000, 0x0000,
  0x0000, 0x0000, 0x0000, 0x0000, 0x0000, 0x0000, 0x0000, 0x0000, 0x0000, 0x0000, 0x0000, 0x0000,
  0x0000, 0x0000, 0x0000, 0x0000, 0x0000, 0x0000, 0x0000, 0x0000, 0x0000, 0x0000, 0x0000, 0x0000,
  0x0000, 0x0000, 0x0000, 0x0000, 0x0000, 0x0000, 0x0000, 0x0000, 0x0000, 0x18E3, 0x31A6, 0x31A6,
  0x39C7, 0x2945, 0x2104, 0x1082, 0x39E7, 0x4228, 0x18E3, 0x18E3, 0x18E3, 0x18C3, 0x18E3, 0x0861,
  0x10A2, 0x0000, 0x18E3, 0x2945, 0x3186, 0x18E3, 0x18C3, 0x18C3, 0x2965, 0x2965, 0x2104, 0x3186,
  0x3186, 0x39C7, 0x2124, 0x18C3, 0x10A2, 0x18E3, 0x18C3, 0x4228, 0x2945, 0x18E3, 0x2965, 0x2965,
  0x31A6, 0x31C7, 0x2945, 0x10A2, 0x0020, 0x0841, 0x0000, 0x0000, 0x0000, 0x0000, 0x0020, 0x0000,
  0x0020, 0x0000, 0x0000, 0x0841, 0x0861, 0x0861, 0x0000, 0x0881, 0x0861, 0x0000, 0x0000, 0x0020,
  0x0020, 0x0020, 0x0021, 0x0021, 0x0840, 0x0841, 0x0841, 0x0841, 0x0841, 0x0821, 0x0841, 0x0841,
  0x0841, 0x0020, 0x0020, 0x0020, 0x0020, 0x0020, 0x0020, 0x0862, 0x1062, 0x0000, 0x0841, 0x1082,
  0x0861, 0x0000, 0x0020, 0x0020, 0x0000, 0x0861, 0x0021, 0x0021, 0x0000, 0x0000, 0x0000, 0x0020,
  0x0000, 0x18E3, 0x10A2, 0x3186, 0x31A6, 0x31A6, 0x2965, 0x2965, 0x2945, 0x2945, 0x3186, 0x18C3,
  0x39E7, 0x2125, 0x20E4, 0x2125, 0x2125, 0x31A7, 0x31A8, 0x2945, 0x39C8, 0x18E3, 0x2965, 0x2945,
  0x4208, 0x2965, 0x31A6, 0x1082, 0x18C3, 0x2104, 0x20E4, 0x31A6, 0x2965, 0x39E8, 0x3166, 0x39C7,
  0x18E3, 0x0861, 0x2965, 0x2104, 0x3186, 0x18C3, 0x39C7, 0x1082, 0x0000, 0x0020, 0x0000, 0x0000,
  0x0000, 0x0000, 0x0000, 0x0000, 0x0000, 0x0000, 0x0000, 0x0000, 0x0000, 0x0000, 0x0000, 0x0000,
  0x0000, 0x0000, 0x0000, 0x0000, 0x0000, 0x0000, 0x0000, 0x0000, 0x0000, 0x0000, 0x0000, 0x0000,
  0x0000, 0x0000, 0x0000, 0x0000, 0x0000, 0x0000, 0x0000, 0x0000, 0x0000, 0x0000, 0x0000, 0x0000,
  0x0000, 0x0000, 0x0000, 0x0000, 0x0000, 0x0000, 0x0000, 0x0000, 0x0000, 0x0000, 0x0000, 0x0000,
  0x0000, 0x0000, 0x0000, 0x0000, 0x0000, 0x0000, 0x0000, 0x0000, 0x0000, 0x0000, 0x0000, 0x0000,
  0x0000, 0x0000, 0x0000, 0x0000, 0x0000, 0x0000, 0x0000, 0x0000, 0x0000, 0x0000, 0x0000, 0x0000,
  0x0000, 0x0000, 0x0000, 0x0000, 0x0000, 0x0000, 0x0000, 0x0000, 0x0000, 0x0000, 0x0000, 0x0000,
  0x0000, 0x0000, 0x0000, 0x0000, 0x0000, 0x0000, 0x0000, 0x0000, 0x0000, 0x0000, 0x0000, 0x0000,
  0x0000, 0x0000, 0x0000, 0x0000, 0x0000, 0x0000, 0x0000, 0x0000, 0x0000, 0x0000, 0x0000, 0x0000,
  0x0000, 0x0000, 0x0020, 0x0000, 0x0000, 0x2124, 0x31A6, 0x3186, 0x2104, 0x1082, 0x18E3, 0x2965,
  0x2945, 0x2965, 0x1082, 0x2124, 0x2945, 0x18C3, 0x18E3, 0x18E3, 0x31A6, 0x2104, 0x2104, 0x18E3,
  0x2124, 0x1082, 0x31A6, 0x2965, 0x10A2, 0x2945, 0x3186, 0x18C3, 0x2985, 0x39E7, 0x2965, 0x2104,
  0x2104, 0x31A6, 0x39C7, 0x2124, 0x2965, 0x2965, 0x2965, 0x2965, 0x2965, 0x2965, 0x31A6, 0x31A6,
  0x10A2, 0x2945, 0x0020, 0x0841, 0x0000, 0x0000, 0x0000, 0x0020, 0x0000, 0x0862, 0x1082, 0x0841,
  0x10A2, 0x1061, 0x0861, 0x0861, 0x0000, 0x0000, 0x0000, 0x0000, 0x0000, 0x0000, 0x0000, 0x0000,
  0x0000, 0x0000, 0x0000, 0x0000, 0x0000, 0x0000, 0x0000, 0x0000, 0x0000, 0x0000, 0x0000, 0x0000,
  0x0000, 0x0000, 0x0000, 0x0000, 0x0000, 0x0000, 0x0000, 0x0020, 0x0000, 0x0020, 0x0000, 0x0000,
  0x0000, 0x0000, 0x0861, 0x0841, 0x2945, 0x18C3, 0x31A6, 0x2965, 0x2965, 0x3186, 0x10A2, 0x39C7,
  0x2104, 0x3186, 0x2965, 0x3186, 0x1082, 0x1883, 0x1042, 0x41E8, 0x2986, 0x2946, 0x39C8, 0x2965,
  0x3186, 0x3187, 0x2966, 0x2104, 0x1082, 0x2104, 0x2945, 0x2104, 0x31A6, 0x2945, 0x3186, 0x0000,
  0x3186, 0x18E3, 0x2965, 0x3166, 0x2945, 0x2945, 0x2945, 0x3185, 0x2965, 0x2965, 0x20E4, 0x4A49,
  0x18C3, 0x0000, 0x0020, 0x0000, 0x0000, 0x0000, 0x0000, 0x0000, 0x0000, 0x0000, 0x0000, 0x0000,
  0x0000, 0x0000, 0x0000, 0x0000, 0x0000, 0x0000, 0x0000, 0x0000, 0x0000, 0x0000, 0x0000, 0x0000,
  0x0000, 0x0000, 0x0000, 0x0000, 0x0000, 0x0000, 0x0000, 0x0000, 0x0000, 0x0000, 0x0000, 0x0000,
  0x0000, 0x0000, 0x0000, 0x0000, 0x0000, 0x0000, 0x0000, 0x0000, 0x0000, 0x0000, 0x0000, 0x0000,
  0x0000, 0x0000, 0x0000, 0x0000, 0x0000, 0x0000, 0x0000, 0x0000, 0x0000, 0x0000, 0x0000, 0x0000,
  0x0000, 0x0000, 0x0000, 0x0000, 0x0000, 0x0000, 0x0000, 0x0000, 0x0000, 0x0000, 0x0000, 0x0000,
  0x0000, 0x0000, 0x0000, 0x0000, 0x0000, 0x0000, 0x0000, 0x0000, 0x0000, 0x0000, 0x0000, 0x0000,
  0x0000, 0x0000, 0x0000, 0x0000, 0x0000, 0x0000, 0x0000, 0x0000, 0x0000, 0x0000, 0x0000, 0x0000,
  0x0000, 0x0000, 0x0000, 0x0000, 0x0000, 0x0000, 0x0000, 0x0000, 0x0000, 0x0000, 0x0000, 0x0000,
  0x0000, 0x0000, 0x0000, 0x0000, 0x0000, 0x0000, 0x0000, 0x0000, 0x0000, 0x0020, 0x0000, 0x1082,
  0x2965, 0x39C7, 0x18E3, 0x18E3, 0x18C3, 0x2124, 0x2124, 0x0020, 0x18C3, 0x31A6, 0x2104, 0x18C3,
  0x2104, 0x2965, 0x10A2, 0x3186, 0x39E7, 0x2104, 0x0841, 0x18C3, 0x2965, 0x18C3, 0x39C7, 0x18C3,
  0x3186, 0x4208, 0x1082, 0x1904, 0x18C3, 0x1082, 0x2945, 0x31A6, 0x2124, 0x2124, 0x2945, 0x2945,
  0x2124, 0x2124, 0x3186, 0x3186, 0x39C7, 0x3186, 0x39C7, 0x2945, 0x39E7, 0x2124, 0x3186, 0x1082,
  0x18C3, 0x0000, 0x0000, 0x0841, 0x1082, 0x0041, 0x20E4, 0x18A2, 0x1082, 0x10A2, 0x0842, 0x0000,
  0x0020, 0x0020, 0x0020, 0x0020, 0x0020, 0x0020, 0x0020, 0x0020, 0x0020, 0x0000, 0x0020, 0x0020,
  0x0020, 0x0020, 0x0000, 0x0020, 0x0020, 0x0020, 0x0020, 0x0000, 0x0000, 0x0000, 0x0000, 0x0000,
  0x0000, 0x0000, 0x0000, 0x0000, 0x18C3, 0x0861, 0x2104, 0x2945, 0x3186, 0x2945, 0x3186, 0x3186,
  0x2124, 0x3185, 0x2124, 0x2945, 0x31A6, 0x2104, 0x31A6, 0x39E7, 0x2965, 0x3186, 0x20E4, 0x2946,
  0x20E4, 0x4209, 0x2966, 0x2966, 0x2965, 0x3186, 0x10C3, 0x31A7, 0x2104, 0x39C7, 0x10A3, 0x31A6,
  0x18A3, 0x4228, 0x4228, 0x39C7, 0x2925, 0x3166, 0x39A7, 0x39E7, 0x3186, 0x2945, 0x2925, 0x2925,
  0x3166, 0x3187, 0x3186, 0x3186, 0x2945, 0x18C3, 0x0000, 0x0020, 0x0000, 0x0000, 0x0000, 0x0000,
  0x0000, 0x0000, 0x0000, 0x0000, 0x0000, 0x0000, 0x0000, 0x0000, 0x0000, 0x0000, 0x0000, 0x0000,
  0x0000, 0x0000, 0x0000, 0x0000, 0x0000, 0x0000, 0x0000, 0x0000, 0x0000, 0x0000, 0x0000, 0x0000,
  0x0000, 0x0000, 0x0000, 0x0000, 0x0000, 0x0000, 0x0000, 0x0000, 0x0000, 0x0000, 0x0000, 0x0000,
  0x0000, 0x0000, 0x0000, 0x0000, 0x0000, 0x0000, 0x0000, 0x0000, 0x0000, 0x0000, 0x0000, 0x0000,
  0x0000, 0x0000, 0x0000, 0x0000, 0x0000, 0x0000, 0x0000, 0x0000, 0x0000, 0x0000, 0x0000, 0x0000,
  0x0000, 0x0000, 0x0000, 0x0020, 0x0020, 0x0000, 0x0000, 0x0000, 0x0000, 0x0000, 0x0000, 0x0000,
  0x0000, 0x0000, 0x0000, 0x0000, 0x0000, 0x0000, 0x0000, 0x0000, 0x0000, 0x0000, 0x0000, 0x0000,
  0x0000, 0x0000, 0x0000, 0x0000, 0x0000, 0x0000, 0x0000, 0x0000, 0x0000, 0x0000, 0x0000, 0x0000,
  0x0000, 0x0000, 0x0000, 0x0000, 0x0000, 0x0000, 0x0000, 0x0000, 0x0000, 0x0000, 0x0000, 0x0000,
  0x0000, 0x0000, 0x0000, 0x0000, 0x0000, 0x0000, 0x0000, 0x0000, 0x3186, 0x3186, 0x39C7, 0x31A6,
  0x2965, 0x2104, 0x2945, 0x2945, 0x2104, 0x2124, 0x0861, 0x0020, 0x2945, 0x4208, 0x2104, 0x2124,
  0x2104, 0x2945, 0x18E3, 0x2965, 0x10A2, 0x18E3, 0x2965, 0x2104, 0x2945, 0x2986, 0x18E4, 0x2125,
  0x2104, 0x39E7, 0x39E7, 0x2945, 0x4228, 0x2945, 0x39E8, 0x39C7, 0x1082, 0x2104, 0x2104, 0x3186,
  0x2945, 0x2104, 0x31A6, 0x2965, 0x31A6, 0x3186, 0x31A6, 0x2945, 0x31A6, 0x39C7, 0x2124, 0x2965,
  0x0861, 0x0020, 0x0842, 0x0841, 0x0020, 0x0000, 0x0000, 0x0000, 0x0000, 0x0000, 0x0000, 0x0000,
  0x0000, 0x0000, 0x0000, 0x0000, 0x0000, 0x0000, 0x0000, 0x0000, 0x0000, 0x0000, 0x0000, 0x0000,
  0x0000, 0x0020, 0x0841, 0x0020, 0x0861, 0x2124, 0x2104, 0x18C3, 0x31A6, 0x3186, 0x3186, 0x2965,
  0x39C7, 0x18C3, 0x3186, 0x2124, 0x2945, 0x31A6, 0x31A7, 0x3186, 0x31A6, 0x3166, 0x2966, 0x31A6,
  0x39E7, 0x39E7, 0x39C7, 0x31A6, 0x31A6, 0x2125, 0x2945, 0x10A2, 0x4229, 0x3187, 0x39C8, 0x2125,
  0x4249, 0x39C7, 0x10A2, 0x1082, 0x18E4, 0x18E4, 0x39C8, 0x18C4, 0x10C3, 0x2945, 0x0861, 0x2125,
  0x2965, 0x3186, 0x2945, 0x3166, 0x18E3, 0x3186, 0x3A07, 0x2124, 0x18C3, 0x18C3, 0x0841, 0x0000,
  0x0020, 0x0000, 0x0000, 0x0000, 0x0000, 0x0000, 0x0000, 0x0000, 0x0000, 0x0000, 0x0000, 0x0000,
  0x0000, 0x0000, 0x0000, 0x0000, 0x0000, 0x0000, 0x0000, 0x0000, 0x0000, 0x0000, 0x0000, 0x0000,
  0x0000, 0x0000, 0x0000, 0x0000, 0x0000, 0x0000, 0x0000, 0x0000, 0x0000, 0x0000, 0x0000, 0x0000,
  0x0000, 0x0000, 0x0000, 0x0000, 0x0000, 0x0000, 0x0000, 0x0000, 0x0000, 0x0000, 0x0000, 0x0000,
  0x0000, 0x0000, 0x0000, 0x0000, 0x0000, 0x0000, 0x0000, 0x0000, 0x0000, 0x0000, 0x0000, 0x0000,
  0x0000, 0x0000, 0x0000, 0x0000, 0x0000, 0x0000, 0x0000, 0x0000, 0x0000, 0x0020, 0x0020, 0x0000,
  0x0000, 0x0000, 0x0000, 0x0000, 0x0000, 0x0000, 0x0000, 0x0000, 0x0000, 0x0000, 0x0000, 0x0000,
  0x0000, 0x0000, 0x0000, 0x0000, 0x0000, 0x0000, 0x0000, 0x0000, 0x0000, 0x0000, 0x0000, 0x0000,
  0x0000, 0x0000, 0x0000, 0x0000, 0x0000, 0x0000, 0x0000, 0x0000, 0x0000, 0x0000, 0x0000, 0x0000,
  0x0000, 0x0000, 0x0000, 0x0000, 0x0000, 0x0000, 0x0000, 0x0000, 0x0000, 0x0000, 0x0000, 0x0020,
  0x0020, 0x0000, 0x0000, 0x0020, 0x39C7, 0x18C3, 0x3186, 0x2965, 0x31A6, 0x31A6, 0x39C7, 0x18E3,
  0x10A2, 0x18C3, 0x31A6, 0x2965, 0x31A6, 0x2104, 0x2965, 0x31A6, 0x39C7, 0x2965, 0x18C3, 0x2104,
  0x2945, 0x2124, 0x4228, 0x2124, 0x2145, 0x4228, 0x10A2, 0x2124, 0x2944, 0x2104, 0x10A3, 0x18E3,
  0x2124, 0x18E3, 0x31A6, 0x3186, 0x2104, 0x31A6, 0x4A49, 0x31A7, 0x2965, 0x2124, 0x2965, 0x3186,
  0x2124, 0x31A6, 0x31A6, 0x2104, 0x39E7, 0x2945, 0x2945, 0x31A6, 0x2945, 0x2124, 0x2965, 0x2945,
  0x3186, 0x1082, 0x1083, 0x1083, 0x1083, 0x1083, 0x1083, 0x1083, 0x1083, 0x1083, 0x1083, 0x1083,
  0x1083, 0x1083, 0x0862, 0x2124, 0x2965, 0x2945, 0x2945, 0x18C3, 0x31A7, 0x3186, 0x2124, 0x39E7,
  0x31A6, 0x2965, 0x39C7, 0x39C7, 0x2945, 0x2965, 0x2945, 0x39E7, 0x2124, 0x31A6, 0x18E3, 0x39C7,
  0x1863, 0x2104, 0x4208, 0x2945, 0x2925, 0x2104, 0x2125, 0x1082, 0x3186, 0x2104, 0x2124, 0x2124,
  0x10A2, 0x3186, 0x3187, 0x2946, 0x31A7, 0x39C7, 0x2105, 0x39C8, 0x2104, 0x0861, 0x18C3, 0x18C4,
  0x3166, 0x2965, 0x2965, 0x10A3, 0x31A6, 0x2104, 0x39C7, 0x2965, 0x31A6, 0x2124, 0x39E7, 0x2945,
  0x2965, 0x1082, 0x0000, 0x0000, 0x0000, 0x0020, 0x0000, 0x0000, 0x0000, 0x0000, 0x0000, 0x0000,
  0x0000, 0x0000, 0x0000, 0x0000, 0x0000, 0x0000, 0x0000, 0x0000, 0x0000, 0x0000, 0x0000, 0x0000,
  0x0000, 0x0000, 0x0000, 0x0000, 0x0000, 0x0000, 0x0000, 0x0000, 0x0000, 0x0000, 0x0000, 0x0000,
  0x0000, 0x0000, 0x0000, 0x0000, 0x0000, 0x0000, 0x0000, 0x0000, 0x0000, 0x0000, 0x0000, 0x0000,
  0x0000, 0x0000, 0x0000, 0x0000, 0x0000, 0x0000, 0x0000, 0x0000, 0x0000, 0x0000, 0x0000, 0x0000,
  0x0000, 0x0000, 0x0000, 0x0000, 0x0000, 0x0000, 0x0000, 0x0000, 0x0000, 0x0000, 0x0000, 0x0000,
  0x0000, 0x0000, 0x0000, 0x0000, 0x0000, 0x0000, 0x0000, 0x0000, 0x0000, 0x0000, 0x0000, 0x0000,
  0x0000, 0x0000, 0x0000, 0x0000, 0x0000, 0x0000, 0x0000, 0x0000, 0x0000, 0x0000, 0x0000, 0x0000,
  0x0000, 0x0000, 0x0000, 0x0000, 0x0000, 0x0000, 0x0000, 0x0000, 0x0000, 0x0000, 0x0000, 0x0000,
  0x0000, 0x0000, 0x0000, 0x0000, 0x0000, 0x0000, 0x0000, 0x0000, 0x0000, 0x0000, 0x0000, 0x0000,
  0x0000, 0x0000, 0x0000, 0x0000, 0x0000, 0x0000, 0x0000, 0x0000, 0x0020, 0x0020, 0x0020, 0x18C3,
  0x39C7, 0x3186, 0x3186, 0x2965, 0x2124, 0x2124, 0x2945, 0x2945, 0x2965, 0x2965, 0x4228, 0x2124,
  0x2124, 0x2945, 0x2124, 0x10A2, 0x3186, 0x3186, 0x2104, 0x18C3, 0x2945, 0x39C6, 0x39C6, 0x2124,
  0x18E4, 0x18E3, 0x18C3, 0x2104, 0x2125, 0x18C2, 0x1082, 0x0861, 0x4208, 0x2945, 0x18C3, 0x31A6,
  0x4A49, 0x3186, 0x31A6, 0x2945, 0x31A6, 0x3186, 0x2124, 0x31A6, 0x2104, 0x31A6, 0x2965, 0x2124,
  0x3186, 0x3186, 0x2965, 0x3186, 0x2125, 0x39C8, 0x2125, 0x31A6, 0x4A6A, 0x4A4A, 0x4209, 0x4209,
  0x4229, 0x4A4A, 0x4A4A, 0x422A, 0x420A, 0x4229, 0x4A4A, 0x4A4A, 0x4229, 0x2145, 0x39C6, 0x3186,
  0x3185, 0x2124, 0x31A6, 0x2945, 0x2124, 0x2965, 0x2945, 0x2945, 0x39C7, 0x18E3, 0x3186, 0x3186,
  0x31A6, 0x3186, 0x2124, 0x2945, 0x2945, 0x2965, 0x18C4, 0x3186, 0x4228, 0x528A, 0x2945, 0x2104,
  0x2105, 0x31A6, 0x18C3, 0x31A6, 0x2945, 0x4A49, 0x2104, 0x39C7, 0x18C4, 0x39C7, 0x2104, 0x2104,
  0x2946, 0x2965, 0x2946, 0x2966, 0x4229, 0x3186, 0x31A6, 0x39E7, 0x2945, 0x2985, 0x2985, 0x31A6,
  0x2985, 0x3186, 0x0841, 0x3186, 0x2965, 0x0861, 0x0000, 0x0000, 0x0020, 0x0020, 0x0000, 0x0000,
  0x0000, 0x0000, 0x0000, 0x0000, 0x0000, 0x0000, 0x0000, 0x0000, 0x0000, 0x0000, 0x0000, 0x0000,
  0x0000, 0x0000, 0x0000, 0x0000, 0x0000, 0x0000, 0x0000, 0x0000, 0x0000, 0x0000, 0x0000, 0x0000,
  0x0000, 0x0000, 0x0000, 0x0000, 0x0000, 0x0000, 0x0000, 0x0000, 0x0000, 0x0000, 0x0000, 0x0000,
  0x0000, 0x0000, 0x0000, 0x0000, 0x0000, 0x0000, 0x0000, 0x0000, 0x0000, 0x0000, 0x0000, 0x0000,
  0x0000, 0x0000, 0x0000, 0x0000, 0x0000, 0x0000, 0x0000, 0x0000, 0x0000, 0x0000, 0x0000, 0x0000,
  0x0000, 0x0000, 0x0000, 0x0000, 0x0000, 0x0000, 0x0000, 0x0000, 0x0000, 0x0020, 0x0020, 0x0000,
  0x0000, 0x0000, 0x0000, 0x0000, 0x0000, 0x0000, 0x0000, 0x0000, 0x0000, 0x0000, 0x0000, 0x0000,
  0x0000, 0x0000, 0x0000, 0x0000, 0x0000, 0x0000, 0x0000, 0x0000, 0x0000, 0x0000, 0x0000, 0x0000,
  0x0000, 0x0000, 0x0000, 0x0000, 0x0000, 0x0000, 0x0000, 0x0000, 0x0000, 0x0000, 0x0000, 0x0000,
  0x0000, 0x0000, 0x0000, 0x0000, 0x0000, 0x0000, 0x0000, 0x0000, 0x0000, 0x0000, 0x0000, 0x0000,
  0x0000, 0x0000, 0x0000, 0x0000, 0x0000, 0x0861, 0x18C3, 0x0861, 0x39C7, 0x31A6, 0x18C3, 0x39C7,
  0x3186, 0x2965, 0x3186, 0x31A6, 0x0000, 0x10A2, 0x10A2, 0x2124, 0x2124, 0x0841, 0x2945, 0x2104,
  0x3186, 0x2965, 0x2124, 0x39C7, 0x2965, 0x2945, 0x18E4, 0x2104, 0x18E3, 0x18E4, 0x1082, 0x2966,
  0x10A3, 0x2104, 0x31A6, 0x18C3, 0x3186, 0x10A2, 0x39E7, 0x3186, 0x3186, 0x2965, 0x2965, 0x2945,
  0x2104, 0x31A6, 0x3186, 0x31A6, 0x2945, 0x3186, 0x39C7, 0x2945, 0x31A6, 0x39C7, 0x1082, 0x31A6,
  0x3186, 0x2946, 0x18C3, 0x18E4, 0x2104, 0x18E4, 0x18E4, 0x18E4, 0x18E4, 0x18E4, 0x18E4, 0x18E4,
  0x18E4, 0x18E4, 0x18E4, 0x2125, 0x3186, 0x18E3, 0x3186, 0x3166, 0x31A6, 0x2945, 0x3186, 0x3186,
  0x2104, 0x31A6, 0x3186, 0x2104, 0x39E7, 0x18C3, 0x3186, 0x2965, 0x2965, 0x2924, 0x4228, 0x10A3,
  0x0882, 0x39C7, 0x20E4, 0x1082, 0x3187, 0x4209, 0x3186, 0x10A3, 0x31A6, 0x2104, 0x2945, 0x2104,
  0x39C7, 0x2965, 0x2966, 0x2944, 0x31A6, 0x18C3, 0x4228, 0x4207, 0x18C3, 0x2125, 0x2125, 0x10A3,
  0x31A6, 0x31A6, 0x2965, 0x39C7, 0x3186, 0x18C3, 0x39C7, 0x10A2, 0x3186, 0x31A6, 0x18C3, 0x0000,
  0x0020, 0x0000, 0x0000, 0x0000, 0x0000, 0x0000, 0x0000, 0x0000, 0x0000, 0x0000, 0x0000, 0x0000,
  0x0000, 0x0000, 0x0000, 0x0000, 0x0000, 0x0000, 0x0000, 0x0000, 0x0000, 0x0000, 0x0000, 0x0000,
  0x0000, 0x0000, 0x0000, 0x0000, 0x0000, 0x0000, 0x0000, 0x0000, 0x0000, 0x0000, 0x0000, 0x0000,
  0x0000, 0x0000, 0x0000, 0x0000, 0x0000, 0x0000, 0x0000, 0x0000, 0x0000, 0x0000, 0x0000, 0x0000,
  0x0000, 0x0000, 0x0000, 0x0000, 0x0000, 0x0000, 0x0000, 0x0000, 0x0000, 0x0000, 0x0000, 0x0000,
  0x0000, 0x0000, 0x0000, 0x0000, 0x0000, 0x0000, 0x0000, 0x0000, 0x0000, 0x0000, 0x0000, 0x0000,
  0x0000, 0x0000, 0x0000, 0x0841, 0x0020, 0x0000, 0x0000, 0x0000, 0x0000, 0x0000, 0x0000, 0x0000,
  0x0000, 0x0000, 0x0000, 0x0000, 0x0000, 0x0000, 0x0000, 0x0000, 0x0000, 0x0000, 0x0000, 0x0000,
  0x0000, 0x0000, 0x0000, 0x0000, 0x0000, 0x0000, 0x0000, 0x0000, 0x0000, 0x0000, 0x0000, 0x0000,
  0x0000, 0x0000, 0x0000, 0x0000, 0x0000, 0x0000, 0x0000, 0x0000, 0x0000, 0x0000, 0x0000, 0x0000,
  0x0000, 0x0000, 0x0000, 0x0000, 0x0000, 0x0000, 0x0000, 0x0000, 0x0000, 0x0000, 0x0000, 0x0000,
  0x0000, 0x0841, 0x1082, 0x2124, 0x31A6, 0x2945, 0x2124, 0x31A6, 0x2945, 0x31A6, 0x18C3, 0x39C7,
  0x10A2, 0x3186, 0x39E7, 0x2104, 0x31A6, 0x39E7, 0x2124, 0x2945, 0x2945, 0x39E7, 0x31A6, 0x2124,
  0x18E3, 0x2104, 0x3186, 0x18E3, 0x1082, 0x18E4, 0x31A6, 0x3186, 0x4A49, 0x2965, 0x3186, 0x10A2,
  0x39C7, 0x2945, 0x10A2, 0x3186, 0x2124, 0x39C7, 0x3186, 0x2965, 0x39C7, 0x1082, 0x2124, 0x39C7,
  0x3186, 0x18C3, 0x39C7, 0x41E8, 0x39A7, 0x2965, 0x3187, 0x2125, 0x39E8, 0x3187, 0x2986, 0x39C7,
  0x39C8, 0x3186, 0x31A7, 0x39E8, 0x39C7, 0x31A7, 0x3186, 0x3186, 0x31A7, 0x3186, 0x10A3, 0x2124,
  0x18C3, 0x31A6, 0x2124, 0x2104, 0x3186, 0x3186, 0x2104, 0x3186, 0x18E3, 0x3186, 0x2965, 0x2104,
  0x2104, 0x10A3, 0x0861, 0x1082, 0x18C3, 0x2945, 0x18A3, 0x0841, 0x18C3, 0x1882, 0x2104, 0x20E4,
  0x2966, 0x39E8, 0x18C4, 0x4208, 0x31A6, 0x10A3, 0x10A3, 0x2104, 0x3186, 0x31A6, 0x2945, 0x2925,
  0x39E7, 0x3186, 0x31A6, 0x2965, 0x2945, 0x31A7, 0x39C7, 0x18C3, 0x2965, 0x3186, 0x2104, 0x2965,
  0x3186, 0x2945, 0x18C3, 0x1082, 0x0841, 0x0000, 0x0000, 0x0000, 0x0000, 0x0000, 0x0000, 0x0000,
  0x0000, 0x0000, 0x0000, 0x0000, 0x0000, 0x0000, 0x0000, 0x0000, 0x0000, 0x0000, 0x0000, 0x0000,
  0x0000, 0x0000, 0x0000, 0x0000, 0x0000, 0x0000, 0x0000, 0x0000, 0x0000, 0x0000, 0x0000, 0x0000,
  0x0000, 0x0000, 0x0000, 0x0000, 0x0000, 0x0000, 0x0000, 0x0000, 0x0000, 0x0000, 0x0000, 0x0000,
  0x0000, 0x0000, 0x0000, 0x0000, 0x0000, 0x0000, 0x0000, 0x0000, 0x0000, 0x0000, 0x0000, 0x0000,
  0x0000, 0x0000, 0x0000, 0x0000, 0x0000, 0x0000, 0x0000, 0x0000, 0x0000, 0x0000, 0x0000, 0x0000,
  0x0000, 0x0000, 0x0000, 0x0000, 0x0000, 0x0000, 0x0000, 0x0000, 0x0000, 0x0000, 0x0000, 0x0000,
  0x0000, 0x0000, 0x0000, 0x0000, 0x0000, 0x0000, 0x0000, 0x0000, 0x0000, 0x0000, 0x0000, 0x0000,
  0x0000, 0x0000, 0x0000, 0x0000, 0x0000, 0x0000, 0x0000, 0x0000, 0x0000, 0x0000, 0x0000, 0x0000,
  0x0000, 0x0000, 0x0000, 0x0000, 0x0000, 0x0000, 0x0000, 0x0000, 0x0000, 0x0000, 0x0000, 0x0000,
  0x0000, 0x0000, 0x0000, 0x0000, 0x0000, 0x0000, 0x0000, 0x0000, 0x0000, 0x0000, 0x0000, 0x0000,
  0x0000, 0x0000, 0x0000, 0x0000, 0x0000, 0x0000, 0x0020, 0x0000, 0x0000, 0x10A2, 0x2104, 0x31A6,
  0x2965, 0x31A6, 0x3186, 0x3186, 0x3186, 0x18C3, 0x2104, 0x18E3, 0x39E7, 0x10A2, 0x2945, 0x10A2,
  0x18C3, 0x2965, 0x2124, 0x31A6, 0x4A49, 0x2103, 0x2965, 0x39E7, 0x4228, 0x2125, 0x39C7, 0x2945,
  0x18E3, 0x18E3, 0x10A2, 0x18C3, 0x18C3, 0x18C3, 0x2124, 0x1082, 0x2124, 0x2124, 0x2104, 0x18A3,
  0x31A6, 0x2965, 0x2124, 0x2925, 0x2966, 0x18A3, 0x10A2, 0x2945, 0x39A7, 0x20E4, 0x2966, 0x31A7,
  0x2125, 0x2966, 0x39C8, 0x2104, 0x2104, 0x2966, 0x31A6, 0x2105, 0x2105, 0x2945, 0x2966, 0x18C3,
  0x2144, 0x3186, 0x2986, 0x18C3, 0x2945, 0x2945, 0x2945, 0x18E3, 0x18C3, 0x1082, 0x3166, 0x2945,
  0x3185, 0x31A7, 0x18E4, 0x18E4, 0x2104, 0x2104, 0x2125, 0x18E4, 0x18C3, 0x2945, 0x18A3, 0x2925,
  0x3187, 0x18C3, 0x2145, 0x2945, 0x2945, 0x2945, 0x39E7, 0x2945, 0x4A49, 0x2965, 0x18E3, 0x18E3,
  0x18E4, 0x3146, 0x3186, 0x2124, 0x39E7, 0x39C7, 0x31A6, 0x2965, 0x3186, 0x31A7, 0x10A2, 0x2965,
  0x2104, 0x31A6, 0x31A6, 0x2925, 0x10A2, 0x2965, 0x0000, 0x2965, 0x0841, 0x0000, 0x0000, 0x0000,
  0x0000, 0x0000, 0x0000, 0x0000, 0x0000, 0x0000, 0x0000, 0x0000, 0x0000, 0x0000, 0x0000, 0x0000,
  0x0000, 0x0000, 0x0000, 0x0000, 0x0000, 0x0000, 0x0000, 0x0000, 0x0000, 0x0000, 0x0000, 0x0000,
  0x0000, 0x0000, 0x0000, 0x0000, 0x0000, 0x0000, 0x0000, 0x0000, 0x0000, 0x0000, 0x0000, 0x0000,
  0x0000, 0x0000, 0x0000, 0x0000, 0x0000, 0x0000, 0x0000, 0x0000, 0x0000, 0x0000, 0x0000, 0x0000,
  0x0000, 0x0000, 0x0000, 0x0000, 0x0000, 0x0000, 0x0000, 0x0000, 0x0000, 0x0000, 0x0000, 0x0000,
  0x0000, 0x0000, 0x0000, 0x0000, 0x0000, 0x0000, 0x0000, 0x0000, 0x0000, 0x0000, 0x0000, 0x0000,
  0x0000, 0x0000, 0x0000, 0x0000, 0x0000, 0x0000, 0x0000, 0x0000, 0x0000, 0x0000, 0x0000, 0x0000,
  0x0000, 0x0000, 0x0000, 0x0000, 0x0000, 0x0000, 0x0000, 0x0000, 0x0000, 0x0000, 0x0000, 0x0000,
  0x0000, 0x0000, 0x0000, 0x0000, 0x0000, 0x0000, 0x0000, 0x0000, 0x0000, 0x0000, 0x0000, 0x0000,
  0x0000, 0x0000, 0x0000, 0x0000, 0x0000, 0x0000, 0x0000, 0x0000, 0x0000, 0x0000, 0x0000, 0x0000,
  0x0000, 0x0000, 0x0000, 0x0000, 0x0000, 0x0000, 0x0000, 0x0000, 0x0000, 0x0000, 0x0000, 0x0000,
  0x0000, 0x0000, 0x0020, 0x0000, 0x0000, 0x18C3, 0x1082, 0x3186, 0x31A6, 0x2965, 0x10A2, 0x31A6,
  0x31A6, 0x18E3, 0x18E3, 0x2124, 0x2104, 0x1082, 0x39C7, 0x2965, 0x18C3, 0x2945, 0x39C7, 0x2124,
  0x18E3, 0x4208, 0x2945, 0x2104, 0x39E7, 0x2945, 0x2124, 0x3186, 0x10A2, 0x2945, 0x4208, 0x4A69,
  0x31A6, 0x31A6, 0x31A7, 0x2945, 0x0841, 0x2945, 0x3186, 0x31A6, 0x2124, 0x18E3, 0x39C7, 0x39C7,
  0x3186, 0x31A7, 0x2945, 0x1062, 0x2945, 0x3186, 0x18E4, 0x31A7, 0x31A7, 0x18E4, 0x39E9, 0x31A7,
  0x31A6, 0x2925, 0x3166, 0x3187, 0x31A8, 0x2965, 0x2965, 0x2966, 0x2925, 0x2945, 0x0020, 0x2125,
  0x3187, 0x3167, 0x18A3, 0x2124, 0x3186, 0x2124, 0x31A6, 0x1082, 0x2125, 0x31A7, 0x2125, 0x1082,
  0x1082, 0x20E4, 0x2925, 0x2966, 0x18E4, 0x10A3, 0x10A2, 0x18A4, 0x18C4, 0x31A6, 0x3186, 0x3186,
  0x2965, 0x4208, 0x4208, 0x3186, 0x18E3, 0x10A2, 0x2945, 0x39E8, 0x4A49, 0x39E7, 0x31A6, 0x31A6,
  0x31A6, 0x2945, 0x2965, 0x2104, 0x2945, 0x39C7, 0x18C3, 0x10A2, 0x31A6, 0x2945, 0x39C7, 0x0841,
  0x0000, 0x0000, 0x0000, 0x0020, 0x0000, 0x0000, 0x0000, 0x0000, 0x0000, 0x0000, 0x0000, 0x0000,
  0x0000, 0x0000, 0x0000, 0x0000, 0x0000, 0x0000, 0x0000, 0x0000, 0x0000, 0x0000, 0x0000, 0x0000,
  0x0000, 0x0000, 0x0000, 0x0000, 0x0000, 0x0000, 0x0000, 0x0000, 0x0000, 0x0000, 0x0000, 0x0000,
  0x0000, 0x0000, 0x0000, 0x0000, 0x0000, 0x0000, 0x0000, 0x0000, 0x0000, 0x0000, 0x0000, 0x0000,
  0x0000, 0x0000, 0x0000, 0x0000, 0x0000, 0x0000, 0x0000, 0x0000, 0x0000, 0x0000, 0x0000, 0x0000,
  0x0000, 0x0000, 0x0000, 0x0000, 0x0000, 0x0000, 0x0000, 0x0000, 0x0000, 0x0000, 0x0000, 0x0000,
  0x0000, 0x0000, 0x0000, 0x0000, 0x0000, 0x0000, 0x0000, 0x0000, 0x0000, 0x0000, 0x0000, 0x0000,
  0x0000, 0x0000, 0x0000, 0x0000, 0x0000, 0x0000, 0x0000, 0x0000, 0x0000, 0x0000, 0x0000, 0x0000,
  0x0000, 0x0000, 0x0000, 0x0000, 0x0000, 0x0000, 0x0000, 0x0000, 0x0000, 0x0000, 0x0000, 0x0000,
  0x0000, 0x0000, 0x0000, 0x0000, 0x0000, 0x0000, 0x0000, 0x0000, 0x0000, 0x0000, 0x0000, 0x0000,
  0x0000, 0x0000, 0x0000, 0x0000, 0x0000, 0x0000, 0x0000, 0x0000, 0x0000, 0x0000, 0x0000, 0x0000,
  0x0000, 0x0000, 0x0000, 0x0000, 0x0000, 0x0000, 0x0000, 0x0000, 0x0000, 0x0000, 0x0020, 0x0000,
  0x0000, 0x0000, 0x1082, 0x39C7, 0x31A6, 0x2124, 0x18E3, 0x2965, 0x18C3, 0x18E3, 0x2945, 0x3186,
  0x2124, 0x1082, 0x18E3, 0x39C7, 0x2965, 0x2965, 0x2124, 0x18E3, 0x2965, 0x4A49, 0x18C3, 0x18E3,
  0x18E3, 0x18E3, 0x18C3, 0x2945, 0x39E7, 0x18E3, 0x10A2, 0x2104, 0x18C3, 0x2945, 0x2965, 0x18E3,
  0x2965, 0x3186, 0x18E3, 0x18E3, 0x18E3, 0x2965, 0x39C7, 0x2104, 0x31C6, 0x3186, 0x31A7, 0x2946,
  0x0862, 0x18E3, 0x18C3, 0x18E4, 0x39C8, 0x18C4, 0x18A2, 0x18C3, 0x10A2, 0x18E3, 0x18E3, 0x18A3,
  0x2104, 0x0021, 0x18C3, 0x2925, 0x2925, 0x2104, 0x1082, 0x1082, 0x2104, 0x10A2, 0x10A2, 0x2104,
  0x2945, 0x3A08, 0x2945, 0x2945, 0x18E4, 0x18E4, 0x2946, 0x39A8, 0x20E5, 0x20C3, 0x39A7, 0x31A7,
  0x2965, 0x2905, 0x3948, 0x18C3, 0x31A6, 0x2945, 0x39C7, 0x3186, 0x18C3, 0x10A2, 0x1082, 0x3187,
  0x18E3, 0x18C3, 0x1082, 0x4207, 0x2104, 0x2945, 0x18C3, 0x2104, 0x3186, 0x1082, 0x2965, 0x18E3,
  0x31A6, 0x18E3, 0x1082, 0x0020, 0x0000, 0x0020, 0x0000, 0x0020, 0x0000, 0x0000, 0x0000, 0x0000,
  0x0000, 0x0000, 0x0000, 0x0000, 0x0000, 0x0000, 0x0000, 0x0000, 0x0000, 0x0000, 0x0000, 0x0000,
  0x0000, 0x0000, 0x0000, 0x0000, 0x0000, 0x0000, 0x0000, 0x0000, 0x0000, 0x0000, 0x0000, 0x0000,
  0x0000, 0x0000, 0x0000, 0x0000, 0x0000, 0x0000, 0x0000, 0x0000, 0x0000, 0x0000, 0x0000, 0x0000,
  0x0000, 0x0000, 0x0000, 0x0000, 0x0000, 0x0000, 0x0000, 0x0000, 0x0000, 0x0000, 0x0000, 0x0000,
  0x0000, 0x0000, 0x0000, 0x0000, 0x0000, 0x0000, 0x0000, 0x0000, 0x0000, 0x0000, 0x0000, 0x0000,
  0x0000, 0x0000, 0x0000, 0x0000, 0x0000, 0x0000, 0x0000, 0x0000, 0x0000, 0x0000, 0x0000, 0x0000,
  0x0000, 0x0000, 0x0000, 0x0000, 0x0000, 0x0000, 0x0000, 0x0000, 0x0000, 0x0000, 0x0000, 0x0000,
  0x0000, 0x0000, 0x0000, 0x0000, 0x0000, 0x0000, 0x0000, 0x0000, 0x0000, 0x0000, 0x0000, 0x0000,
  0x0000, 0x0000, 0x0000, 0x0000, 0x0000, 0x0000, 0x0000, 0x0000, 0x0000, 0x0000, 0x0000, 0x0000,
  0x0000, 0x0000, 0x0000, 0x0000, 0x0000, 0x0000, 0x0000, 0x0000, 0x0000, 0x0000, 0x0000, 0x0000,
  0x0000, 0x0000, 0x0000, 0x0000, 0x0000, 0x0000, 0x0000, 0x0000, 0x0000, 0x0000, 0x0000, 0x0000,
  0x0000, 0x0000, 0x0000, 0x0000, 0x0000, 0x0020, 0x0000, 0x0000, 0x0020, 0x0861, 0x0841, 0x1082,
  0x2965, 0x2124, 0x2945, 0x2104, 0x2945, 0x39E7, 0x2104, 0x2124, 0x2124, 0x18E3, 0x2104, 0x4208,
  0x3186, 0x18C3, 0x2104, 0x2124, 0x18E3, 0x0861, 0x2945, 0x2104, 0x39C7, 0x2124, 0x31A6, 0x2144,
  0x2124, 0x2104, 0x2124, 0x2124, 0x18E3, 0x2124, 0x3186, 0x2965, 0x4208, 0x39C7, 0x18E3, 0x31A6,
  0x39A7, 0x1082, 0x18E4, 0x31A6, 0x18C4, 0x1084, 0x2104, 0x2945, 0x2945, 0x18C3, 0x18E5, 0x20E5,
  0x2945, 0x2966, 0x3166, 0x2945, 0x39C7, 0x3166, 0x20E4, 0x18E4, 0x3186, 0x1082, 0x3967, 0x18C3,
  0x18C3, 0x39E8, 0x2945, 0x2965, 0x18E3, 0x39C7, 0x2124, 0x2104, 0x18C3, 0x1082, 0x39C7, 0x39C7,
  0x3187, 0x4A4A, 0x2125, 0x18C3, 0x41E8, 0x2945, 0x2946, 0x3167, 0x20C4, 0x0842, 0x39C7, 0x39E7,
  0x39C7, 0x3186, 0x2945, 0x18E3, 0x18C3, 0x39C7, 0x3186, 0x2144, 0x2945, 0x2124, 0x31A6, 0x2104,
  0x2965, 0x39C7, 0x31A6, 0x18C3, 0x4208, 0x0841, 0x0841, 0x0020, 0x0000, 0x0000, 0x0020, 0x0000,
  0x0000, 0x0000, 0x0000, 0x0000, 0x0000, 0x0000, 0x0000, 0x0000, 0x0000, 0x0000, 0x0000, 0x0000,
  0x0000, 0x0000, 0x0000, 0x0000, 0x0000, 0x0000, 0x0000, 0x0000, 0x0000, 0x0000, 0x0000, 0x0000,
  0x0000, 0x0000, 0x0000, 0x0000, 0x0000, 0x0000, 0x0000, 0x0000, 0x0000, 0x0000, 0x0000, 0x0000,
  0x0000, 0x0000, 0x0000, 0x0000, 0x0000, 0x0000, 0x0000, 0x0000, 0x0000, 0x0000, 0x0000, 0x0000,
  0x0000, 0x0000, 0x0000, 0x0000, 0x0000, 0x0000, 0x0000, 0x0000, 0x0000, 0x0000, 0x0000, 0x0000,
  0x0000, 0x0000, 0x0000, 0x0000, 0x0000, 0x0000, 0x0000, 0x0000, 0x0000, 0x0000, 0x0000, 0x0000,
  0x0000, 0x0000, 0x0000, 0x0000, 0x0000, 0x0000, 0x0000, 0x0000, 0x0000, 0x0000, 0x0000, 0x0000,
  0x0000, 0x0000, 0x0000, 0x0000, 0x0000, 0x0000, 0x0000, 0x0000, 0x0000, 0x0000, 0x0000, 0x0000,
  0x0000, 0x0000, 0x0000, 0x0000, 0x0000, 0x0000, 0x0000, 0x0000, 0x0000, 0x0000, 0x0000, 0x0000,
  0x0000, 0x0000, 0x0000, 0x0000, 0x0000, 0x0000, 0x0000, 0x0000, 0x0000, 0x0000, 0x0000, 0x0000,
  0x0000, 0x0000, 0x0000, 0x0000, 0x0000, 0x0000, 0x0000, 0x0000, 0x0000, 0x0000, 0x0000, 0x0000,
  0x0000, 0x0000, 0x0000, 0x0000, 0x0000, 0x0000, 0x0000, 0x0000, 0x0000, 0x0000, 0x0000, 0x0000,
  0x0000, 0x0000, 0x0000, 0x0000, 0x0000, 0x0861, 0x18E3, 0x18C3, 0x2124, 0x39E7, 0x3186, 0x10A2,
  0x2965, 0x2945, 0x31A6, 0x2965, 0x1082, 0x2104, 0x1082, 0x39E7, 0x2124, 0x2104, 0x31A6, 0x39E7,
  0x4208, 0x2124, 0x2945, 0x3186, 0x2124, 0x1082, 0x31A7, 0x3186, 0x2945, 0x2124, 0x2124, 0x3186,
  0x2965, 0x2945, 0x2945, 0x4208, 0x39E7, 0x10A3, 0x1082, 0x2105, 0x1084, 0x2105, 0x18A6, 0x1085,
  0x18A3, 0x18C4, 0x18C3, 0x10A3, 0x41E9, 0x2104, 0x20E5, 0x1884, 0x18C3, 0x3186, 0x18C4, 0x1082,
  0x2125, 0x2125, 0x1082, 0x18A3, 0x20E5, 0x18A3, 0x41A8, 0x3186, 0x3186, 0x39C7, 0x31A6, 0x2945,
  0x2966, 0x2965, 0x4228, 0x2965, 0x2965, 0x10A2, 0x10A2, 0x10A3, 0x18A3, 0x18E3, 0x18C3, 0x1082,
  0x1082, 0x3186, 0x3166, 0x3186, 0x2966, 0x2104, 0x2965, 0x10A3, 0x3186, 0x2965, 0x39C7, 0x31A6,
  0x2945, 0x39C7, 0x2124, 0x39C7, 0x18C3, 0x2945, 0x31A6, 0x2124, 0x2945, 0x39C7, 0x4A49, 0x0841,
  0x0000, 0x0000, 0x0000, 0x0000, 0x0000, 0x0000, 0x0000, 0x0000, 0x0000, 0x0000, 0x0000, 0x0000,
  0x0000, 0x0000, 0x0000, 0x0000, 0x0000, 0x0000, 0x0000, 0x0000, 0x0000, 0x0000, 0x0000, 0x0000,
  0x0000, 0x0000, 0x0000, 0x0000, 0x0000, 0x0000, 0x0000, 0x0000, 0x0000, 0x0000, 0x0000, 0x0000,
  0x0000, 0x0000, 0x0000, 0x0000, 0x0000, 0x0000, 0x0000, 0x0000, 0x0000, 0x0000, 0x0000, 0x0000,
  0x0000, 0x0000, 0x0000, 0x0000, 0x0000, 0x0000, 0x0000, 0x0000, 0x0000, 0x0000, 0x0000, 0x0000,
  0x0000, 0x0000, 0x0000, 0x0000, 0x0000, 0x0000, 0x0000, 0x0000, 0x0000, 0x0000, 0x0000, 0x0000,
  0x0000, 0x0000, 0x0000, 0x0000, 0x0000, 0x0000, 0x0000, 0x0000, 0x0000, 0x0000, 0x0000, 0x0000,
  0x0000, 0x0000, 0x0000, 0x0000, 0x0000, 0x0000, 0x0000, 0x0000, 0x0000, 0x0000, 0x0000, 0x0000,
  0x0000, 0x0000, 0x0000, 0x0000, 0x0000, 0x0000, 0x0000, 0x0000, 0x0000, 0x0000, 0x0000, 0x0000,
  0x0000, 0x0000, 0x0000, 0x0000, 0x0000, 0x0000, 0x0000, 0x0000, 0x0000, 0x0000, 0x0000, 0x0000,
  0x0000, 0x0000, 0x0000, 0x0000, 0x0000, 0x0000, 0x0000, 0x0000, 0x0000, 0x0000, 0x0000, 0x0000,
  0x0000, 0x0000, 0x0000, 0x0000, 0x0000, 0x0000, 0x0000, 0x0000, 0x0000, 0x0000, 0x0000, 0x0000,
  0x0000, 0x0000, 0x0000, 0x0000, 0x0000, 0x0000, 0x0000, 0x0000, 0x0000, 0x0000, 0x0000, 0x0000,
  0x0000, 0x0000, 0x1082, 0x31A6, 0x2124, 0x2945, 0x31A6, 0x2945, 0x2945, 0x39C7, 0x31A6, 0x3186,
  0x2966, 0x31A6, 0x2144, 0x39C7, 0x3186, 0x2124, 0x18C3, 0x2965, 0x18E3, 0x3186, 0x39C7, 0x2945,
  0x3186, 0x31A6, 0x3186, 0x39C7, 0x18E3, 0x2104, 0x2965, 0x3186, 0x2965, 0x10A2, 0x31A6, 0x18E3,
  0x20E4, 0x31A7, 0x3166, 0x2124, 0x18A4, 0x18C4, 0x18C4, 0x20A5, 0x2925, 0x20C4, 0x18E4, 0x10A3,
  0x1082, 0x2945, 0x18C3, 0x18C3, 0x10A3, 0x18C4, 0x0841, 0x2124, 0x0881, 0x2925, 0x2104, 0x20E4,
  0x2945, 0x2104, 0x10A3, 0x3186, 0x10A3, 0x2945, 0x2966, 0x2965, 0x2965, 0x2945, 0x39C7, 0x0861,
  0x10A2, 0x18C3, 0x18E4, 0x2965, 0x4208, 0x2946, 0x3186, 0x2966, 0x1884, 0x39A7, 0x2124, 0x39E7,
  0x2945, 0x2125, 0x2945, 0x31A6, 0x31A6, 0x2124, 0x39C7, 0x31A6, 0x2124, 0x2945, 0x4228, 0x4228,
  0x39E7, 0x2124, 0x0841, 0x0000, 0x0000, 0x0000, 0x0000, 0x0000, 0x0000, 0x0000, 0x0000, 0x0000,
  0x0000, 0x0000, 0x0000, 0x0000, 0x0000, 0x0000, 0x0000, 0x0000, 0x0000, 0x0000, 0x0000, 0x0000,
  0x0000, 0x0000, 0x0000, 0x0000, 0x0000, 0x0000, 0x0000, 0x0000, 0x0000, 0x0000, 0x0000, 0x0000,
  0x0000, 0x0000, 0x0000, 0x0000, 0x0000, 0x0000, 0x0000, 0x0000, 0x0000, 0x0000, 0x0000, 0x0000,
  0x0000, 0x0000, 0x0000, 0x0000, 0x0000, 0x0000, 0x0000, 0x0000, 0x0000, 0x0000, 0x0000, 0x0000,
  0x0000, 0x0000, 0x0000, 0x0000, 0x0000, 0x0000, 0x0000, 0x0000, 0x0000, 0x0000, 0x0000, 0x0000,
  0x0000, 0x0000, 0x0000, 0x0000, 0x0000, 0x0000, 0x0000, 0x0000, 0x0000, 0x0000, 0x0000, 0x0000,
  0x0000, 0x0000, 0x0000, 0x0000, 0x0000, 0x0000, 0x0000, 0x0000, 0x0000, 0x0000, 0x0000, 0x0000,
  0x0000, 0x0000, 0x0000, 0x0000, 0x0000, 0x0000, 0x0000, 0x0000, 0x0000, 0x0000, 0x0000, 0x0000,
  0x0000, 0x0000, 0x0000, 0x0000, 0x0000, 0x0000, 0x0000, 0x0000, 0x0000, 0x0000, 0x0000, 0x0000,
  0x0000, 0x0000, 0x0000, 0x0000, 0x0000, 0x0000, 0x0000, 0x0000, 0x0020, 0x0020, 0x0000, 0x0000,
  0x0000, 0x0000, 0x0000, 0x0000, 0x0000, 0x0000, 0x0000, 0x0000, 0x0000, 0x0000, 0x0000, 0x0000,
  0x0000, 0x0000, 0x0000, 0x0000, 0x0000, 0x0000, 0x0000, 0x0000, 0x0000, 0x0000, 0x0000, 0x0000,
  0x0000, 0x0000, 0x0000, 0x0000, 0x0000, 0x0000, 0x0020, 0x0020, 0x0000, 0x0000, 0x0000, 0x10A2,
  0x4208, 0x3186, 0x39E7, 0x18E3, 0x31C6, 0x2124, 0x2945, 0x18E3, 0x2124, 0x2145, 0x10A2, 0x4208,
  0x18E3, 0x39E7, 0x2965, 0x31A6, 0x2145, 0x2945, 0x4208, 0x18E3, 0x2965, 0x31A6, 0x2965, 0x18C3,
  0x3186, 0x3186, 0x39C7, 0x2945, 0x31A6, 0x39C7, 0x39C7, 0x2124, 0x18C3, 0x41E7, 0x2104, 0x3166,
  0x18C3, 0x2124, 0x31A7, 0x2965, 0x2965, 0x3186, 0x31A6, 0x39C7, 0x1082, 0x3166, 0x2965, 0x18A3,
  0x41E8, 0x2966, 0x39E7, 0x3166, 0x2104, 0x2945, 0x10A3, 0x39C7, 0x2125, 0x2986, 0x18E4, 0x18A3,
  0x2966, 0x2965, 0x2965, 0x31A6, 0x3186, 0x39E7, 0x3186, 0x18E3, 0x2104, 0x20C4, 0x2945, 0x28E5,
  0x3166, 0x4208, 0x18E4, 0x10A2, 0x2124, 0x2104, 0x31A6, 0x3186, 0x39C7, 0x2124, 0x31A6, 0x2104,
  0x31A7, 0x2966, 0x4208, 0x3186, 0x18C3, 0x0841, 0x0841, 0x0000, 0x0000, 0x0020, 0x0020, 0x0000,
  0x0000, 0x0000, 0x0000, 0x0000, 0x0000, 0x0000, 0x0000, 0x0000, 0x0000, 0x0000, 0x0000, 0x0000,
  0x0000, 0x0000, 0x0000, 0x0000, 0x0000, 0x0000, 0x0000, 0x0000, 0x0000, 0x0000, 0x0000, 0x0000,
  0x0000, 0x0000, 0x0000, 0x0000, 0x0000, 0x0000, 0x0000, 0x0000, 0x0000, 0x0000, 0x0000, 0x0000,
  0x0000, 0x0000, 0x0000, 0x0000, 0x0000, 0x0000, 0x0000, 0x0000, 0x0000, 0x0000, 0x0000, 0x0000,
  0x0000, 0x0000, 0x0000, 0x0000, 0x0000, 0x0000, 0x0000, 0x0000, 0x0000, 0x0000, 0x0000, 0x0000,
  0x0000, 0x0000, 0x0000, 0x0000, 0x0000, 0x0000, 0x0000, 0x0000, 0x0000, 0x0000, 0x0000, 0x0000,
  0x0000, 0x0000, 0x0000, 0x0000, 0x0000, 0x0000, 0x0000, 0x0000, 0x0000, 0x0000, 0x0000, 0x0000,
  0x0000, 0x0000, 0x0000, 0x0000, 0x0000, 0x0000, 0x0000, 0x0000, 0x0000, 0x0000, 0x0000, 0x0000,
  0x0000, 0x0000, 0x0000, 0x0000, 0x0000, 0x0000, 0x0000, 0x0000, 0x0000, 0x0000, 0x0000, 0x0000,
  0x0000, 0x0000, 0x0000, 0x0000, 0x0000, 0x0000, 0x0000, 0x0000, 0x0000, 0x0000, 0x0000, 0x0000,
  0x0000, 0x0000, 0x0000, 0x0000, 0x0000, 0x0000, 0x0000, 0x0000, 0x0000, 0x0000, 0x0000, 0x0000,
  0x0000, 0x0000, 0x0000, 0x0000, 0x0000, 0x0000, 0x0000, 0x0000, 0x0000, 0x0000, 0x0000, 0x0000,
  0x0000, 0x0000, 0x0000, 0x0000, 0x0000, 0x0000, 0x0000, 0x0000, 0x0000, 0x0000, 0x0000, 0x0000,
  0x0000, 0x0000, 0x0000, 0x0020, 0x0000, 0x0000, 0x0020, 0x0020, 0x0000, 0x31A6, 0x2144, 0x2945,
  0x31A6, 0x39C7, 0x39A6, 0x3186, 0x31A6, 0x2104, 0x31A6, 0x4A69, 0x18E3, 0x18C3, 0x1082, 0x2945,
  0x3186, 0x2965, 0x31A6, 0x3186, 0x39E7, 0x31A6, 0x31A6, 0x1082, 0x18C3, 0x18C3, 0x10A2, 0x10A2,
  0x2124, 0x39C7, 0x39C7, 0x2985, 0x10A3, 0x1884, 0x18A3, 0x1883, 0x18E4, 0x2124, 0x4208, 0x1082,
  0x10A2, 0x10A2, 0x18A3, 0x1082, 0x18E3, 0x2125, 0x3186, 0x2125, 0x4228, 0x18E3, 0x39E7, 0x2965,
  0x41E8, 0x2124, 0x18E3, 0x10C2, 0x2966, 0x2104, 0x2965, 0x2104, 0x39C7, 0x31A6, 0x2104, 0x18C3,
  0x1082, 0x31A6, 0x2105, 0x20E5, 0x0000, 0x10A3, 0x39C7, 0x3166, 0x2945, 0x4208, 0x0821, 0x3186,
  0x39C7, 0x3185, 0x10A2, 0x1082, 0x18E3, 0x2965, 0x3187, 0x18C3, 0x0000, 0x18E3, 0x0841, 0x0000,
  0x0000, 0x0000, 0x0000, 0x0000, 0x0000, 0x0000, 0x0000, 0x0000, 0x0000, 0x0000, 0x0000, 0x0000,
  0x0000, 0x0000, 0x0000, 0x0000, 0x0000, 0x0000, 0x0000, 0x0000, 0x0000, 0x0000, 0x0000, 0x0000,
  0x0000, 0x0000, 0x0000, 0x0000, 0x0000, 0x0000, 0x0000, 0x0000, 0x0000, 0x0000, 0x0000, 0x0000,
  0x0000, 0x0000, 0x0000, 0x0000, 0x0000, 0x0000, 0x0000, 0x0000, 0x0000, 0x0000, 0x0000, 0x0000,
  0x0000, 0x0000, 0x0000, 0x0000, 0x0000, 0x0000, 0x0000, 0x0000, 0x0000, 0x0000, 0x0000, 0x0000,
  0x0000, 0x0000, 0x0000, 0x0000, 0x0000, 0x0000, 0x0000, 0x0000, 0x0000, 0x0000, 0x0000, 0x0000,
  0x0000, 0x0000, 0x0000, 0x0000, 0x0000, 0x0000, 0x0000, 0x0000, 0x0000, 0x0000, 0x0000, 0x0000,
  0x0000, 0x0000, 0x0000, 0x0000, 0x0000, 0x0000, 0x0000, 0x0000, 0x0000, 0x0000, 0x0000, 0x0000,
  0x0000, 0x0000, 0x0000, 0x0000, 0x0000, 0x0000, 0x0000, 0x0000, 0x0000, 0x0000, 0x0000, 0x0000,
  0x0000, 0x0000, 0x0000, 0x0000, 0x0000, 0x0000, 0x0000, 0x0000, 0x0000, 0x0000, 0x0000, 0x0000,
  0x0000, 0x0000, 0x0000, 0x0000, 0x0000, 0x0000, 0x0000, 0x0000, 0x0000, 0x0000, 0x0000, 0x0000,
  0x0000, 0x0000, 0x0000, 0x0000, 0x0000, 0x0000, 0x0000, 0x0000, 0x0000, 0x0000, 0x0000, 0x0000,
  0x0000, 0x0000, 0x0000, 0x0000, 0x0000, 0x0000, 0x0000, 0x0000, 0x0000, 0x0000, 0x0000, 0x0000,
  0x0000, 0x0000, 0x0000, 0x0000, 0x0000, 0x0000, 0x0000, 0x0000, 0x0000, 0x0000, 0x0000, 0x0000,
  0x0000, 0x0000, 0x0000, 0x0841, 0x0000, 0x0000, 0x0000, 0x0000, 0x0000, 0x0000, 0x0020, 0x0841,
  0x0000, 0x0000, 0x0000, 0x0000, 0x0000, 0x0000, 0x0000, 0x0861, 0x0000, 0x0841, 0x0000, 0x0000,
  0x0861, 0x0000, 0x0000, 0x0000, 0x0000, 0x0000, 0x0000, 0x0000, 0x0841, 0x0000, 0x0000, 0x0000,
  0x0000, 0x0000, 0x0000, 0x0000, 0x0000, 0x0000, 0x0000, 0x0000, 0x0020, 0x0020, 0x0020, 0x0841,
  0x0841, 0x0020, 0x0020, 0x0000, 0x0000, 0x0000, 0x0000, 0x0000, 0x0020, 0x0020, 0x0841, 0x0020,
  0x0841, 0x0000, 0x0000, 0x0000, 0x0000, 0x0000, 0x0000, 0x0000, 0x0000, 0x0000, 0x0000, 0x0000,
  0x0000, 0x0000, 0x0000, 0x0841, 0x0000, 0x0000, 0x0000, 0x0000, 0x0000, 0x0000, 0x0000, 0x0841,
  0x0841, 0x0020, 0x0000, 0x0000, 0x0000, 0x0000, 0x0000, 0x0000, 0x0000, 0x0000, 0x0000, 0x0000,
  0x0000, 0x0000, 0x0000, 0x0000, 0x0000, 0x0000, 0x0000, 0x0000, 0x0000, 0x0000, 0x0000, 0x0000,
  0x0000, 0x0000, 0x0000, 0x0000, 0x0000, 0x0000, 0x0000, 0x0000, 0x0000, 0x0000, 0x0000, 0x0000,
  0x0000, 0x0000, 0x0000, 0x0000, 0x0000, 0x0000, 0x0000, 0x0000, 0x0000, 0x0000, 0x0000, 0x0000,
  0x0000, 0x0000, 0x0000, 0x0000, 0x0000, 0x0000, 0x0000, 0x0000, 0x0000, 0x0000, 0x0000, 0x0000,
  0x0000, 0x0000, 0x0000, 0x0000, 0x0000, 0x0000, 0x0000, 0x0000, 0x0000, 0x0000, 0x0000, 0x0000,
  0x0000, 0x0000, 0x0000, 0x0000, 0x0000, 0x0000, 0x0000, 0x0000, 0x0000, 0x0000, 0x0000, 0x0000,
  0x0000, 0x0000, 0x0000, 0x0000, 0x0000, 0x0000, 0x0000, 0x0000, 0x0000, 0x0000, 0x0000, 0x0000,
  0x0000, 0x0000, 0x0000, 0x0000, 0x0000, 0x0000, 0x0000, 0x0000, 0x0000, 0x0000, 0x0000, 0x0000,
  0x0000, 0x0000, 0x0000, 0x0000, 0x0000, 0x0000, 0x0000, 0x0000, 0x0000, 0x0000, 0x0000, 0x0000,
  0x0000, 0x0000, 0x0000, 0x0000, 0x0000, 0x0000, 0x0000, 0x0000, 0x0000, 0x0000, 0x0000, 0x0000,
  0x0000, 0x0000, 0x0000, 0x0000, 0x0000, 0x0000, 0x0000, 0x0000, 0x0000, 0x0000, 0x0000, 0x0000,
  0x0000, 0x0000, 0x0000, 0x0000, 0x0000, 0x0000, 0x0000, 0x0000, 0x0000, 0x0000, 0x0000, 0x0000,
  0x0000, 0x0000, 0x0000, 0x0000, 0x0000, 0x0000, 0x0000, 0x0000, 0x0000, 0x0000, 0x0000, 0x0000,
  0x0000, 0x0000, 0x0000, 0x0000, 0x0000, 0x0000, 0x0000, 0x0000, 0x0000, 0x0000, 0x0000, 0x0000,
  0x0000, 0x0000, 0x0000, 0x0000, 0x0000, 0x0000, 0x0000, 0x0000, 0x0000, 0x0000, 0x0000, 0x0000,
  0x0000, 0x0000, 0x0000, 0x0000, 0x0000, 0x0000, 0x0000, 0x0000, 0x0000, 0x0000, 0x0000, 0x0000,
  0x0000, 0x0000, 0x0000, 0x0000, 0x0000, 0x0000, 0x0000, 0x0000, 0x0000, 0x0000, 0x0000, 0x0000,
  0x0000, 0x0000, 0x0000, 0x0000, 0x0000, 0x0000, 0x0000, 0x0000, 0x0000, 0x0000, 0x0000, 0x0000,
  0x0000, 0x0000, 0x0000, 0x0000, 0x0000, 0x0000, 0x0000, 0x0000, 0x0000, 0x0000, 0x0000, 0x0000,
  0x0000, 0x0000, 0x0000, 0x0000, 0x0000, 0x0000, 0x0000, 0x0000, 0x0000, 0x0000, 0x0000, 0x0000,
  0x0000, 0x0000, 0x0000, 0x0000, 0x0000, 0x0000, 0x0000, 0x0000, 0x0000, 0x0000, 0x0000, 0x0000,
  0x0000, 0x0000, 0x0000, 0x0000, 0x0000, 0x0000, 0x0000, 0x0000, 0x0000, 0x0000, 0x0000, 0x0000,
  0x0000, 0x0000, 0x0000, 0x0000, 0x0000, 0x0000, 0x0000, 0x0000, 0x0000, 0x0000, 0x0000, 0x0000,
  0x0000, 0x0000, 0x0000, 0x0000, 0x0000, 0x0000, 0x0000, 0x0000, 0x0000, 0x0000, 0x0000, 0x0000,
  0x0000, 0x0000, 0x0000, 0x0000, 0x0000, 0x0000, 0x0000, 0x0000, 0x0000, 0x0000, 0x0000, 0x0000,
  0x0000, 0x0000, 0x0000, 0x0000, 0x0000, 0x0000, 0x0000, 0x0000, 0x0000, 0x0000, 0x0000, 0x0000,
  0x0000, 0x0000, 0x0000, 0x0000, 0x0000, 0x0000, 0x0000, 0x0000, 0x0000, 0x0000, 0x0000, 0x0000,
  0x0000, 0x0000, 0x0000, 0x0000, 0x0000, 0x0000, 0x0000, 0x0000, 0x0000, 0x0000, 0x0000, 0x0000,
  0x0000, 0x0000, 0x0000, 0x0000, 0x0000, 0x0000, 0x0000, 0x0000, 0x0000, 0x0000, 0x0000, 0x0000,
  0x0000, 0x0000, 0x0000, 0x0000, 0x0000, 0x0000, 0x0000, 0x0000, 0x0000, 0x0000, 0x0000, 0x0000,
  0x0000, 0x0000, 0x0000, 0x0000, 0x0000, 0x0000, 0x0000, 0x0000, 0x0000, 0x0000, 0x0000, 0x0000,
  0x0000, 0x0000, 0x0000, 0x0000, 0x0000, 0x0000, 0x0000, 0x0000, 0x0000, 0x0000, 0x0000, 0x0000,
  0x0000, 0x0000, 0x0000, 0x0000, 0x0000, 0x0000, 0x0000, 0x0000, 0x0000, 0x0000, 0x0000, 0x0000,
  0x0000, 0x0000, 0x0000, 0x0000, 0x0000, 0x0000, 0x0000, 0x0000, 0x0000, 0x0000, 0x0000, 0x0000,
  0x0000, 0x0000, 0x0000, 0x0000, 0x0000, 0x0000, 0x0000, 0x0000, 0x0000, 0x0000, 0x0000, 0x0000,
  0x0000, 0x0000, 0x0000, 0x0000, 0x0000, 0x0000, 0x0000, 0x0000, 0x0000, 0x0000, 0x0000, 0x0000,
  0x0000, 0x0000, 0x0000, 0x0000, 0x0000, 0x0000, 0x0000, 0x0000, 0x0000, 0x0000, 0x0000, 0x0000,
  0x0000, 0x0000, 0x0000, 0x0000, 0x0000, 0x0000, 0x0000, 0x0000, 0x0000, 0x0000, 0x0000, 0x0000,
  0x0000, 0x0000, 0x0000, 0x0000, 0x0000, 0x0000, 0x0000, 0x0000, 0x0000, 0x0000, 0x0000, 0x0000,
  0x0000, 0x0000, 0x0000, 0x0000, 0x0000, 0x0000, 0x0000, 0x0000, 0x0000, 0x0000, 0x0000, 0x0000,
  0x0000, 0x0000, 0x0000, 0x0000, 0x0000, 0x0000, 0x0000, 0x0000, 0x0000, 0x0000, 0x0000, 0x0000,
  0x0000, 0x0000, 0x0000, 0x0000, 0x0000, 0x0000, 0x0000, 0x0000, 0x0000, 0x0000, 0x0000, 0x0000,
  0x0000, 0x0000, 0x0000, 0x0000, 0x0000, 0x0000, 0x0000, 0x0000, 0x0000, 0x0000, 0x0000, 0x0000,
  0x0000, 0x0000, 0x0000, 0x0000, 0x0000, 0x0000, 0x0000, 0x0000, 0x0000, 0x0000, 0x0000, 0x0000,
  0x0000, 0x0000, 0x0000, 0x0000, 0x0000, 0x0000, 0x0000, 0x0000, 0x0000, 0x0000, 0x0000, 0x0000,
  0x0000, 0x0000, 0x0000, 0x0000, 0x0000, 0x0000, 0x0000, 0x0000, 0x0000, 0x0000, 0x0000, 0x0000,
  0x0000, 0x0000, 0x0000, 0x0000, 0x0000, 0x0000, 0x0000, 0x0000, 0x0000, 0x0000, 0x0000, 0x0000,
  0x0000, 0x0000, 0x0000, 0x0000, 0x0000, 0x0000, 0x0000, 0x0000, 0x0000, 0x0000, 0x0000, 0x0000,
  0x0000, 0x0000, 0x0000, 0x0000, 0x0000, 0x0000, 0x0000, 0x0000, 0x0000, 0x0000, 0x0000, 0x0000,
  0x0000, 0x0000, 0x0000, 0x0000, 0x0000, 0x0000, 0x0000, 0x0000, 0x0000, 0x0000, 0x0000, 0x0000,
  0x0000, 0x0000, 0x0000, 0x0000, 0x0000, 0x0000, 0x0000, 0x0000, 0x0000, 0x0000, 0x0000, 0x0000,
  0x0000, 0x0000, 0x0000, 0x0000, 0x0000, 0x0000, 0x0000, 0x0000, 0x0000, 0x0000, 0x0000, 0x0000,
  0x0000, 0x0000, 0x0000, 0x0000, 0x0000, 0x0000, 0x0000, 0x0000, 0x0000, 0x0000, 0x0000, 0x0000,
  0x0000, 0x0000, 0x0000, 0x0000, 0x0000, 0x0000, 0x0000, 0x0000, 0x0000, 0x0000, 0x0000, 0x0000,
  0x0000, 0x0000, 0x0000, 0x0000, 0x0000, 0x0000, 0x0000, 0x0000, 0x0000, 0x0000, 0x0000, 0x0000,
  0x0000, 0x0000, 0x0000, 0x0000, 0x0000, 0x0000, 0x0000, 0x0000, 0x0000, 0x0000, 0x0000, 0x0000,
  0x0000, 0x0000, 0x0000, 0x0000, 0x0000, 0x0000, 0x0000, 0x0000, 0x0000, 0x0000, 0x0000, 0x0000,
  0x0000, 0x0000, 0x0000, 0x0000, 0x0000, 0x0000, 0x0000, 0x0000, 0x0000, 0x0000, 0x0000, 0x0000,
  0x0000, 0x0000, 0x0000, 0x0000, 0x0000, 0x0000, 0x0000, 0x0000, 0x0000, 0x0000, 0x0000, 0x0000,
  0x0000, 0x0000, 0x0000, 0x0000, 0x0000, 0x0000, 0x0000, 0x0000, 0x0000, 0x0000, 0x0000, 0x0000,
  0x0000, 0x0000, 0x0000, 0x0000, 0x0000, 0x0000, 0x0000, 0x0000, 0x0000, 0x0000, 0x0000, 0x0000,
  0x0000, 0x0000, 0x0000, 0x0000, 0x0000, 0x0000, 0x0000, 0x0000, 0x0000, 0x0000, 0x0000, 0x0000,
  0x0000, 0x0000, 0x0000, 0x0000, 0x0000, 0x0000, 0x0000, 0x0000, 0x0000, 0x0000, 0x0000, 0x0000,
  0x0000, 0x0000, 0x0000, 0x0000, 0x0000, 0x0000, 0x0000, 0x0000, 0x0000, 0x0000, 0x0000, 0x0000,
  0x0000, 0x0000, 0x0000, 0x0000, 0x0000, 0x0000, 0x0000, 0x0000, 0x0000, 0x0000, 0x0000, 0x0000,
  0x0000, 0x0000, 0x0000, 0x0000, 0x0000, 0x0000, 0x0000, 0x0000, 0x0000, 0x0000, 0x0000, 0x0000,
  0x0000, 0x0000, 0x0000, 0x0000, 0x0000, 0x0000, 0x0000, 0x0000, 0x0000, 0x0000, 0x0000, 0x0000,
  0x0000, 0x0000, 0x0000, 0x0000, 0x0000, 0x0000, 0x0000, 0x0000, 0x0000, 0x0000, 0x0000, 0x0000,
  0x0000, 0x0000, 0x0000, 0x0000, 0x0000, 0x0000, 0x0000, 0x0000, 0x0000, 0x0000, 0x0000, 0x0000,
  0x0000, 0x0000, 0x0000, 0x0000, 0x0000, 0x0000, 0x0000, 0x0000, 0x0000, 0x0000, 0x0000, 0x0000,
  0x0000, 0x0000, 0x0000, 0x0000, 0x0000, 0x0000, 0x0000, 0x0000, 0x0000, 0x0000, 0x0000, 0x0000,
};
